MIC_id,SpeciesName,SpeciesID,phylum_name_Type,genus,genus_name,family,family_name,order,order_name,class,class_name,phylum,phylum_name,kingdom,kingdom_name
MC02027,Abiotrophia defectiva,46125,Bacillota,46123,Abiotrophia,186827,Aerococcaceae,186826,Lactobacillales,91061,Bacilli,1239,Bacillota,2,Bacteria
MC02980,Abiotrophia sp.,76631,Bacillota,46123,Abiotrophia,186827,Aerococcaceae,186826,Lactobacillales,91061,Bacilli,1239,Bacillota,2,Bacteria
MC03418,Absidia sp.,1982014,Mucoromycota,4828,Absidia,4851,Cunninghamellaceae,4827,Mucorales,2212703,Mucoromycetes,1913637,Mucoromycota,4751,Fungi
MC02717,Absiella innocuum,2057237,Bacillota,2749267,Amedibacterium,128827,Erysipelotrichaceae,526525,Erysipelotrichales,526524,Erysipelotrichia,1239,Bacillota,2,Bacteria
MC02028,Absiella tortuosum,39494,Bacillota,2749267,Amedibacterium,128827,Erysipelotrichaceae,526525,Erysipelotrichales,526524,Erysipelotrichia,1239,Bacillota,2,Bacteria
MC02029,Abyssicoccus albus,1817405,Bacillota,1955413,Abyssicoccus,3076164,Abyssicoccaceae,1385,Bacillales,91061,Bacilli,1239,Bacillota,2,Bacteria
MC02030,Acetanaerobacterium elongatum,258515,Bacillota,258514,Acetanaerobacterium,216572,Oscillospiraceae,186802,Eubacteriales,186801,Clostridia,1239,Bacillota,2,Bacteria
MC03306,Acetanaerobacterium sp.,1872089,Bacillota,258514,Acetanaerobacterium,216572,Oscillospiraceae,186802,Eubacteriales,186801,Clostridia,1239,Bacillota,2,Bacteria
MC01591,Acetatifactor sp.,1872090,Bacillota,1427378,Acetatifactor,186803,Lachnospiraceae,3085636,Lachnospirales,186801,Clostridia,1239,Bacillota,2,Bacteria
MC01321,Acetivibrio clariflavus,288965,Bacillota,35829,Acetivibrio,216572,Oscillospiraceae,186802,Eubacteriales,186801,Clostridia,1239,Bacillota,2,Bacteria
MC02031,Acetivibrio ethanolgignens,290052,Bacillota,35829,Acetivibrio,216572,Oscillospiraceae,186802,Eubacteriales,186801,Clostridia,1239,Bacillota,2,Bacteria
MC01626,Acetivibrio sp.,1872092,Bacillota,35829,Acetivibrio,216572,Oscillospiraceae,186802,Eubacteriales,186801,Clostridia,1239,Bacillota,2,Bacteria
MC01151,Acetobacter sp.,440,Pseudomonadota,434,Acetobacter,433,Acetobacteraceae,204441,Rhodospirillales,28211,Alphaproteobacteria,1224,Pseudomonadota,2,Bacteria
MC03302,Acetonema sp.,1871329,Bacillota,2373,Acetonema,1843490,Sporomusaceae,909929,Selenomonadales,909932,Negativicutes,1239,Bacillota,2,Bacteria
MC03295,Acholeplasma sp.,33015,Mycoplasmatota,2147,Acholeplasma,2146,Acholeplasmataceae,186329,Acholeplasmatales,31969,Mollicutes,544448,Mycoplasmatota,2,Bacteria
MC01359,Achromobacter aegrifaciens,1287736,Pseudomonadota,222,Achromobacter,506,Alcaligenaceae,80840,Burkholderiales,28216,Betaproteobacteria,1224,Pseudomonadota,2,Bacteria
MC00514,Achromobacter denitrificans,32002,Pseudomonadota,222,Achromobacter,506,Alcaligenaceae,80840,Burkholderiales,28216,Betaproteobacteria,1224,Pseudomonadota,2,Bacteria
MC01557,Achromobacter sp.,134375,Pseudomonadota,222,Achromobacter,506,Alcaligenaceae,80840,Burkholderiales,28216,Betaproteobacteria,1224,Pseudomonadota,2,Bacteria
MC00075,Achromobacter xylosoxidans,85698,Pseudomonadota,222,Achromobacter,506,Alcaligenaceae,80840,Burkholderiales,28216,Betaproteobacteria,1224,Pseudomonadota,2,Bacteria
MC03370,Acidaminobacter sp.,1872102,Bacillota,65402,Acidaminobacter,3118653,Acidaminobacteraceae,3082720,Peptostreptococcales,186801,Clostridia,1239,Bacillota,2,Bacteria
MC00076,Acidaminococcus fermentans,905,Bacillota,904,Acidaminococcus,909930,Acidaminococcaceae,1843488,Acidaminococcales,909932,Negativicutes,1239,Bacillota,2,Bacteria
MC00077,Acidaminococcus intestini,187327,Bacillota,904,Acidaminococcus,909930,Acidaminococcaceae,1843488,Acidaminococcales,909932,Negativicutes,1239,Bacillota,2,Bacteria
MC01599,Acidaminococcus sp.,1872103,Bacillota,904,Acidaminococcus,909930,Acidaminococcaceae,1843488,Acidaminococcales,909932,Negativicutes,1239,Bacillota,2,Bacteria
MC03199,Acidibacter sp.,1978469,Pseudomonadota,1549619,Acidibacter,.,.,.,.,1236,Gammaproteobacteria,1224,Pseudomonadota,2,Bacteria
MC03012,Acidiphilium sp.,527,Pseudomonadota,522,Acidiphilium,433,Acetobacteraceae,204441,Rhodospirillales,28211,Alphaproteobacteria,1224,Pseudomonadota,2,Bacteria
MC00637,Acidipropionibacterium acidipropionici,1748,Actinomycetota,1912215,Acidipropionibacterium,31957,Propionibacteriaceae,85009,Propionibacteriales,1760,Actinomycetes,201174,Actinomycetota,2,Bacteria
MC03307,Aciditerrimonas sp.,1872117,Actinomycetota,1042325,Aciditerrimonas,84994,Acidimicrobiaceae,84993,Acidimicrobiales,84992,Acidimicrobiia,201174,Actinomycetota,2,Bacteria
MC00457,Acidithiobacillus ferrooxidans,920,Pseudomonadota,119977,Acidithiobacillus,225058,Acidithiobacillaceae,225057,Acidithiobacillales,1807140,Acidithiobacillia,1224,Pseudomonadota,2,Bacteria
MC01752,Acidobacteria bacterium SCN 69-37,1660160,Acidobacteriota,.,.,.,.,.,.,.,.,57723,Acidobacteriota,2,Bacteria
MC01751,Acidobacteria bacterium WWH111,1387462,Acidobacteriota,.,.,.,.,.,.,.,.,57723,Acidobacteriota,2,Bacteria
MC00500,Acidobacterium capsulatum,33075,Acidobacteriota,33973,Acidobacterium,204434,Acidobacteriaceae,204433,Terriglobales,204432,Terriglobia,57723,Acidobacteriota,2,Bacteria
MC03094,Acidobacterium sp.,1872119,Acidobacteriota,33973,Acidobacterium,204434,Acidobacteriaceae,204433,Terriglobales,204432,Terriglobia,57723,Acidobacteriota,2,Bacteria
MC03336,Acidocella sp.,50710,Pseudomonadota,50709,Acidocella,433,Acetobacteraceae,204441,Rhodospirillales,28211,Alphaproteobacteria,1224,Pseudomonadota,2,Bacteria
MC03111,Acidothermus sp.,1872121,Actinomycetota,28048,Acidothermus,85032,Acidothermaceae,1643683,Acidothermales,1760,Actinomycetes,201174,Actinomycetota,2,Bacteria
MC00078,Acidovorax ebreus,721785,Pseudomonadota,238749,Diaphorobacter,80864,Comamonadaceae,80840,Burkholderiales,28216,Betaproteobacteria,1224,Pseudomonadota,2,Bacteria
MC01670,Acidovorax sp.,1872122,Pseudomonadota,12916,Acidovorax,80864,Comamonadaceae,80840,Burkholderiales,28216,Betaproteobacteria,1224,Pseudomonadota,2,Bacteria
MC02033,Acinetobacter antiviralis,363192,Pseudomonadota,469,Acinetobacter,468,Moraxellaceae,2887326,Moraxellales,1236,Gammaproteobacteria,1224,Pseudomonadota,2,Bacteria
MC00073,Acinetobacter baumannii,470,Pseudomonadota,909768,Acinetobacter calcoaceticus/baumannii complex,468,Moraxellaceae,2887326,Moraxellales,1236,Gammaproteobacteria,1224,Pseudomonadota,2,Bacteria
MC02034,Acinetobacter calcoaceticus,471,Pseudomonadota,469,Acinetobacter,468,Moraxellaceae,2887326,Moraxellales,1236,Gammaproteobacteria,1224,Pseudomonadota,2,Bacteria
MC02035,Acinetobacter gerneri,202952,Pseudomonadota,469,Acinetobacter,468,Moraxellaceae,2887326,Moraxellales,1236,Gammaproteobacteria,1224,Pseudomonadota,2,Bacteria
MC02036,Acinetobacter guillouiae,106649,Pseudomonadota,469,Acinetobacter,468,Moraxellaceae,2887326,Moraxellales,1236,Gammaproteobacteria,1224,Pseudomonadota,2,Bacteria
MC01316,Acinetobacter haemolyticus,29430,Pseudomonadota,469,Acinetobacter,468,Moraxellaceae,2887326,Moraxellales,1236,Gammaproteobacteria,1224,Pseudomonadota,2,Bacteria
MC01051,Acinetobacter johnsonii,40214,Pseudomonadota,469,Acinetobacter,468,Moraxellaceae,2887326,Moraxellales,1236,Gammaproteobacteria,1224,Pseudomonadota,2,Bacteria
MC02037,Acinetobacter junii,40215,Pseudomonadota,469,Acinetobacter,468,Moraxellaceae,2887326,Moraxellales,1236,Gammaproteobacteria,1224,Pseudomonadota,2,Bacteria
MC02009,Acinetobacter lwoffii,28090,Pseudomonadota,469,Acinetobacter,468,Moraxellaceae,2887326,Moraxellales,1236,Gammaproteobacteria,1224,Pseudomonadota,2,Bacteria
MC02038,Acinetobacter radioresistens,40216,Pseudomonadota,469,Acinetobacter,468,Moraxellaceae,2887326,Moraxellales,1236,Gammaproteobacteria,1224,Pseudomonadota,2,Bacteria
MC02039,Acinetobacter rhizosphaerae,243922,Pseudomonadota,469,Acinetobacter,468,Moraxellaceae,2887326,Moraxellales,1236,Gammaproteobacteria,1224,Pseudomonadota,2,Bacteria
MC02040,Acinetobacter schindleri,108981,Pseudomonadota,469,Acinetobacter,468,Moraxellaceae,2887326,Moraxellales,1236,Gammaproteobacteria,1224,Pseudomonadota,2,Bacteria
MC00524,Acinetobacter sp.,472,Pseudomonadota,469,Acinetobacter,468,Moraxellaceae,2887326,Moraxellales,1236,Gammaproteobacteria,1224,Pseudomonadota,2,Bacteria
MC02726,Acinetobacter venetianus,52133,Pseudomonadota,469,Acinetobacter,468,Moraxellaceae,2887326,Moraxellales,1236,Gammaproteobacteria,1224,Pseudomonadota,2,Bacteria
MC03378,Acremonium sp.,2046025,Ascomycota,159075,Acremonium,.,.,5125,Hypocreales,147550,Sordariomycetes,4890,Ascomycota,4751,Fungi
MC03255,Acroconidiella sp.,644565,Ascomycota,644564,Acroconidiella,452563,Cladosporiaceae,2726946,Cladosporiales,147541,Dothideomycetes,4890,Ascomycota,451864,Dikarya
MC02041,Actinobacillus pleuropneumoniae,715,Pseudomonadota,713,Actinobacillus,712,Pasteurellaceae,135625,Pasteurellales,1236,Gammaproteobacteria,1224,Pseudomonadota,2,Bacteria
MC02042,Actinobacillus porcinus,51048,Pseudomonadota,713,Actinobacillus,712,Pasteurellaceae,135625,Pasteurellales,1236,Gammaproteobacteria,1224,Pseudomonadota,2,Bacteria
MC01646,Actinobacillus sp.,41114,Pseudomonadota,713,Actinobacillus,712,Pasteurellaceae,135625,Pasteurellales,1236,Gammaproteobacteria,1224,Pseudomonadota,2,Bacteria
MC01378,Actinobacteria cluster ACK M1,2754713,Actinomycetota,.,.,.,.,.,.,.,.,201174,Actinomycetota,2,Bacteria
MC01132,Actinobacteria incertae sedis,2754713,Actinomycetota,.,.,.,.,.,.,.,.,201174,Actinomycetota,2,Bacteria
MC02043,Actinobaculum massiliense,202789,Actinomycetota,76833,Actinobaculum,2049,Actinomycetaceae,2037,Actinomycetales,1760,Actinomycetes,201174,Actinomycetota,2,Bacteria
MC00157,Actinobaculum schaalii,59505,Actinomycetota,1653174,Actinotignum,2049,Actinomycetaceae,2037,Actinomycetales,1760,Actinomycetes,201174,Actinomycetota,2,Bacteria
MC02988,Actinobaculum sp.,1872129,Actinomycetota,76833,Actinobaculum,2049,Actinomycetaceae,2037,Actinomycetales,1760,Actinomycetes,201174,Actinomycetota,2,Bacteria
MC02044,Actinomyces dentalis,272548,Actinomycetota,1654,Actinomyces,2049,Actinomycetaceae,2037,Actinomycetales,1760,Actinomycetes,201174,Actinomycetota,2,Bacteria
MC02045,Actinomyces gerencseriae,52769,Actinomycetota,1654,Actinomyces,2049,Actinomycetaceae,2037,Actinomycetales,1760,Actinomycetes,201174,Actinomycetota,2,Bacteria
MC02046,Actinomyces graevenitzii,55565,Actinomycetota,1654,Actinomyces,2049,Actinomycetaceae,2037,Actinomycetales,1760,Actinomycetes,201174,Actinomycetota,2,Bacteria
MC00441,Actinomyces howellii,52771,Actinomycetota,1654,Actinomyces,2049,Actinomycetaceae,2037,Actinomycetales,1760,Actinomycetes,201174,Actinomycetota,2,Bacteria
MC02047,Actinomyces israelii,1659,Actinomycetota,1654,Actinomyces,2049,Actinomycetaceae,2037,Actinomycetales,1760,Actinomycetes,201174,Actinomycetota,2,Bacteria
MC02048,Actinomyces lingnae,114702,Actinomycetota,1654,Actinomyces,2049,Actinomycetaceae,2037,Actinomycetales,1760,Actinomycetes,201174,Actinomycetota,2,Bacteria
MC02049,Actinomyces massiliensis,461393,Actinomycetota,1654,Actinomyces,2049,Actinomycetaceae,2037,Actinomycetales,1760,Actinomycetes,201174,Actinomycetota,2,Bacteria
MC02050,Actinomyces naeslundii,1655,Actinomycetota,1654,Actinomyces,2049,Actinomycetaceae,2037,Actinomycetales,1760,Actinomycetes,201174,Actinomycetota,2,Bacteria
MC02051,Actinomyces oris,544580,Actinomycetota,1654,Actinomyces,2049,Actinomycetaceae,2037,Actinomycetales,1760,Actinomycetes,201174,Actinomycetota,2,Bacteria
MC02052,Actinomyces radicidentis,111015,Actinomycetota,1654,Actinomyces,2049,Actinomycetaceae,2037,Actinomycetales,1760,Actinomycetes,201174,Actinomycetota,2,Bacteria
MC00482,Actinomyces sp.,29317,Actinomycetota,1654,Actinomyces,2049,Actinomycetaceae,2037,Actinomycetales,1760,Actinomycetes,201174,Actinomycetota,2,Bacteria
MC01329,Actinomyces sp. oral taxon 170,712117,Actinomycetota,1654,Actinomyces,2049,Actinomycetaceae,2037,Actinomycetales,1760,Actinomycetes,201174,Actinomycetota,2,Bacteria
MC02053,Actinomyces sp. oral taxon 877,1227263,Actinomycetota,1654,Actinomyces,2049,Actinomycetaceae,2037,Actinomycetales,1760,Actinomycetes,201174,Actinomycetota,2,Bacteria
MC02054,Actinomyces urogenitalis,103621,Actinomycetota,1654,Actinomyces,2049,Actinomycetaceae,2037,Actinomycetales,1760,Actinomycetes,201174,Actinomycetota,2,Bacteria
MC02055,Actinomyces viscosus,1656,Actinomycetota,1654,Actinomyces,2049,Actinomycetaceae,2037,Actinomycetales,1760,Actinomycetes,201174,Actinomycetota,2,Bacteria
MC00376,Actinosynnema mirum,40567,Actinomycetota,40566,Actinosynnema,2070,Pseudonocardiaceae,85010,Pseudonocardiales,1760,Actinomycetes,201174,Actinomycetota,2,Bacteria
MC03246,Actinotalea sp.,1872145,Actinomycetota,458839,Actinotalea,85016,Cellulomonadaceae,85006,Micrococcales,1760,Actinomycetes,201174,Actinomycetota,2,Bacteria
MC02056,Adlercreutzia caecimuris,671266,Actinomycetota,447020,Adlercreutzia,1643826,Eggerthellaceae,1643822,Eggerthellales,84998,Coriobacteriia,201174,Actinomycetota,2,Bacteria
MC00275,Adlercreutzia equolifaciens,446660,Actinomycetota,447020,Adlercreutzia,1643826,Eggerthellaceae,1643822,Eggerthellales,84998,Coriobacteriia,201174,Actinomycetota,2,Bacteria
MC00028,Adlercreutzia mucosicola,580026,Actinomycetota,447020,Adlercreutzia,1643826,Eggerthellaceae,1643822,Eggerthellales,84998,Coriobacteriia,201174,Actinomycetota,2,Bacteria
MC01601,Adlercreutzia sp.,1872387,Actinomycetota,447020,Adlercreutzia,1643826,Eggerthellaceae,1643822,Eggerthellales,84998,Coriobacteriia,201174,Actinomycetota,2,Bacteria
MC01676,Advenella sp.,1872388,Pseudomonadota,290425,Advenella,506,Alcaligenaceae,80840,Burkholderiales,28216,Betaproteobacteria,1224,Pseudomonadota,2,Bacteria
MC03262,Aeribacillus sp.,1872391,Bacillota,1055323,Aeribacillus,186817,Bacillaceae,1385,Bacillales,91061,Bacilli,1239,Bacillota,2,Bacteria
MC02057,Aerococcus christensenii,87541,Bacillota,1375,Aerococcus,186827,Aerococcaceae,186826,Lactobacillales,91061,Bacilli,1239,Bacillota,2,Bacteria
MC01528,Aerococcus sp.,1872398,Bacillota,1375,Aerococcus,186827,Aerococcaceae,186826,Lactobacillales,91061,Bacilli,1239,Bacillota,2,Bacteria
MC02058,Aerococcus urinae,1376,Bacillota,1375,Aerococcus,186827,Aerococcaceae,186826,Lactobacillales,91061,Bacilli,1239,Bacillota,2,Bacteria
MC01732,Aerococcus viridans,1377,Bacillota,165779,Anaerococcus,1570339,Peptoniphilaceae,1737405,Tissierellales,1737404,Tissierellia,1239,Bacillota,2,Bacteria
MC03190,Aeromicrobium sp.,1871063,Actinomycetota,2040,Aeromicrobium,85015,Nocardioidaceae,85009,Propionibacteriales,1760,Actinomycetes,201174,Actinomycetota,2,Bacteria
MC01333,Aeromonas caviae,648,Pseudomonadota,642,Aeromonas,84642,Aeromonadaceae,135624,Aeromonadales,1236,Gammaproteobacteria,1224,Pseudomonadota,2,Bacteria
MC00410,Aeromonas hydrophila,644,Pseudomonadota,642,Aeromonas,84642,Aeromonadaceae,135624,Aeromonadales,1236,Gammaproteobacteria,1224,Pseudomonadota,2,Bacteria
MC01469,Aeromonas sp.,647,Pseudomonadota,642,Aeromonas,84642,Aeromonadaceae,135624,Aeromonadales,1236,Gammaproteobacteria,1224,Pseudomonadota,2,Bacteria
MC03093,Aestuariimicrobium sp.,1872405,Actinomycetota,396388,Aestuariimicrobium,31957,Propionibacteriaceae,85009,Propionibacteriales,1760,Actinomycetes,201174,Actinomycetota,2,Bacteria
MC01617,Aestuariispira sp.,1872406,Pseudomonadota,1647175,Aestuariispira,597359,Kiloniellaceae,204441,Rhodospirillales,28211,Alphaproteobacteria,1224,Pseudomonadota,2,Bacteria
MC03270,Afipia sp.,1871052,Pseudomonadota,1033,Afipia,41294,Nitrobacteraceae,356,Hyphomicrobiales,28211,Alphaproteobacteria,1224,Pseudomonadota,2,Bacteria
MC02786,Agaricales sp.,1756126,Basidiomycota,.,.,.,.,5338,Agaricales,155619,Agaricomycetes,5204,Basidiomycota,4751,Fungi
MC02804,Agaricomycetes sp.,1709932,Basidiomycota,.,.,.,.,.,.,155619,Agaricomycetes,5204,Basidiomycota,4751,Fungi
MC00013,Agathobacter rectalis,39491,Bacillota,1766253,Agathobacter,186803,Lachnospiraceae,3085636,Lachnospirales,186801,Clostridia,1239,Bacillota,2,Bacteria
MC00237,Agathobacter sp.,2021311,Bacillota,1766253,Agathobacter,186803,Lachnospiraceae,3085636,Lachnospirales,186801,Clostridia,1239,Bacillota,2,Bacteria
MC02012,Agathobaculum desmolans,39484,Bacillota,2048137,Agathobaculum,3085642,Butyricicoccaceae,186802,Eubacteriales,186801,Clostridia,1239,Bacillota,2,Bacteria
MC02059,Aggregatibacter actinomycetemcomitans,714,Pseudomonadota,416916,Aggregatibacter,712,Pasteurellaceae,135625,Pasteurellales,1236,Gammaproteobacteria,1224,Pseudomonadota,2,Bacteria
MC02060,Aggregatibacter aphrophilus,732,Pseudomonadota,416916,Aggregatibacter,712,Pasteurellaceae,135625,Pasteurellales,1236,Gammaproteobacteria,1224,Pseudomonadota,2,Bacteria
MC02003,Aggregatibacter segnis,739,Pseudomonadota,416916,Aggregatibacter,712,Pasteurellaceae,135625,Pasteurellales,1236,Gammaproteobacteria,1224,Pseudomonadota,2,Bacteria
MC01619,Aggregatibacter sp.,1872413,Pseudomonadota,416916,Aggregatibacter,712,Pasteurellaceae,135625,Pasteurellales,1236,Gammaproteobacteria,1224,Pseudomonadota,2,Bacteria
MC01624,Agreia sp.,1872416,Actinomycetota,110934,Agreia,85023,Microbacteriaceae,85006,Micrococcales,1760,Actinomycetes,201174,Actinomycetota,2,Bacteria
MC01584,Agrobacterium sp.,361,Pseudomonadota,357,Agrobacterium,82115,Rhizobiaceae,356,Hyphomicrobiales,28211,Alphaproteobacteria,1224,Pseudomonadota,2,Bacteria
MC01350,Agrobacterium tumefaciens,358,Pseudomonadota,1183400,Agrobacterium tumefaciens complex,82115,Rhizobiaceae,356,Hyphomicrobiales,28211,Alphaproteobacteria,1224,Pseudomonadota,2,Bacteria
MC03007,Agrococcus sp.,1872417,Actinomycetota,46352,Agrococcus,85023,Microbacteriaceae,85006,Micrococcales,1760,Actinomycetes,201174,Actinomycetota,2,Bacteria
MC00063,Akkermansia muciniphila,239935,Verrucomicrobiota,239934,Akkermansia,1647988,Akkermansiaceae,48461,Verrucomicrobiales,203494,Verrucomicrobiia,74201,Verrucomicrobiota,2,Bacteria
MC01022,Akkermansia sp.,1872421,Verrucomicrobiota,239934,Akkermansia,1647988,Akkermansiaceae,48461,Verrucomicrobiales,203494,Verrucomicrobiia,74201,Verrucomicrobiota,2,Bacteria
MC02061,Alcaligenes faecalis,511,Pseudomonadota,507,Alcaligenes,506,Alcaligenaceae,80840,Burkholderiales,28216,Betaproteobacteria,1224,Pseudomonadota,2,Bacteria
MC01153,Alcaligenes sp.,512,Pseudomonadota,507,Alcaligenes,506,Alcaligenaceae,80840,Burkholderiales,28216,Betaproteobacteria,1224,Pseudomonadota,2,Bacteria
MC01651,Alicycliphilus sp.,1872437,Pseudomonadota,201096,Alicycliphilus,80864,Comamonadaceae,80840,Burkholderiales,28216,Betaproteobacteria,1224,Pseudomonadota,2,Bacteria
MC03062,Alicyclobacillus sp.,61169,Bacillota,29330,Alicyclobacillus,186823,Alicyclobacillaceae,1385,Bacillales,91061,Bacilli,1239,Bacillota,2,Bacteria
MC01733,Aliihoeflea sp.,2608088,Pseudomonadota,610116,Aliihoeflea,69277,Phyllobacteriaceae,356,Hyphomicrobiales,28211,Alphaproteobacteria,1224,Pseudomonadota,2,Bacteria
MC03131,Alishewanella sp.,1869228,Pseudomonadota,111142,Alishewanella,72275,Alteromonadaceae,135622,Alteromonadales,1236,Gammaproteobacteria,1224,Pseudomonadota,2,Bacteria
MC00158,Alistipes finegoldii ,214856,Bacteroidota,239759,Alistipes,171550,Rikenellaceae,171549,Bacteroidales,200643,Bacteroidia,976,Bacteroidota,2,Bacteria
MC02062,Alistipes ihumii,1470347,Bacteroidota,239759,Alistipes,171550,Rikenellaceae,171549,Bacteroidales,200643,Bacteroidia,976,Bacteroidota,2,Bacteria
MC00159,Alistipes indistinctus,626932,Bacteroidota,239759,Alistipes,171550,Rikenellaceae,171549,Bacteroidales,200643,Bacteroidia,976,Bacteroidota,2,Bacteria
MC00160,Alistipes inops,1501391,Bacteroidota,239759,Alistipes,171550,Rikenellaceae,171549,Bacteroidales,200643,Bacteroidia,976,Bacteroidota,2,Bacteria
MC03469,Alistipes megaguti,2364787,Bacteroidota,.,Alistipes,171550,Rikenellaceae,171549,Bacteroidales,200643,Bacteroidia,976,Bacteroidota,2,Bacteria
MC00283,Alistipes onderdonkii,328813,Bacteroidota,239759,Alistipes,171550,Rikenellaceae,171549,Bacteroidales,200643,Bacteroidia,976,Bacteroidota,2,Bacteria
MC00137,Alistipes putredinis,28117,Bacteroidota,239759,Alistipes,171550,Rikenellaceae,171549,Bacteroidales,200643,Bacteroidia,976,Bacteroidota,2,Bacteria
MC01113,Alistipes senegalensis,1288121,Bacteroidota,239759,Alistipes,171550,Rikenellaceae,171549,Bacteroidales,200643,Bacteroidia,976,Bacteroidota,2,Bacteria
MC00161,Alistipes shahii,328814,Bacteroidota,239759,Alistipes,171550,Rikenellaceae,171549,Bacteroidales,200643,Bacteroidia,976,Bacteroidota,2,Bacteria
MC00162,Alistipes sp.,1872444,Bacteroidota,239759,Alistipes,171550,Rikenellaceae,171549,Bacteroidales,200643,Bacteroidia,976,Bacteroidota,2,Bacteria
MC01109,Alistipes sp. HGB5,908612,Bacteroidota,239759,Alistipes,171550,Rikenellaceae,171549,Bacteroidales,200643,Bacteroidia,976,Bacteroidota,2,Bacteria
MC02063,Alkalihalobacillus alcalophilus,1445,Bacillota,2675234,Alkalihalobacillus,186817,Bacillaceae,1385,Bacillales,91061,Bacilli,1239,Bacillota,2,Bacteria
MC01207,Alkaliphilus metalliredigens,208226,Bacillota,114627,Alkaliphilus,3118656,Natronincolaceae,3082720,Peptostreptococcales,186801,Clostridia,1239,Bacillota,2,Bacteria
MC01212,Alkaliphilus oremlandii,461876,Bacillota,114627,Alkaliphilus,3118656,Natronincolaceae,3082720,Peptostreptococcales,186801,Clostridia,1239,Bacillota,2,Bacteria
MC01653,alkaliphilus sp.,1872455,Bacillota,114627,Alkaliphilus,3118656,Natronincolaceae,3082720,Peptostreptococcales,186801,Clostridia,1239,Bacillota,2,Bacteria
MC01644,Alkanindiges sp.,1872459,Pseudomonadota,222991,Alkanindiges,468,Moraxellaceae,2887326,Moraxellales,1236,Gammaproteobacteria,1224,Pseudomonadota,2,Bacteria
MC00138,Allisonella histaminiformans,209880,Bacillota,209879,Allisonella,31977,Veillonellaceae,1843489,Veillonellales,909932,Negativicutes,1239,Bacillota,2,Bacteria
MC00580,Allisonella sp.,1872460,Bacillota,209879,Allisonella,31977,Veillonellaceae,1843489,Veillonellales,909932,Negativicutes,1239,Bacillota,2,Bacteria
MC00571,Allobaculum sp.,1872463,Bacillota,174708,Allobaculum,128827,Erysipelotrichaceae,526525,Erysipelotrichales,526524,Erysipelotrichia,1239,Bacillota,2,Bacteria
MC01189,Allobaculum stercoricanis,174709,Bacillota,174708,Allobaculum,128827,Erysipelotrichaceae,526525,Erysipelotrichales,526524,Erysipelotrichia,1239,Bacillota,2,Bacteria
MC03224,Alloiococcus sp.,1872467,Bacillota,1651,Alloiococcus,186828,Carnobacteriaceae,186826,Lactobacillales,91061,Bacilli,1239,Bacillota,2,Bacteria
MC02064,Alloprevotella rava,671218,Bacteroidota,1283313,Alloprevotella,171552,Prevotellaceae,171549,Bacteroidales,200643,Bacteroidia,976,Bacteroidota,2,Bacteria
MC01549,Alloprevotella sp.,1872471,Bacteroidota,1283313,Alloprevotella,171552,Prevotellaceae,171549,Bacteroidales,200643,Bacteroidia,976,Bacteroidota,2,Bacteria
MC02065,Alloprevotella sp. oral taxon 473,712469,Bacteroidota,1283313,Alloprevotella,171552,Prevotellaceae,171549,Bacteroidales,200643,Bacteroidia,976,Bacteroidota,2,Bacteria
MC00079,Alloprevotella tannerae,76122,Bacteroidota,1283313,Alloprevotella,171552,Prevotellaceae,171549,Bacteroidales,200643,Bacteroidia,976,Bacteroidota,2,Bacteria
MC01083,Alloscardovia omnicolens,419015,Actinomycetota,419014,Alloscardovia,31953,Bifidobacteriaceae,85004,Bifidobacteriales,1760,Actinomycetes,201174,Actinomycetota,2,Bacteria
MC03267,Alloscardovia sp.,1872474,Actinomycetota,419014,Alloscardovia,31953,Bifidobacteriaceae,85004,Bifidobacteriales,1760,Actinomycetes,201174,Actinomycetota,2,Bacteria
MC02066,Alternaria alternata,5599,Ascomycota,5598,Alternaria,28556,Pleosporaceae,92860,Pleosporales,147541,Dothideomycetes,4890,Ascomycota,451864,Dikarya
MC02067,Alternaria brassicicola,29001,Ascomycota,5598,Alternaria,28556,Pleosporaceae,92860,Pleosporales,147541,Dothideomycetes,4890,Ascomycota,451864,Dikarya
MC02989,Alternaria sp.,1715220,Ascomycota,5598,Alternaria,28556,Pleosporaceae,92860,Pleosporales,147541,Dothideomycetes,4890,Ascomycota,451864,Dikarya
MC02068,Alternaria tamaricis,1232605,Ascomycota,5598,Alternaria,28556,Pleosporaceae,92860,Pleosporales,147541,Dothideomycetes,4890,Ascomycota,451864,Dikarya
MC03006,Alteromonas sp.,232,Pseudomonadota,226,Alteromonas,72275,Alteromonadaceae,135622,Alteromonadales,1236,Gammaproteobacteria,1224,Pseudomonadota,2,Bacteria
MC03364,Alysiella sp.,1872483,Pseudomonadota,194195,Alysiella,481,Neisseriaceae,206351,Neisseriales,28216,Betaproteobacteria,1224,Pseudomonadota,2,Bacteria
MC03185,Amaricoccus sp.,1872485,Pseudomonadota,56999,Amaricoccus,31989,Paracoccaceae,204455,Rhodobacterales,28211,Alphaproteobacteria,1224,Pseudomonadota,2,Bacteria
MC01044,Amedibacillus dolichus,31971,Bacillota,2749846,Amedibacillus,128827,Erysipelotrichaceae,526525,Erysipelotrichales,526524,Erysipelotrichia,1239,Bacillota,2,Bacteria
MC03368,Aminobacterium sp.,1872491,Synergistota,81466,Aminobacterium,3029087,Aminobacteriaceae,649776,Synergistales,649775,Synergistia,508458,Synergistota,2,Bacteria
MC01529,Ammoniphilus sp.,1872495,Bacillota,66862,Ammoniphilus,186822,Paenibacillaceae,1385,Bacillales,91061,Bacilli,1239,Bacillota,2,Bacteria
MC01595,Amphibacillus sp.,1872500,Bacillota,29331,Amphibacillus,186817,Bacillaceae,1385,Bacillales,91061,Bacilli,1239,Bacillota,2,Bacteria
MC03050,Amphritea sp.,1872502,Pseudomonadota,515417,Amphritea,135620,Oceanospirillaceae,135619,Oceanospirillales,1236,Gammaproteobacteria,1224,Pseudomonadota,2,Bacteria
MC03036,Anabaena sp.,1167,Cyanobacteriota,1163,Anabaena,1162,Nostocaceae,1161,Nostocales,3028117,Cyanophyceae,1117,Cyanobacteriota,2,Bacteria
MC00339,Anaerobic bacterium,78352,Bacillota,.,.,.,.,.,.,.,.,1239,Bacillota,2,Bacteria
MC01188,Anaerobic Bacteroidales,171549,Bacteroidota,.,.,.,.,171549,Bacteroidales,200643,Bacteroidia,976,Bacteroidota,2,Bacteria
MC01734,Anaerobiospirillum sp.,1872510,Pseudomonadota,13334,Anaerobiospirillum,83763,Succinivibrionaceae,135624,Aeromonadales,1236,Gammaproteobacteria,1224,Pseudomonadota,2,Bacteria
MC01630,Anaerobranca sp.,1872513,Bacillota,42447,Anaerobranca,1491775,Proteinivoraceae,186802,Eubacteriales,186801,Clostridia,1239,Bacillota,2,Bacteria
MC00012,Anaerobutyricum hallii,39488,Bacillota,2569097,Anaerobutyricum,186803,Lachnospiraceae,3085636,Lachnospirales,186801,Clostridia,1239,Bacillota,2,Bacteria
MC02069,Anaerococcus degeneri,361500,Bacillota,165779,Anaerococcus,1570339,Peptoniphilaceae,1737405,Tissierellales,1737404,Tissierellia,1239,Bacillota,2,Bacteria
MC00541,Anaerococcus hydrogenalis,33029,Bacillota,165779,Anaerococcus,1570339,Peptoniphilaceae,1737405,Tissierellales,1737404,Tissierellia,1239,Bacillota,2,Bacteria
MC02070,Anaerococcus lactolyticus,33032,Bacillota,165779,Anaerococcus,1570339,Peptoniphilaceae,1737405,Tissierellales,1737404,Tissierellia,1239,Bacillota,2,Bacteria
MC02071,Anaerococcus prevotii,33034,Bacillota,165779,Anaerococcus,1570339,Peptoniphilaceae,1737405,Tissierellales,1737404,Tissierellia,1239,Bacillota,2,Bacteria
MC01525,Anaerococcus sp.,1872515,Bacillota,165779,Anaerococcus,1570339,Peptoniphilaceae,1737405,Tissierellales,1737404,Tissierellia,1239,Bacillota,2,Bacteria
MC02072,Anaerococcus tetradius,33036,Bacillota,165779,Anaerococcus,1570339,Peptoniphilaceae,1737405,Tissierellales,1737404,Tissierellia,1239,Bacillota,2,Bacteria
MC00314,Anaerococcus vaginalis,33037,Bacillota,165779,Anaerococcus,1570339,Peptoniphilaceae,1737405,Tissierellales,1737404,Tissierellia,1239,Bacillota,2,Bacteria
MC00315,Anaerocolumna jejuensis,259063,Bacillota,1843210,Anaerocolumna,186803,Lachnospiraceae,3085636,Lachnospirales,186801,Clostridia,1239,Bacillota,2,Bacteria
MC02073,Anaerocolumna xylanovorans,100134,Bacillota,1843210,Anaerocolumna,186803,Lachnospiraceae,3085636,Lachnospirales,186801,Clostridia,1239,Bacillota,2,Bacteria
MC01673,Anaerofilum sp.,1872516,Bacillota,52784,Anaerofilum,216572,Oscillospiraceae,186802,Eubacteriales,186801,Clostridia,1239,Bacillota,2,Bacteria
MC01675,Anaerofustis sp.,1872517,Bacillota,264995,Anaerofustis,186806,Eubacteriaceae,186802,Eubacteriales,186801,Clostridia,1239,Bacillota,2,Bacteria
MC02074,Anaerofustis stercorihominis,214853,Bacillota,264995,Anaerofustis,186806,Eubacteriaceae,186802,Eubacteriales,186801,Clostridia,1239,Bacillota,2,Bacteria
MC02075,Anaeroglobus geminatus,156456,Bacillota,156454,Anaeroglobus,31977,Veillonellaceae,1843489,Veillonellales,909932,Negativicutes,1239,Bacillota,2,Bacteria
MC03039,Anaeroglobus sp.,1872518,Bacillota,156454,Anaeroglobus,31977,Veillonellaceae,1843489,Veillonellales,909932,Negativicutes,1239,Bacillota,2,Bacteria
MC02076,Anaeromassilibacillus senegalensis,1673717,Bacillota,1924093,Anaeromassilibacillus,3082771,Acutalibacteraceae,186802,Eubacteriales,186801,Clostridia,1239,Bacillota,2,Bacteria
MC03049,Anaeromyxobacter sp.,1872521,Myxococcota,161492,Anaeromyxobacter,1524215,Anaeromyxobacteraceae,29,Myxococcales,32015,Myxococcia,2818505,Myxococcota,2,Bacteria
MC01588,Anaeroplasma sp.,1872523,Mycoplasmatota,2086,Anaeroplasma,186333,Anaeroplasmataceae,186332,Anaeroplasmatales,31969,Mollicutes,544448,Mycoplasmatota,2,Bacteria
MC03237,Anaerorhabdus sp.,1872524,Bacillota,118966,Anaerorhabdus,128827,Erysipelotrichaceae,526525,Erysipelotrichales,526524,Erysipelotrichia,1239,Bacillota,2,Bacteria
MC03160,Anaerosporobacter sp.,1872529,Bacillota,653683,Anaerosporobacter,186803,Lachnospiraceae,3085636,Lachnospirales,186801,Clostridia,1239,Bacillota,2,Bacteria
MC00351,Anaerostipes caccae,105841,Bacillota,207244,Anaerostipes,186803,Lachnospiraceae,3085636,Lachnospirales,186801,Clostridia,1239,Bacillota,2,Bacteria
MC00458,Anaerostipes hadrus,649756,Bacillota,207244,Anaerostipes,186803,Lachnospiraceae,3085636,Lachnospirales,186801,Clostridia,1239,Bacillota,2,Bacteria
MC00525,Anaerostipes sp.,1872530,Bacillota,207244,Anaerostipes,186803,Lachnospiraceae,3085636,Lachnospirales,186801,Clostridia,1239,Bacillota,2,Bacteria
MC00316,Anaerotignum lactatifermentans,160404,Bacillota,2039240,Anaerotignum,3118652,Anaerotignaceae,3085636,Lachnospirales,186801,Clostridia,1239,Bacillota,2,Bacteria
MC00163,Anaerotruncus colihominis,169435,Bacillota,244127,Anaerotruncus,216572,Oscillospiraceae,186802,Eubacteriales,186801,Clostridia,1239,Bacillota,2,Bacteria
MC01628,Anaerotruncus sp.,1872531,Bacillota,244127,Anaerotruncus,216572,Oscillospiraceae,186802,Eubacteriales,186801,Clostridia,1239,Bacillota,2,Bacteria
MC02077,Anaerotruncus sp. G3(2012),1235835,Bacillota,244127,Anaerotruncus,216572,Oscillospiraceae,186802,Eubacteriales,186801,Clostridia,1239,Bacillota,2,Bacteria
MC01634,Anaerovibrio sp.,1872532,Bacillota,82373,Anaerovibrio,1843491,Selenomonadaceae,909929,Selenomonadales,909932,Negativicutes,1239,Bacillota,2,Bacteria
MC03329,Anaerovorax sp.,1872534,Bacillota,109326,Anaerovorax,3030910,Anaerovoracaceae,3082720,Peptostreptococcales,186801,Clostridia,1239,Bacillota,2,Bacteria
MC02078,Anagyrus callidus,2448071,Arthropoda,272196,Anagyrus,29051,Encyrtidae,7399,Hymenoptera,50557,Insecta,6656,Arthropoda,33208,Metazoa
MC02841,Anelloviridae sp.,2055263,Unclear phylum,.,.,687329,Anelloviridae,.,.,.,.,.,.,10239,Viruses
MC03275,Aneurinibacillus sp.,1872570,Bacillota,55079,Aneurinibacillus,186822,Paenibacillaceae,1385,Bacillales,91061,Bacilli,1239,Bacillota,2,Bacteria
MC01531,Angelakisella sp.,1935177,Bacillota,1935176,Angelakisella,216572,Oscillospiraceae,186802,Eubacteriales,186801,Clostridia,1239,Bacillota,2,Bacteria
MC02079,Anoxybacillus kestanbolensis,227476,Bacillota,150247,Anoxybacillus,186817,Bacillaceae,1385,Bacillales,91061,Bacilli,1239,Bacillota,2,Bacteria
MC03254,Anoxybacillus sp.,1872573,Bacillota,150247,Anoxybacillus,186817,Bacillaceae,1385,Bacillales,91061,Bacilli,1239,Bacillota,2,Bacteria
MC03197,Antrodiella sp.,2650686,Basidiomycota,81041,Antrodiella,81059,Steccherinaceae,5303,Polyporales,155619,Agaricomycetes,5204,Basidiomycota,4751,Fungi
MC02080,Aquabacterium parvum,70584,Pseudomonadota,92793,Aquabacterium,.,.,80840,Burkholderiales,28216,Betaproteobacteria,1224,Pseudomonadota,2,Bacteria
MC03046,Aquabacterium sp.,1872578,Pseudomonadota,92793,Aquabacterium,.,.,80840,Burkholderiales,28216,Betaproteobacteria,1224,Pseudomonadota,2,Bacteria
MC03194,Aquicella sp.,452310,Pseudomonadota,254245,Aquicella,118968,Coxiellaceae,118969,Legionellales,1236,Gammaproteobacteria,1224,Pseudomonadota,2,Bacteria
MC00431,Aquifex pyrophilus,2714,Aquificota,2713,Aquifex,64898,Aquificaceae,32069,Aquificales,187857,Aquificia,200783,Aquificota,2,Bacteria
MC02081,Arachnia propionica,1750,Actinomycetota,2801844,Arachnia,31957,Propionibacteriaceae,85009,Propionibacteriales,1760,Actinomycetes,201174,Actinomycetota,2,Bacteria
MC01579,Arcanobacterium sp.,72409,Actinomycetota,28263,Arcanobacterium,2049,Actinomycetaceae,2037,Actinomycetales,1760,Actinomycetes,201174,Actinomycetota,2,Bacteria
MC01515,Arcobacter sp.,1872629,Campylobacterota,28196,Arcobacter,2808963,Arcobacteraceae,213849,Campylobacterales,3031852,Epsilonproteobacteria,29547,Campylobacterota,2,Bacteria
MC03363,Arsenicicoccus sp.,1872639,Actinomycetota,267408,Arsenicicoccus,85021,Intrasporangiaceae,85006,Micrococcales,1760,Actinomycetes,201174,Actinomycetota,2,Bacteria
MC01464,Arthrobacter sp.,1667,Actinomycetota,1663,Arthrobacter,1268,Micrococcaceae,85006,Micrococcales,1760,Actinomycetes,201174,Actinomycetota,2,Bacteria
MC01616,Arthromitus sp.,2779164,Bacillota,49082,Candidatus Arthromitus,31979,Clostridiaceae,186802,Eubacteriales,186801,Clostridia,1239,Bacillota,2,Bacteria
MC03238,Arthrospira sp.,35824,Cyanobacteriota,35823,Arthrospira,1892252,Microcoleaceae,1150,Oscillatoriales,3028117,Cyanophyceae,1117,Cyanobacteriota,2,Bacteria
MC02733,Ascomycota,4890,Ascomycota,.,.,.,.,.,.,.,.,4890,Ascomycota,4751,Fungi
MC02933,Aspergillaceae sp.,1914746,Ascomycota,.,.,1131492,Aspergillaceae,5042,Eurotiales,147545,Eurotiomycetes,4890,Ascomycota,4751,Fungi
MC02082,Aspergillus austroafricanus,1220192,Ascomycota,5052,Aspergillus,1131492,Aspergillaceae,5042,Eurotiales,147545,Eurotiomycetes,4890,Ascomycota,451864,Dikarya
MC02083,Aspergillus clavatus,5057,Ascomycota,5052,Aspergillus,1131492,Aspergillaceae,5042,Eurotiales,147545,Eurotiomycetes,4890,Ascomycota,451864,Dikarya
MC02084,Aspergillus flavus,5059,Ascomycota,5052,Aspergillus,1131492,Aspergillaceae,5042,Eurotiales,147545,Eurotiomycetes,4890,Ascomycota,451864,Dikarya
MC00048,Aspergillus fumigatus,746128,Ascomycota,2720872,Aspergillus subgen. Fumigati,1131492,Aspergillaceae,5042,Eurotiales,147545,Eurotiomycetes,4890,Ascomycota,4751,Fungi
MC02085,Aspergillus gracilis,41958,Ascomycota,5052,Aspergillus,1131492,Aspergillaceae,5042,Eurotiales,147545,Eurotiomycetes,4890,Ascomycota,451864,Dikarya
MC02086,Aspergillus niger,5061,Ascomycota,5052,Aspergillus,1131492,Aspergillaceae,5042,Eurotiales,147545,Eurotiomycetes,4890,Ascomycota,451864,Dikarya
MC02087,Aspergillus ochraceoroseus,138278,Ascomycota,5052,Aspergillus,1131492,Aspergillaceae,5042,Eurotiales,147545,Eurotiomycetes,4890,Ascomycota,451864,Dikarya
MC01171,Aspergillus oryzae,5062,Ascomycota,2720871,Aspergillus subgen. Circumdati,1131492,Aspergillaceae,5042,Eurotiales,147545,Eurotiomycetes,4890,Ascomycota,4751,Fungi
MC02088,Aspergillus penicillioides,41959,Ascomycota,5052,Aspergillus,1131492,Aspergillaceae,5042,Eurotiales,147545,Eurotiomycetes,4890,Ascomycota,451864,Dikarya
MC02089,Aspergillus rambellii,308745,Ascomycota,5052,Aspergillus,1131492,Aspergillaceae,5042,Eurotiales,147545,Eurotiomycetes,4890,Ascomycota,451864,Dikarya
MC02978,Aspergillus sp.,5065,Ascomycota,5052,Aspergillus,1131492,Aspergillaceae,5042,Eurotiales,147545,Eurotiomycetes,4890,Ascomycota,451864,Dikarya
MC02090,Aspergillus sydowii,75750,Ascomycota,5052,Aspergillus,1131492,Aspergillaceae,5042,Eurotiales,147545,Eurotiomycetes,4890,Ascomycota,451864,Dikarya
MC02091,Aspergillus versicolor,46472,Ascomycota,5052,Aspergillus,1131492,Aspergillaceae,5042,Eurotiales,147545,Eurotiomycetes,4890,Ascomycota,451864,Dikarya
MC02092,Atopobium minutum,1381,Actinomycetota,1380,Atopobium,1643824,Atopobiaceae,84999,Coriobacteriales,84998,Coriobacteriia,201174,Actinomycetota,2,Bacteria
MC01639,Atopobium sp.,1872650,Actinomycetota,1380,Atopobium,1643824,Atopobiaceae,84999,Coriobacteriales,84998,Coriobacteriia,201174,Actinomycetota,2,Bacteria
MC01638,Atopostipes sp.,1872652,Bacillota,292480,Atopostipes,186828,Carnobacteriaceae,186826,Lactobacillales,91061,Bacilli,1239,Bacillota,2,Bacteria
MC02093,Aureobasidium pullulans,5580,Ascomycota,5579,Aureobasidium,1570301,Saccotheciaceae,5014,Dothideales,147541,Dothideomycetes,4890,Ascomycota,451864,Dikarya
MC01677,Avibacterium sp.,1872665,Pseudomonadota,292486,Avibacterium,712,Pasteurellaceae,135625,Pasteurellales,1236,Gammaproteobacteria,1224,Pseudomonadota,2,Bacteria
MC00581,Azoarcus sp.,29544,Pseudomonadota,12960,Azoarcus,2008794,Zoogloeaceae,206389,Rhodocyclales,28216,Betaproteobacteria,1224,Pseudomonadota,2,Bacteria
MC03095,Azohydromonas sp.,1872666,Pseudomonadota,312063,Azohydromonas,2975441,Sphaerotilaceae,80840,Burkholderiales,28216,Betaproteobacteria,1224,Pseudomonadota,2,Bacteria
MC03349,Azonexus sp.,1872668,Pseudomonadota,146936,Azonexus,2008795,Azonexaceae,206389,Rhodocyclales,28216,Betaproteobacteria,1224,Pseudomonadota,2,Bacteria
MC02984,Azospira sp.,1872671,Pseudomonadota,146937,Azospira,75787,Rhodocyclaceae,206389,Rhodocyclales,28216,Betaproteobacteria,1224,Pseudomonadota,2,Bacteria
MC00292,Azospirillum brasilense,192,Pseudomonadota,191,Azospirillum,2829815,Azospirillaceae,204441,Rhodospirillales,28211,Alphaproteobacteria,1224,Pseudomonadota,2,Bacteria
MC03161,Azospirillum sp.,34012,Pseudomonadota,191,Azospirillum,2829815,Azospirillaceae,204441,Rhodospirillales,28211,Alphaproteobacteria,1224,Pseudomonadota,2,Bacteria
MC02825,Babesia sp.,35084,Apicomplexa,5864,Babesia,32594,Babesiidae,5863,Piroplasmida,422676,Aconoidasida,5794,Apicomplexa,2759,Eukaryota
MC00273,Bacillus anthracis,1392,Bacillota,86661,Bacillus cereus group,186817,Bacillaceae,1385,Bacillales,91061,Bacilli,1239,Bacillota,2,Bacteria
MC00505,Bacillus cereus,1396,Bacillota,86661,Bacillus cereus group,186817,Bacillaceae,1385,Bacillales,91061,Bacilli,1239,Bacillota,2,Bacteria
MC01231,Bacillus coahuilensis,408580,Bacillota,1386,Bacillus,186817,Bacillaceae,1385,Bacillales,91061,Bacilli,1239,Bacillota,2,Bacteria
MC00164,Bacillus firmus,1399,Bacillota,2675230,Cytobacillus,186817,Bacillaceae,1385,Bacillales,91061,Bacilli,1239,Bacillota,2,Bacteria
MC00165,Bacillus licheniformis,1402,Bacillota,653685,Bacillus subtilis group,186817,Bacillaceae,1385,Bacillales,91061,Bacilli,1239,Bacillota,2,Bacteria
MC00064,Bacillus megaterium,1404,Bacillota,2800373,Priestia,186817,Bacillaceae,1385,Bacillales,91061,Bacilli,1239,Bacillota,2,Bacteria
MC00293,Bacillus pumilus,1408,Bacillota,1386,Bacillus,186817,Bacillaceae,1385,Bacillales,91061,Bacilli,1239,Bacillota,2,Bacteria
MC00483,Bacillus sp.,1409,Bacillota,1386,Bacillus,186817,Bacillaceae,1385,Bacillales,91061,Bacilli,1239,Bacillota,2,Bacteria
MC00628,Bacillus sp. 46,1266601,Bacillota,1386,Bacillus,186817,Bacillaceae,1385,Bacillales,91061,Bacilli,1239,Bacillota,2,Bacteria
MC00508,Bacillus sp. 5-2,185648,Bacillota,1386,Bacillus,186817,Bacillaceae,1385,Bacillales,91061,Bacilli,1239,Bacillota,2,Bacteria
MC02094,Bacillus sp. FJAT-22090,1581038,Bacillota,1386,Bacillus,186817,Bacillaceae,1385,Bacillales,91061,Bacilli,1239,Bacillota,2,Bacteria
MC00258,Bacillus subtilis,1423,Bacillota,653685,Bacillus subtilis group,186817,Bacillaceae,1385,Bacillales,91061,Bacilli,1239,Bacillota,2,Bacteria
MC00617,Bacteria Latreille et al. 1825,629395,Arthropoda,629395,Bacteria Latreille et al. 1825,409189,Diapheromeridae,7020,Phasmatodea,50557,Insecta,6656,Arthropoda,33208,Metazoa
MC02718,Bacteriodes-Prevotella ratio,.,Bacteriodes-Prevotella ratio,.,.,.,.,.,.,.,.,.,.,.,.
MC02095,Bacterium 08.96.4,98253,Bacillota,.,.,.,.,186802,Eubacteriales,186801,Clostridia,1239,Bacillota,2,Bacteria
MC02096,Bacterium ASF500,97136,Bacillota,.,.,.,.,.,.,.,.,1239,Bacillota,2,Bacteria
MC02097,Bacterium B4C2-5,522595,Unclear phylum,.,.,.,.,.,.,.,.,.,.,2,Bacteria
MC02098,Bacterium Ba2,299078,Unclear phylum,.,.,.,.,.,.,.,.,.,.,2,Bacteria
MC02099,Bacterium C15,364927,Unclear phylum,.,.,.,.,.,.,.,.,.,.,2,Bacteria
MC00256,Bacterium DZY-HS11,424721,Unclear phylum,.,.,.,.,.,.,.,.,.,.,2,Bacteria
MC02100,Bacterium G100VIII,287820,Unclear phylum,.,.,.,.,.,.,.,.,.,.,2,Bacteria
MC01074,bacterium G23,239808,Unclear phylum,.,.,.,.,.,.,.,.,.,.,2,Bacteria
MC02101,Bacterium ic1214,330018,Unclear phylum,.,.,.,.,.,.,.,.,.,.,2,Bacteria
MC02102,Bacterium ic1258,330027,Unclear phylum,.,.,.,.,.,.,.,.,.,.,2,Bacteria
MC02103,Bacterium ic1292,330037,Unclear phylum,.,.,.,.,.,.,.,.,.,.,2,Bacteria
MC02104,Bacterium ic1296,330039,Unclear phylum,.,.,.,.,.,.,.,.,.,.,2,Bacteria
MC02105,Bacterium ic1311,330043,Unclear phylum,.,.,.,.,.,.,.,.,.,.,2,Bacteria
MC02106,Bacterium ic1391,330059,Unclear phylum,.,.,.,.,.,.,.,.,.,.,2,Bacteria
MC03468,Bacterium LF-3,1504823,Unclear phylum,.,.,.,.,.,.,.,.,.,.,2,Bacteria
MC02107,Bacterium MB7-1,379539,Unclear phylum,.,.,.,.,.,.,.,.,.,.,2,Bacteria
MC02108,Bacterium mpn-isolate group 19,157950,Unclear phylum,.,.,.,.,.,.,.,.,.,.,2,Bacteria
MC02109,Bacterium mpn-isolate group 22,157953,Unclear phylum,.,.,.,.,.,.,.,.,.,.,2,Bacteria
MC02110,Bacterium mpn-isolate group 24,157955,Unclear phylum,.,.,.,.,.,.,.,.,.,.,2,Bacteria
MC02111,Bacterium mpn-isolate group 27,157958,Unclear phylum,.,.,.,.,.,.,.,.,.,.,2,Bacteria
MC02112,Bacterium mpn-isolate group 5,157936,Unclear phylum,.,.,.,.,.,.,.,.,.,.,2,Bacteria
MC00638,bacterium MRG-IFC-1,1449386,Unclear phylum,.,.,.,.,.,.,.,.,.,.,2,Bacteria
MC00639,bacterium MRG-IFC-2,1449387,Unclear phylum,.,.,.,.,.,.,.,.,.,.,2,Bacteria
MC02113,Bacterium 'New Zealand B',292506,Unclear phylum,.,.,.,.,.,.,.,.,.,.,2,Bacteria
MC02114,Bacterium str. 31285,115998,Unclear phylum,.,.,.,.,.,.,.,.,.,.,2,Bacteria
MC02115,Bacterium YE62,254752,Unclear phylum,.,.,.,.,.,.,.,.,.,.,2,Bacteria
MC02116,Bacterium YE64,254754,Unclear phylum,.,.,.,.,.,.,.,.,.,.,2,Bacteria
MC02117,Bacteroidaceae bacterium Smarlab 3301643,269288,Bacteroidota,.,.,815,Bacteroidaceae,171549,Bacteroidales,200643,Bacteroidia,976,Bacteroidota,2,Bacteria
MC01383,Bacteroidaceae-Bifidobacteriaceae ratio,.,Bacteroidaceae-Bifidobacteriaceae ratio,.,.,.,.,.,.,.,.,.,.,.,.
MC01123,Bacteroidales bacterium,2030927,Bacteroidota,.,.,.,.,171549,Bacteroidales,200643,Bacteroidia,976,Bacteroidota,2,Bacteria
MC01364,Bacteroidales bacterium ph8,2585118,Bacteroidota,239759,Alistipes,171550,Rikenellaceae,171549,Bacteroidales,200643,Bacteroidia,976,Bacteroidota,2,Bacteria
MC01374,Bacteroidales family S7-25,185291,Bacteroidota,.,.,.,.,171549,Bacteroidales,200643,Bacteroidia,976,Bacteroidota,2,Bacteria
MC01211,Bacteroidales incertae sedis,333046,Bacteroidota,.,.,.,.,171549,Bacteroidales,200643,Bacteroidia,976,Bacteroidota,2,Bacteria
MC01375,Bacteroidales S24-7,185291,Bacteroidota,.,.,.,.,171549,Bacteroidales,200643,Bacteroidia,976,Bacteroidota,2,Bacteria
MC00276,Bacteroides acidifaciens,85831,Bacteroidota,816,Bacteroides,815,Bacteroidaceae,171549,Bacteroidales,200643,Bacteroidia,976,Bacteroidota,2,Bacteria
MC00080,Bacteroides caccae,47678,Bacteroidota,816,Bacteroides,815,Bacteroidaceae,171549,Bacteroidales,200643,Bacteroidia,976,Bacteroidota,2,Bacteria
MC00081,Bacteroides cellulosilyticus,246787,Bacteroidota,816,Bacteroides,815,Bacteroidaceae,171549,Bacteroidales,200643,Bacteroidia,976,Bacteroidota,2,Bacteria
MC00129,Bacteroides clarus,626929,Bacteroidota,816,Bacteroides,815,Bacteroidaceae,171549,Bacteroidales,200643,Bacteroidia,976,Bacteroidota,2,Bacteria
MC00082,Bacteroides eggerthii,28111,Bacteroidota,816,Bacteroides,815,Bacteroidaceae,171549,Bacteroidales,200643,Bacteroidia,976,Bacteroidota,2,Bacteria
MC02118,Bacteroides faecis,674529,Bacteroidota,816,Bacteroides,815,Bacteroidaceae,171549,Bacteroidales,200643,Bacteroidia,976,Bacteroidota,2,Bacteria
MC00526,Bacteroides finegoldii,338188,Bacteroidota,816,Bacteroides,815,Bacteroidaceae,171549,Bacteroidales,200643,Bacteroidia,976,Bacteroidota,2,Bacteria
MC00166,Bacteroides fluxus,626930,Bacteroidota,816,Bacteroides,815,Bacteroidaceae,171549,Bacteroidales,200643,Bacteroidia,976,Bacteroidota,2,Bacteria
MC00083,Bacteroides fragilis,817,Bacteroidota,816,Bacteroides,815,Bacteroidaceae,171549,Bacteroidales,200643,Bacteroidia,976,Bacteroidota,2,Bacteria
MC02119,Bacteroides galacturonicus,384639,Bacteroidota,816,Bacteroides,815,Bacteroidaceae,171549,Bacteroidales,200643,Bacteroidia,976,Bacteroidota,2,Bacteria
MC02120,Bacteroides helcogenes,290053,Bacteroidota,816,Bacteroides,815,Bacteroidaceae,171549,Bacteroidales,200643,Bacteroidia,976,Bacteroidota,2,Bacteria
MC01367,Bacteroides HQ788586,2646097,Bacteroidota,816,Bacteroides,815,Bacteroidaceae,171549,Bacteroidales,200643,Bacteroidia,976,Bacteroidota,2,Bacteria
MC00084,Bacteroides intestinalis,329854,Bacteroidota,816,Bacteroides,815,Bacteroidaceae,171549,Bacteroidales,200643,Bacteroidia,976,Bacteroidota,2,Bacteria
MC00268,Bacteroides J-37,1177470,Bacteroidota,816,Bacteroides,815,Bacteroidaceae,171549,Bacteroidales,200643,Bacteroidia,976,Bacteroidota,2,Bacteria
MC00340,Bacteroides JY-6,687213,Bacteroidota,816,Bacteroides,815,Bacteroidaceae,171549,Bacteroidales,200643,Bacteroidia,976,Bacteroidota,2,Bacteria
MC00167,Bacteroides mediterraneensis,1841856,Bacteroidota,816,Bacteroides,815,Bacteroidaceae,171549,Bacteroidales,200643,Bacteroidia,976,Bacteroidota,2,Bacteria
MC00168,Bacteroides nordii,291645,Bacteroidota,816,Bacteroides,815,Bacteroidaceae,171549,Bacteroidales,200643,Bacteroidia,976,Bacteroidota,2,Bacteria
MC00387,Bacteroides oleiciplenus,626931,Bacteroidota,816,Bacteroides,815,Bacteroidaceae,171549,Bacteroidales,200643,Bacteroidia,976,Bacteroidota,2,Bacteria
MC00085,Bacteroides ovatus,28116,Bacteroidota,816,Bacteroides,815,Bacteroidaceae,171549,Bacteroidales,200643,Bacteroidia,976,Bacteroidota,2,Bacteria
MC00542,Bacteroides pectinophilus,384638,Bacillota,.,.,.,.,186802,Eubacteriales,186801,Clostridia,1239,Bacillota,2,Bacteria
MC02121,Bacteroides pyogenes,310300,Bacteroidota,816,Bacteroides,815,Bacteroidaceae,171549,Bacteroidales,200643,Bacteroidia,976,Bacteroidota,2,Bacteria
MC02122,Bacteroides rodentium,691816,Bacteroidota,816,Bacteroides,815,Bacteroidaceae,171549,Bacteroidales,200643,Bacteroidia,976,Bacteroidota,2,Bacteria
MC00443,Bacteroides salyersiae,291644,Bacteroidota,816,Bacteroides,815,Bacteroidaceae,171549,Bacteroidales,200643,Bacteroidia,976,Bacteroidota,2,Bacteria
MC00341,Bacteroides sartorii,671267,Bacteroidota,909656,Phocaeicola,815,Bacteroidaceae,171549,Bacteroidales,200643,Bacteroidia,976,Bacteroidota,2,Bacteria
MC00010,Bacteroides sp.,29523,Bacteroidota,816,Bacteroides,815,Bacteroidaceae,171549,Bacteroidales,200643,Bacteroidia,976,Bacteroidota,2,Bacteria
MC00559,Bacteroides sp. 22C,280351,Bacteroidota,816,Bacteroides,815,Bacteroidaceae,171549,Bacteroidales,200643,Bacteroidia,976,Bacteroidota,2,Bacteria
MC02123,Bacteroides sp. 3_1_40A,469593,Bacteroidota,816,Bacteroides,815,Bacteroidaceae,171549,Bacteroidales,200643,Bacteroidia,976,Bacteroidota,2,Bacteria
MC00169,Bacteroides sp. CAG:661,1262746,Bacteroidota,816,Bacteroides,815,Bacteroidaceae,171549,Bacteroidales,200643,Bacteroidia,976,Bacteroidota,2,Bacteria
MC02124,Bacteroides sp. CJ78,188902,Bacteroidota,816,Bacteroides,815,Bacteroidaceae,171549,Bacteroidales,200643,Bacteroidia,976,Bacteroidota,2,Bacteria
MC02125,Bacteroides sp. D20,585543,Bacteroidota,816,Bacteroides,815,Bacteroidaceae,171549,Bacteroidales,200643,Bacteroidia,976,Bacteroidota,2,Bacteria
MC00623,Bacteroides sp. MANG,298389,Bacteroidota,816,Bacteroides,815,Bacteroidaceae,171549,Bacteroidales,200643,Bacteroidia,976,Bacteroidota,2,Bacteria
MC00543,Bacteroides sp. WH2,311784,Bacteroidota,816,Bacteroides,815,Bacteroidaceae,171549,Bacteroidales,200643,Bacteroidia,976,Bacteroidota,2,Bacteria
MC00086,Bacteroides stercoris,46506,Bacteroidota,816,Bacteroides,815,Bacteroidaceae,171549,Bacteroidales,200643,Bacteroidia,976,Bacteroidota,2,Bacteria
MC00087,Bacteroides thetaiotaomicron,818,Bacteroidota,816,Bacteroides,815,Bacteroidaceae,171549,Bacteroidales,200643,Bacteroidia,976,Bacteroidota,2,Bacteria
MC00088,Bacteroides uniformis,820,Bacteroidota,816,Bacteroides,815,Bacteroidaceae,171549,Bacteroidales,200643,Bacteroidia,976,Bacteroidota,2,Bacteria
MC00294,Bacteroides xylanisolvens,371601,Bacteroidota,816,Bacteroides,815,Bacteroidaceae,171549,Bacteroidales,200643,Bacteroidia,976,Bacteroidota,2,Bacteria
MC00170,Bacteroides zoogleoformans,28119,Bacteroidota,816,Bacteroides,815,Bacteroidaceae,171549,Bacteroidales,200643,Bacteroidia,976,Bacteroidota,2,Bacteria
MC02126,Bacteroides-like sp. oral clone AU126,134204,Bacteroidota,.,.,815,Bacteroidaceae,171549,Bacteroidales,200643,Bacteroidia,976,Bacteroidota,2,Bacteria
MC01735,Bacteroides-Prevotella ratio,.,Bacteroides-Prevotella ratio,.,.,.,.,.,.,.,.,.,.,.,.
MC01369,Bacteroidetes-Firmicutes ratio,.,Bacteroidetes-Firmicutes ratio,.,.,.,.,.,.,.,.,.,.,.,.
MC00338,Barnesiella intestinihominis,487174,Bacteroidota,397864,Barnesiella,2005519,Barnesiellaceae,171549,Bacteroidales,200643,Bacteroidia,976,Bacteroidota,2,Bacteria
MC01648,Barnesiella sp.,2033407,Bacteroidota,397864,Barnesiella,2005519,Barnesiellaceae,171549,Bacteroidales,200643,Bacteroidia,976,Bacteroidota,2,Bacteria
MC01217,Barnesiella viscericola,397865,Bacteroidota,397864,Barnesiella,2005519,Barnesiellaceae,171549,Bacteroidales,200643,Bacteroidia,976,Bacteroidota,2,Bacteria
MC03350,Basidioascus sp.,1907175,Basidiomycota,1230397,Basidioascus,1339694,Geminibasidiaceae,1339693,Geminibasidiales,1708517,Geminibasidiomycetes,5204,Basidiomycota,4751,Fungi
MC01765,Basidiomycota sp.,1715256,Basidiomycota,.,.,.,.,.,.,.,.,5204,Basidiomycota,4751,Fungi
MC03193,Bdellovibrio sp.,28201,Bdellovibrionota,958,Bdellovibrio,213483,Pseudobdellovibrionaceae,213481,Bdellovibrionales,3031418,Bdellovibrionia,3018035,Bdellovibrionota,2,Bacteria
MC00582,Beijerinckia sp.,38796,Pseudomonadota,532,Beijerinckia,45404,Beijerinckiaceae,356,Hyphomicrobiales,28211,Alphaproteobacteria,1224,Pseudomonadota,2,Bacteria
MC03421,Bergeriella ovata,622439,Ciliophora,758824,Bergeriella,.,.,486728,Urostylida,33829,Spirotrichea,5878,Ciliophora,2759,Eukaryota
MC03069,Bergeyella sp.,1962306,Bacteroidota,59735,Bergeyella,2762318,Weeksellaceae,200644,Flavobacteriales,117743,Flavobacteriia,976,Bacteroidota,2,Bacteria
MC02127,Bergeyella zoohelcum,1015,Bacteroidota,59735,Bergeyella,2762318,Weeksellaceae,200644,Flavobacteriales,117743,Flavobacteriia,976,Bacteroidota,2,Bacteria
MC02128,Berryella intestinalis,1531429,Actinomycetota,2815775,Berryella,1643826,Eggerthellaceae,1643822,Eggerthellales,84998,Coriobacteriia,201174,Actinomycetota,2,Bacteria
MC02833,Betabaculovirus sp.,2809186,Unclear phylum,558017,Betabaculovirus,10442,Baculoviridae,2840070,Lefavirales,2840056,Naldaviricetes,.,.,10239,Viruses
MC00356,Bifidobacterium adolescentis,1680,Actinomycetota,1678,Bifidobacterium,31953,Bifidobacteriaceae,85004,Bifidobacteriales,1760,Actinomycetes,201174,Actinomycetota,2,Bacteria
MC00377,Bifidobacterium angulatum,1683,Actinomycetota,1678,Bifidobacterium,31953,Bifidobacteriaceae,85004,Bifidobacteriales,1760,Actinomycetes,201174,Actinomycetota,2,Bacteria
MC00368,Bifidobacterium animalis,28025,Actinomycetota,1678,Bifidobacterium,31953,Bifidobacteriaceae,85004,Bifidobacteriales,1760,Actinomycetes,201174,Actinomycetota,2,Bacteria
MC00265,Bifidobacterium B-9,1981072,Actinomycetota,1678,Bifidobacterium,31953,Bifidobacteriaceae,85004,Bifidobacteriales,1760,Actinomycetes,201174,Actinomycetota,2,Bacteria
MC00053,Bifidobacterium bifidum,1681,Actinomycetota,1678,Bifidobacterium,31953,Bifidobacteriaceae,85004,Bifidobacteriales,1760,Actinomycetes,201174,Actinomycetota,2,Bacteria
MC00288,Bifidobacterium breve,1685,Actinomycetota,1678,Bifidobacterium,31953,Bifidobacteriaceae,85004,Bifidobacteriales,1760,Actinomycetes,201174,Actinomycetota,2,Bacteria
MC00398,Bifidobacterium catenulatum,1686,Actinomycetota,1678,Bifidobacterium,31953,Bifidobacteriaceae,85004,Bifidobacteriales,1760,Actinomycetes,201174,Actinomycetota,2,Bacteria
MC01135,Bifidobacterium catenulatum-Bifidobacterium pseudocatenulatum complex,.,Actinomycetota,1678,Bifidobacterium,31953,Bifidobacteriaceae,85004,Bifidobacteriales,1760,Actinomycetes,201174,Actinomycetota,2,Bacteria
MC00125,Bifidobacterium dentium,1689,Actinomycetota,1678,Bifidobacterium,31953,Bifidobacteriaceae,85004,Bifidobacteriales,1760,Actinomycetes,201174,Actinomycetota,2,Bacteria
MC01062,Bifidobacterium gallicum,78342,Actinomycetota,1678,Bifidobacterium,31953,Bifidobacteriaceae,85004,Bifidobacteriales,1760,Actinomycetes,201174,Actinomycetota,2,Bacteria
MC00017,Bifidobacterium K-506,41200,Actinomycetota,1678,Bifidobacterium,31953,Bifidobacteriaceae,85004,Bifidobacteriales,1760,Actinomycetes,201174,Actinomycetota,2,Bacteria
MC00171,Bifidobacterium longum,216816,Actinomycetota,1678,Bifidobacterium,31953,Bifidobacteriaceae,85004,Bifidobacteriales,1760,Actinomycetes,201174,Actinomycetota,2,Bacteria
MC00139,Bifidobacterium pseudocatenulatum,28026,Actinomycetota,1678,Bifidobacterium,31953,Bifidobacteriaceae,85004,Bifidobacteriales,1760,Actinomycetes,201174,Actinomycetota,2,Bacteria
MC00475,Bifidobacterium pseudolongum,1694,Actinomycetota,1678,Bifidobacterium,31953,Bifidobacteriaceae,85004,Bifidobacteriales,1760,Actinomycetes,201174,Actinomycetota,2,Bacteria
MC00348,Bifidobacterium ruminantium,78346,Actinomycetota,1678,Bifidobacterium,31953,Bifidobacteriaceae,85004,Bifidobacteriales,1760,Actinomycetes,201174,Actinomycetota,2,Bacteria
MC02129,Bifidobacterium scardovii,158787,Actinomycetota,1678,Bifidobacterium,31953,Bifidobacteriaceae,85004,Bifidobacteriales,1760,Actinomycetes,201174,Actinomycetota,2,Bacteria
MC00016,Bifidobacterium sp.,41200,Actinomycetota,1678,Bifidobacterium,31953,Bifidobacteriaceae,85004,Bifidobacteriales,1760,Actinomycetes,201174,Actinomycetota,2,Bacteria
MC02019,Bifidobacterium thermacidophilum,246618,Actinomycetota,1678,Bifidobacterium,31953,Bifidobacteriaceae,85004,Bifidobacteriales,1760,Actinomycetes,201174,Actinomycetota,2,Bacteria
MC01632,Bilophila sp.,1929485,Thermodesulfobacteriota,35832,Bilophila,194924,Desulfovibrionaceae,213115,Desulfovibrionales,3031449,Desulfovibrionia,200940,Thermodesulfobacteriota,2,Bacteria
MC00140,Bilophila wadsworthia,35833,Thermodesulfobacteriota,35832,Bilophila,194924,Desulfovibrionaceae,213115,Desulfovibrionales,3031449,Desulfovibrionia,200940,Thermodesulfobacteriota,2,Bacteria
MC02851,Bionectriaceae sp.,1907516,Ascomycota,.,.,103887,Bionectriaceae,5125,Hypocreales,147550,Sordariomycetes,4890,Ascomycota,4751,Fungi
MC03024,Bipolaris sp.,1756142,Ascomycota,33194,Bipolaris,28556,Pleosporaceae,92860,Pleosporales,147541,Dothideomycetes,4890,Ascomycota,451864,Dikarya
MC00515,Bjerkandera adusta,5331,Basidiomycota,5330,Bjerkandera,396331,Phanerochaetaceae,5303,Polyporales,155619,Agaricomycetes,5204,Basidiomycota,4751,Fungi
MC01768,Blastocladiomycota sp.,2040707,Blastocladiomycota,.,.,.,.,.,.,.,.,451459,Blastocladiomycota,4751,Fungi
MC03032,Blastococcus sp.,1873459,Actinomycetota,38501,Blastococcus,85030,Geodermatophilaceae,1643682,Geodermatophilales,1760,Actinomycetes,201174,Actinomycetota,2,Bacteria
MC02798,Blastocystis sp.,46767,Unclear phylum,12967,Blastocystis,2547934,Blastocystidae,42740,Opalinata,2683628,Bigyra,.,.,2759,Eukaryota
MC03105,Blastomonas sp.,1909299,Pseudomonadota,150203,Blastomonas,41297,Sphingomonadaceae,204457,Sphingomonadales,28211,Alphaproteobacteria,1224,Pseudomonadota,2,Bacteria
MC02131,Blautia caecimuris,1796615,Bacillota,572511,Blautia,186803,Lachnospiraceae,3085636,Lachnospirales,186801,Clostridia,1239,Bacillota,2,Bacteria
MC00558,Blautia coccoides,1532,Bacillota,572511,Blautia,186803,Lachnospiraceae,3085636,Lachnospirales,186801,Clostridia,1239,Bacillota,2,Bacteria
MC00641,Blautia faecis,871665,Bacillota,572511,Blautia,186803,Lachnospiraceae,3085636,Lachnospirales,186801,Clostridia,1239,Bacillota,2,Bacteria
MC02132,Blautia glucerasea,536633,Bacillota,572511,Blautia,186803,Lachnospiraceae,3085636,Lachnospirales,186801,Clostridia,1239,Bacillota,2,Bacteria
MC00554,Blautia hansenii,1322,Bacillota,572511,Blautia,186803,Lachnospiraceae,3085636,Lachnospirales,186801,Clostridia,1239,Bacillota,2,Bacteria
MC02133,Blautia hydrogenotrophica,53443,Bacillota,572511,Blautia,186803,Lachnospiraceae,3085636,Lachnospirales,186801,Clostridia,1239,Bacillota,2,Bacteria
MC00544,Blautia luti,89014,Bacillota,572511,Blautia,186803,Lachnospiraceae,3085636,Lachnospirales,186801,Clostridia,1239,Bacillota,2,Bacteria
MC02134,Blautia massiliensis,1737424,Bacillota,572511,Blautia,186803,Lachnospiraceae,3085636,Lachnospirales,186801,Clostridia,1239,Bacillota,2,Bacteria
MC00015,Blautia obeum,40520,Bacillota,572511,Blautia,186803,Lachnospiraceae,3085636,Lachnospirales,186801,Clostridia,1239,Bacillota,2,Bacteria
MC00420,Blautia producta,33035,Bacillota,572511,Blautia,186803,Lachnospiraceae,3085636,Lachnospirales,186801,Clostridia,1239,Bacillota,2,Bacteria
MC00476,Blautia sp.,1955243,Bacillota,572511,Blautia,186803,Lachnospiraceae,3085636,Lachnospirales,186801,Clostridia,1239,Bacillota,2,Bacteria
MC02135,Blautia sp. KLE 1732,1226324,Bacillota,572511,Blautia,186803,Lachnospiraceae,3085636,Lachnospirales,186801,Clostridia,1239,Bacillota,2,Bacteria
MC02136,Blautia wexlerae,418240,Bacillota,572511,Blautia,186803,Lachnospiraceae,3085636,Lachnospirales,186801,Clostridia,1239,Bacillota,2,Bacteria
MC02137,Blumeria graminis,34373,Ascomycota,34372,Blumeria,34371,Erysiphaceae,5120,Erysiphales,147548,Leotiomycetes,4890,Ascomycota,451864,Dikarya
MC02979,Boletus sp.,1916347,Basidiomycota,5369,Boletus,5368,Boletaceae,68889,Boletales,155619,Agaricomycetes,5204,Basidiomycota,4751,Fungi
MC03353,Bombiscardovia sp.,1249628,Actinomycetota,1159909,Bombiscardovia,31953,Bifidobacteriaceae,85004,Bifidobacteriales,1760,Actinomycetes,201174,Actinomycetota,2,Bacteria
MC03143,Bordetella sp.,28081,Pseudomonadota,517,Bordetella,506,Alcaligenaceae,80840,Burkholderiales,28216,Betaproteobacteria,1224,Pseudomonadota,2,Bacteria
MC01664,Borrelia sp.,145,Spirochaetota,138,Borrelia,1643685,Borreliaceae,136,Spirochaetales,203692,Spirochaetia,203691,Spirochaetota,2,Bacteria
MC03422,Bosea sp.,211457,Pseudomonadota,85413,Bosea,2831100,Boseaceae,356,Hyphomicrobiales,28211,Alphaproteobacteria,1224,Pseudomonadota,2,Bacteria
MC02138,Bovine rumen bacterium JPR13,415655,Unclear phylum,.,.,.,.,.,.,.,.,.,.,2,Bacteria
MC02139,Brachybacterium muris,219301,Actinomycetota,43668,Brachybacterium,85020,Dermabacteraceae,85006,Micrococcales,1760,Actinomycetes,201174,Actinomycetota,2,Bacteria
MC03076,Brachybacterium sp.,1891286,Actinomycetota,43668,Brachybacterium,85020,Dermabacteraceae,85006,Micrococcales,1760,Actinomycetes,201174,Actinomycetota,2,Bacteria
MC01326,Brachyspira pilosicoli,52584,Spirochaetota,29521,Brachyspira,143786,Brachyspiraceae,1643686,Brachyspirales,203692,Spirochaetia,203691,Spirochaetota,2,Bacteria
MC03423,Brachyspira sp.,1977261,Spirochaetota,29521,Brachyspira,143786,Brachyspiraceae,1643686,Brachyspirales,203692,Spirochaetia,203691,Spirochaetota,2,Bacteria
MC03168,Bradyrhizobium sp.,376,Pseudomonadota,374,Bradyrhizobium,41294,Nitrobacteraceae,356,Hyphomicrobiales,28211,Alphaproteobacteria,1224,Pseudomonadota,2,Bacteria
MC03204,Brenneria sp.,1945590,Pseudomonadota,71655,Brenneria,1903410,Pectobacteriaceae,91347,Enterobacterales,1236,Gammaproteobacteria,1224,Pseudomonadota,2,Bacteria
MC03366,Brevibacillus sp.,1882945,Bacillota,55080,Brevibacillus,186822,Paenibacillaceae,1385,Bacillales,91061,Bacilli,1239,Bacillota,2,Bacteria
MC01740,Brevibacillus thermoruber,33942,Bacillota,55080,Brevibacillus,186822,Paenibacillaceae,1385,Bacillales,91061,Bacilli,1239,Bacillota,2,Bacteria
MC01029,Brevundimonas diminuta,293,Pseudomonadota,41275,Brevundimonas,76892,Caulobacteraceae,204458,Caulobacterales,28211,Alphaproteobacteria,1224,Pseudomonadota,2,Bacteria
MC01543,Brevundimonas sp.,1871086,Pseudomonadota,41275,Brevundimonas,76892,Caulobacteraceae,204458,Caulobacterales,28211,Alphaproteobacteria,1224,Pseudomonadota,2,Bacteria
MC01540,Brochothrix sp.,1993875,Bacillota,2755,Brochothrix,186820,Listeriaceae,1385,Bacillales,91061,Bacilli,1239,Bacillota,2,Bacteria
MC03180,Brucella sp.,52132,Pseudomonadota,234,Brucella,118882,Brucellaceae,356,Hyphomicrobiales,28211,Alphaproteobacteria,1224,Pseudomonadota,2,Bacteria
MC03291,Bryobacter sp.,1962911,Acidobacteriota,911113,Bryobacter,1962910,Bryobacteraceae,332160,Bryobacterales,204432,Terriglobia,57723,Acidobacteriota,2,Bacteria
MC02140,Buchnera aphidicola,9,Pseudomonadota,32199,Buchnera,1903409,Erwiniaceae,91347,Enterobacterales,1236,Gammaproteobacteria,1224,Pseudomonadota,2,Bacteria
MC03424,Buchnera sp.,574037,Pseudomonadota,32199,Buchnera,1903409,Erwiniaceae,91347,Enterobacterales,1236,Gammaproteobacteria,1224,Pseudomonadota,2,Bacteria
MC02719,Bulleidia moorei,2704657,Bacillota,118747,Bulleidia,128827,Erysipelotrichaceae,526525,Erysipelotrichales,526524,Erysipelotrichia,1239,Bacillota,2,Bacteria
MC00584,Bulleidia sp.,2704657,Bacillota,118747,Bulleidia,128827,Erysipelotrichaceae,526525,Erysipelotrichales,526524,Erysipelotrichia,1239,Bacillota,2,Bacteria
MC02937,Bulleribasidiaceae sp.,2012082,Basidiomycota,.,.,1884640,Bulleribasidiaceae,5234,Tremellales,155616,Tremellomycetes,5204,Basidiomycota,4751,Fungi
MC01184,Burkholderia cenocepacia,95486,Pseudomonadota,87882,Burkholderia cepacia complex,119060,Burkholderiaceae,80840,Burkholderiales,28216,Betaproteobacteria,1224,Pseudomonadota,2,Bacteria
MC00285,Burkholderia cepacia,292,Pseudomonadota,87882,Burkholderia cepacia complex,119060,Burkholderiaceae,80840,Burkholderiales,28216,Betaproteobacteria,1224,Pseudomonadota,2,Bacteria
MC01200,Burkholderia mallei,13373,Pseudomonadota,111527,pseudomallei group,119060,Burkholderiaceae,80840,Burkholderiales,28216,Betaproteobacteria,1224,Pseudomonadota,2,Bacteria
MC00120,Burkholderia multivorans,87883,Pseudomonadota,87882,Burkholderia cepacia complex,119060,Burkholderiaceae,80840,Burkholderiales,28216,Betaproteobacteria,1224,Pseudomonadota,2,Bacteria
MC00121,Burkholderia pseudomallei,28450,Pseudomonadota,111527,pseudomallei group,119060,Burkholderiaceae,80840,Burkholderiales,28216,Betaproteobacteria,1224,Pseudomonadota,2,Bacteria
MC00585,Burkholderia sp.,36773,Pseudomonadota,32008,Burkholderia,119060,Burkholderiaceae,80840,Burkholderiales,28216,Betaproteobacteria,1224,Pseudomonadota,2,Bacteria
MC01204,Burkholderia vietnamiensis,60552,Pseudomonadota,87882,Burkholderia cepacia complex,119060,Burkholderiaceae,80840,Burkholderiales,28216,Betaproteobacteria,1224,Pseudomonadota,2,Bacteria
MC02141,Burkholderiales bacterium,1891238,Pseudomonadota,.,.,.,.,80840,Burkholderiales,28216,Betaproteobacteria,1224,Pseudomonadota,2,Bacteria
MC01090,Burkholderiales bacterium 1-1-47,469610,Pseudomonadota,.,.,.,.,80840,Burkholderiales,28216,Betaproteobacteria,1224,Pseudomonadota,2,Bacteria
MC02142,Burkholderiales bacterium Smarlab 3302047,269289,Pseudomonadota,.,.,.,.,80840,Burkholderiales,28216,Betaproteobacteria,1224,Pseudomonadota,2,Bacteria
MC02143,Buttiauxella agrestis,82977,Pseudomonadota,82976,Buttiauxella,543,Enterobacteriaceae,91347,Enterobacterales,1236,Gammaproteobacteria,1224,Pseudomonadota,2,Bacteria
MC01593,Buttiauxella sp.,1972222,Pseudomonadota,82976,Buttiauxella,543,Enterobacteriaceae,91347,Enterobacterales,1236,Gammaproteobacteria,1224,Pseudomonadota,2,Bacteria
MC01133,butyrate-producing bacterium,2811711,Unclear phylum,.,.,.,.,.,.,.,.,.,.,2,Bacteria
MC02144,Butyrate-producing bacterium ART55/1,252702,Bacillota,.,.,.,.,186802,Eubacteriales,186801,Clostridia,1239,Bacillota,2,Bacteria
MC02145,Butyrate-producing bacterium L1-810,105835,Bacillota,.,.,.,.,186802,Eubacteriales,186801,Clostridia,1239,Bacillota,2,Bacteria
MC02146,Butyrate-producing bacterium L1-952,105833,Bacillota,.,.,.,.,186802,Eubacteriales,186801,Clostridia,1239,Bacillota,2,Bacteria
MC02147,Butyrate-producing bacterium L2-50,105844,Bacillota,.,.,.,.,186802,Eubacteriales,186801,Clostridia,1239,Bacillota,2,Bacteria
MC02148,Butyrate-producing bacterium M104/1,245009,Bacillota,.,.,.,.,186802,Eubacteriales,186801,Clostridia,1239,Bacillota,2,Bacteria
MC02149,Butyrate-producing bacterium M21/2,245005,Bacillota,.,.,.,.,186802,Eubacteriales,186801,Clostridia,1239,Bacillota,2,Bacteria
MC02150,Butyrate-producing bacterium M50/1,245006,Bacillota,.,.,.,.,186802,Eubacteriales,186801,Clostridia,1239,Bacillota,2,Bacteria
MC02151,Butyrate-producing bacterium P607,340471,Unclear phylum,.,.,.,.,.,.,.,.,.,.,2,Bacteria
MC02152,Butyrate-producing bacterium PH05YB02,340475,Unclear phylum,.,.,.,.,.,.,.,.,.,.,2,Bacteria
MC02153,Butyrate-producing bacterium Ph07AY02,340478,Unclear phylum,.,.,.,.,.,.,.,.,.,.,2,Bacteria
MC02154,Butyrate-producing bacterium PH07AY3,340480,Unclear phylum,.,.,.,.,.,.,.,.,.,.,2,Bacteria
MC02155,Butyrate-producing bacterium PH07AY5,340481,Unclear phylum,.,.,.,.,.,.,.,.,.,.,2,Bacteria
MC02156,Butyrate-producing bacterium PH07BY04,340484,Unclear phylum,.,.,.,.,.,.,.,.,.,.,2,Bacteria
MC02157,Butyrate-producing bacterium SL6/1/1,245015,Bacillota,.,.,.,.,186802,Eubacteriales,186801,Clostridia,1239,Bacillota,2,Bacteria
MC02158,Butyrate-producing bacterium SM4/1,245012,Bacillota,.,.,.,.,186802,Eubacteriales,186801,Clostridia,1239,Bacillota,2,Bacteria
MC02159,Butyrate-producing bacterium SR1/1,245019,Bacillota,.,.,.,.,186802,Eubacteriales,186801,Clostridia,1239,Bacillota,2,Bacteria
MC02160,Butyrate-producing bacterium SR1/5,245020,Bacillota,.,.,.,.,186802,Eubacteriales,186801,Clostridia,1239,Bacillota,2,Bacteria
MC02161,Butyrate-producing bacterium T2-132,105837,Bacillota,.,.,.,.,186802,Eubacteriales,186801,Clostridia,1239,Bacillota,2,Bacteria
MC02162,Butyribacter intestini,1703332,Bacillota,2822463,Butyribacter,186803,Lachnospiraceae,3085636,Lachnospirales,186801,Clostridia,1239,Bacillota,2,Bacteria
MC01093,Butyricicoccus pullicaecorum,501571,Bacillota,580596,Butyricicoccus,3085642,Butyricicoccaceae,186802,Eubacteriales,186801,Clostridia,1239,Bacillota,2,Bacteria
MC00572,Butyricicoccus sp.,2049021,Bacillota,580596,Butyricicoccus,3085642,Butyricicoccaceae,186802,Eubacteriales,186801,Clostridia,1239,Bacillota,2,Bacteria
MC00240,Butyricimonas sp.,1969738,Bacteroidota,574697,Butyricimonas,1853231,Odoribacteraceae,171549,Bacteroidales,200643,Bacteroidia,976,Bacteroidota,2,Bacteria
MC00417,Butyricimonas synergistica,544644,Bacteroidota,574697,Butyricimonas,1853231,Odoribacteraceae,171549,Bacteroidales,200643,Bacteroidia,976,Bacteroidota,2,Bacteria
MC00642,Butyricimonas virosa,544645,Bacteroidota,574697,Butyricimonas,1853231,Odoribacteraceae,171549,Bacteroidales,200643,Bacteroidia,976,Bacteroidota,2,Bacteria
MC01055,Butyrivibrio crossotus,45851,Bacillota,830,Butyrivibrio,186803,Lachnospiraceae,3085636,Lachnospirales,186801,Clostridia,1239,Bacillota,2,Bacteria
MC00071,Butyrivibrio fibrisolvens,831,Bacillota,830,Butyrivibrio,186803,Lachnospiraceae,3085636,Lachnospirales,186801,Clostridia,1239,Bacillota,2,Bacteria
MC00433,Butyrivibrio proteoclasticus,43305,Bacillota,830,Butyrivibrio,186803,Lachnospiraceae,3085636,Lachnospirales,186801,Clostridia,1239,Bacillota,2,Bacteria
MC00509,Butyrivibrio sp.,28121,Bacillota,830,Butyrivibrio,186803,Lachnospiraceae,3085636,Lachnospirales,186801,Clostridia,1239,Bacillota,2,Bacteria
MC03173,Caldalkalibacillus sp.,2884580,Bacillota,379065,Caldalkalibacillus,186817,Bacillaceae,1385,Bacillales,91061,Bacilli,1239,Bacillota,2,Bacteria
MC02163,Caldibacillus thermoamylovorans,35841,Bacillota,1276290,Caldibacillus,186817,Bacillaceae,1385,Bacillales,91061,Bacilli,1239,Bacillota,2,Bacteria
MC03265,Caldithrix sp.,1962856,Calditrichota,187144,Caldithrix,1962854,Calditrichaceae,1962852,Calditrichales,1962850,Calditrichia,1930617,Calditrichota,2,Bacteria
MC00317,Caloramator coolhaasii,95159,Bacillota,44258,Caloramator,31979,Clostridiaceae,186802,Eubacteriales,186801,Clostridia,1239,Bacillota,2,Bacteria
MC01110,Caloramator mitchellensis,908809,Bacillota,44258,Caloramator,31979,Clostridiaceae,186802,Eubacteriales,186801,Clostridia,1239,Bacillota,2,Bacteria
MC01567,Caloramator sp.,1871330,Bacillota,44258,Caloramator,31979,Clostridiaceae,186802,Eubacteriales,186801,Clostridia,1239,Bacillota,2,Bacteria
MC02164,Calyptella capula,181966,Basidiomycota,139081,Calyptella,2759800,Porotheleaceae,5338,Agaricales,155619,Agaricomycetes,5204,Basidiomycota,4751,Fungi
MC00375,Campylobacter coli,195,Campylobacterota,194,Campylobacter,72294,Campylobacteraceae,213849,Campylobacterales,3031852,Epsilonproteobacteria,29547,Campylobacterota,2,Bacteria
MC00477,Campylobacter concisus,199,Campylobacterota,194,Campylobacter,72294,Campylobacteraceae,213849,Campylobacterales,3031852,Epsilonproteobacteria,29547,Campylobacterota,2,Bacteria
MC02165,Campylobacter curvus,200,Campylobacterota,194,Campylobacter,72294,Campylobacteraceae,213849,Campylobacterales,3031852,Epsilonproteobacteria,29547,Campylobacterota,2,Bacteria
MC01273,Campylobacter gracilis,824,Campylobacterota,194,Campylobacter,72294,Campylobacteraceae,213849,Campylobacterales,3031852,Epsilonproteobacteria,29547,Campylobacterota,2,Bacteria
MC01213,Campylobacter hominis,76517,Campylobacterota,194,Campylobacter,72294,Campylobacteraceae,213849,Campylobacterales,3031852,Epsilonproteobacteria,29547,Campylobacterota,2,Bacteria
MC00354,Campylobacter jejuni,197,Campylobacterota,194,Campylobacter,72294,Campylobacteraceae,213849,Campylobacterales,3031852,Epsilonproteobacteria,29547,Campylobacterota,2,Bacteria
MC02166,Campylobacter rectus,203,Campylobacterota,194,Campylobacter,72294,Campylobacteraceae,213849,Campylobacterales,3031852,Epsilonproteobacteria,29547,Campylobacterota,2,Bacteria
MC02167,Campylobacter showae,204,Campylobacterota,194,Campylobacter,72294,Campylobacteraceae,213849,Campylobacterales,3031852,Epsilonproteobacteria,29547,Campylobacterota,2,Bacteria
MC00335,Campylobacter sp.,205,Campylobacterota,194,Campylobacter,72294,Campylobacteraceae,213849,Campylobacterales,3031852,Epsilonproteobacteria,29547,Campylobacterota,2,Bacteria
MC02168,Campylobacter sp. oral taxon 044,712200,Campylobacterota,194,Campylobacter,72294,Campylobacteraceae,213849,Campylobacterales,3031852,Epsilonproteobacteria,29547,Campylobacterota,2,Bacteria
MC01041,Campylobacter upsaliensis,28080,Campylobacterota,194,Campylobacter,72294,Campylobacteraceae,213849,Campylobacterales,3031852,Epsilonproteobacteria,29547,Campylobacterota,2,Bacteria
MC02004,Campylobacter ureolyticus,827,Campylobacterota,194,Campylobacter,72294,Campylobacteraceae,213849,Campylobacterales,3031852,Epsilonproteobacteria,29547,Campylobacterota,2,Bacteria
MC01173,Candida albicans,5476,Ascomycota,5475,Candida,766764,Debaryomycetaceae,4892,Saccharomycetales,4891,Saccharomycetes,4890,Ascomycota,4751,Fungi
MC02169,Candida auris,498019,Ascomycota,2964429,Candida/Metschnikowiaceae,27319,Metschnikowiaceae,4892,Saccharomycetales,4891,Saccharomycetes,4890,Ascomycota,4751,Fungi
MC02170,Candida dubliniensis,42374,Ascomycota,5475,Candida,766764,Debaryomycetaceae,4892,Saccharomycetales,4891,Saccharomycetes,4890,Ascomycota,4751,Fungi
MC02171,Candida railenensis,45579,Ascomycota,549703,Kurtzmaniella,766764,Debaryomycetaceae,4892,Saccharomycetales,4891,Saccharomycetes,4890,Ascomycota,4751,Fungi
MC02172,Candida sake,39397,Ascomycota,412764,Spathaspora,766764,Debaryomycetaceae,4892,Saccharomycetales,4891,Saccharomycetes,4890,Ascomycota,4751,Fungi
MC02173,Candida solani,51925,Ascomycota,.,.,.,.,4892,Saccharomycetales,4891,Saccharomycetes,4890,Ascomycota,4751,Fungi
MC02174,Candida sp.,1853550,Ascomycota,.,.,.,.,4892,Saccharomycetales,4891,Saccharomycetes,4890,Ascomycota,4751,Fungi
MC02175,Candida tropicalis,5482,Ascomycota,5475,Candida,766764,Debaryomycetaceae,4892,Saccharomycetales,4891,Saccharomycetes,4890,Ascomycota,4751,Fungi
MC02730,Candidatus Absconditabacteria,221235,Candidatus Absconditabacteria,.,.,.,.,.,.,.,.,221235,Candidatus Absconditabacteria,2,Bacteria
MC01263,Candidatus Aquirestis calciphila,526863,Bacteroidota,526862,Candidatus Aquirestis,89374,Saprospiraceae,1936988,Saprospirales,1937959,Saprospiria,976,Bacteroidota,2,Bacteria
MC01180,Candidatus Arthromitus,49082,Bacillota,49082,Candidatus Arthromitus,31979,Clostridiaceae,186802,Eubacteriales,186801,Clostridia,1239,Bacillota,2,Bacteria
MC00619,Candidatus Arthromitus sp.,2779164,Bacillota,49082,Candidatus Arthromitus,31979,Clostridiaceae,186802,Eubacteriales,186801,Clostridia,1239,Bacillota,2,Bacteria
MC02176,Candidatus Azobacteroides pseudotrichonymphae,511435,Bacteroidota,511434,Candidatus Azobacteroides,.,.,171549,Bacteroidales,200643,Bacteroidia,976,Bacteroidota,2,Bacteria
MC03251,Candidatus Azobacteroides sp.,2660703,Bacteroidota,511434,Candidatus Azobacteroides,.,.,171549,Bacteroidales,200643,Bacteroidia,976,Bacteroidota,2,Bacteria
MC01393,Candidatus Blochmanniella,203804,Pseudomonadota,203804,Candidatus Blochmanniella,543,Enterobacteriaceae,91347,Enterobacterales,1236,Gammaproteobacteria,1224,Pseudomonadota,2,Bacteria
MC03374,Candidatus brocadia sp.,2172549,Planctomycetota,380240,Candidatus Brocadia,1127830,Candidatus Brocadiaceae,1127829,Candidatus Brocadiales,2517206,Candidatus Brocadiia,203682,Planctomycetota,2,Bacteria
MC01181,Candidatus Endobugula,62100,Pseudomonadota,62100,Candidatus Endobugula,1706371,Cellvibrionaceae,1706369,Cellvibrionales,1236,Gammaproteobacteria,1224,Pseudomonadota,2,Bacteria
MC03187,Candidatus Endolissoclinum sp.,2760055,Pseudomonadota,1263978,Candidatus Endolissoclinum,41295,Rhodospirillaceae,204441,Rhodospirillales,28211,Alphaproteobacteria,1224,Pseudomonadota,2,Bacteria
MC01199,Candidatus Glomeribacter,224135,Pseudomonadota,224135,Candidatus Glomeribacter,119060,Burkholderiaceae,80840,Burkholderiales,28216,Betaproteobacteria,1224,Pseudomonadota,2,Bacteria
MC02731,Candidatus Gracilibacteria,363464,Candidatus Gracilibacteria,.,.,.,.,.,.,.,.,363464,Candidatus Gracilibacteria,2,Bacteria
MC03425,Candidatus Korobacter,658061,Acidobacteriota,658061,Candidatus Korobacter,3121618,Candidatus Korobacteraceae,204433,Terriglobales,204432,Terriglobia,57723,Acidobacteriota,2,Bacteria
MC02732,Candidatus Latescibacterota,74015,Candidatus Latescibacterota,.,.,.,.,.,.,.,.,74015,Candidatus Latescibacterota,2,Bacteria
MC01363,Candidatus Melainabacteria,1798710,Candidatus Melainabacteria,.,.,.,.,.,.,.,.,1798710,Candidatus Melainabacteria,2,Bacteria
MC01754,Candidatus Muproteobacteria bacterium RIFCSPLOWO2_01_FULL_60_18,1817768,Pseudomonadota,.,.,.,.,.,.,1817795,Candidatus Muproteobacteria,1224,Pseudomonadota,2,Bacteria
MC01182,Candidatus Odyssella,84646,Pseudomonadota,84646,Candidatus Odyssella,1777752,Candidatus Paracaedibacteraceae,1921002,Holosporales,28211,Alphaproteobacteria,1224,Pseudomonadota,2,Bacteria
MC02729,Candidatus Parcubacteria,221216,Candidatus Parcubacteria,.,.,.,.,.,.,.,.,221216,Candidatus Parcubacteria,2,Bacteria
MC02177,Candidatus Portiera aleyrodidarum,91844,Pseudomonadota,235572,Candidatus Portiera,28256,Halomonadaceae,135619,Oceanospirillales,1236,Gammaproteobacteria,1224,Pseudomonadota,2,Bacteria
MC03018,Candidatus portiera sp.,1089181,Pseudomonadota,235572,Candidatus Portiera,28256,Halomonadaceae,135619,Oceanospirillales,1236,Gammaproteobacteria,1224,Pseudomonadota,2,Bacteria
MC02178,Candidatus Regiella insecticola,138073,Pseudomonadota,568988,Candidatus Regiella,543,Enterobacteriaceae,91347,Enterobacterales,1236,Gammaproteobacteria,1224,Pseudomonadota,2,Bacteria
MC03403,Candidatus Regiella sp.,1755952,Pseudomonadota,568988,Candidatus Regiella,543,Enterobacteriaceae,91347,Enterobacterales,1236,Gammaproteobacteria,1224,Pseudomonadota,2,Bacteria
MC01391,Candidatus Saccharibacteria,95818,Candidatus Saccharibacteria,.,.,.,.,.,.,.,.,95818,Candidatus Saccharibacteria,2,Bacteria
MC02179,Candidatus saccharibacteria bacterium,2026720,Candidatus Saccharibacteria,.,.,.,.,.,.,.,.,95818,Candidatus Saccharibacteria,2,Bacteria
MC01360,Candidatus Saccharimonas,1331051,Candidatus Saccharibacteria,1331051,Candidatus Saccharimonas,2171986,Candidatus Saccharimonadaceae,2093825,Candidatus Saccharimonadales,2093818,Candidatus Saccharimonadia,95818,Candidatus Saccharibacteria,2,Bacteria
MC03394,Candidatus soleaferrea sp.,2856521,Bacillota,1470353,Candidatus Soleaferrea,.,.,186802,Eubacteriales,186801,Clostridia,1239,Bacillota,2,Bacteria
MC03313,Candidatus Solibacter sp.,2068625,Acidobacteriota,332162,Candidatus Solibacter,332161,Solibacteraceae,332160,Bryobacterales,204432,Terriglobia,57723,Acidobacteriota,2,Bacteria
MC02026,Candidatus Stoquefichus massiliensis,1470350,Bacillota,1470349,Candidatus Stoquefichus,128827,Erysipelotrichaceae,526525,Erysipelotrichales,526524,Erysipelotrichia,1239,Bacillota,2,Bacteria
MC03391,Candidatus tammella sp.,2823913,Synergistota,435139,Candidatus Tammella,649777,Synergistaceae,649776,Synergistales,649775,Synergistia,508458,Synergistota,2,Bacteria
MC03402,Candidatus Tremblaya sp.,1248001,Pseudomonadota,189384,Candidatus Tremblaya,.,.,.,.,28216,Betaproteobacteria,1224,Pseudomonadota,2,Bacteria
MC02180,Capnocytophaga canimorsus,28188,Bacteroidota,1016,Capnocytophaga,49546,Flavobacteriaceae,200644,Flavobacteriales,117743,Flavobacteriia,976,Bacteroidota,2,Bacteria
MC00089,Capnocytophaga gingivalis,1017,Bacteroidota,1016,Capnocytophaga,49546,Flavobacteriaceae,200644,Flavobacteriales,117743,Flavobacteriia,976,Bacteroidota,2,Bacteria
MC00090,Capnocytophaga granulosa,45242,Bacteroidota,1016,Capnocytophaga,49546,Flavobacteriaceae,200644,Flavobacteriales,117743,Flavobacteriia,976,Bacteroidota,2,Bacteria
MC00091,Capnocytophaga haemolytica,45243,Bacteroidota,1016,Capnocytophaga,49546,Flavobacteriaceae,200644,Flavobacteriales,117743,Flavobacteriia,976,Bacteroidota,2,Bacteria
MC00092,Capnocytophaga leadbetteri,327575,Bacteroidota,1016,Capnocytophaga,49546,Flavobacteriaceae,200644,Flavobacteriales,117743,Flavobacteriia,976,Bacteroidota,2,Bacteria
MC00093,Capnocytophaga ochracea,1018,Bacteroidota,1016,Capnocytophaga,49546,Flavobacteriaceae,200644,Flavobacteriales,117743,Flavobacteriia,976,Bacteroidota,2,Bacteria
MC01155,Capnocytophaga sp.,44737,Bacteroidota,1016,Capnocytophaga,49546,Flavobacteriaceae,200644,Flavobacteriales,117743,Flavobacteriia,976,Bacteroidota,2,Bacteria
MC01104,Capnocytophaga sp. oral taxon 329,706435,Bacteroidota,1016,Capnocytophaga,49546,Flavobacteriaceae,200644,Flavobacteriales,117743,Flavobacteriia,976,Bacteroidota,2,Bacteria
MC00094,Capnocytophaga sputigena,1019,Bacteroidota,1016,Capnocytophaga,49546,Flavobacteriaceae,200644,Flavobacteriales,117743,Flavobacteriia,976,Bacteroidota,2,Bacteria
MC02870,Capnodiales sp.,1756098,Ascomycota,.,.,.,.,134362,Capnodiales,147541,Dothideomycetes,4890,Ascomycota,4751,Fungi
MC02181,Cardiobacteriaceae bacterium,2734614,Pseudomonadota,.,.,868,Cardiobacteriaceae,135615,Cardiobacteriales,1236,Gammaproteobacteria,1224,Pseudomonadota,2,Bacteria
MC02182,Cardiobacterium hominis,2718,Pseudomonadota,2717,Cardiobacterium,868,Cardiobacteriaceae,135615,Cardiobacteriales,1236,Gammaproteobacteria,1224,Pseudomonadota,2,Bacteria
MC03338,Cardiobacterium sp.,2382124,Pseudomonadota,2717,Cardiobacterium,868,Cardiobacteriaceae,135615,Cardiobacteriales,1236,Gammaproteobacteria,1224,Pseudomonadota,2,Bacteria
MC02183,Cardiobacterium valvarum,194702,Pseudomonadota,2717,Cardiobacterium,868,Cardiobacteriaceae,135615,Cardiobacteriales,1236,Gammaproteobacteria,1224,Pseudomonadota,2,Bacteria
MC02184,Carnobacterium alterfunditum,28230,Bacillota,2747,Carnobacterium,186828,Carnobacteriaceae,186826,Lactobacillales,91061,Bacilli,1239,Bacillota,2,Bacteria
MC01468,Carnobacterium sp.,48221,Bacillota,2747,Carnobacterium,186828,Carnobacteriaceae,186826,Lactobacillales,91061,Bacilli,1239,Bacillota,2,Bacteria
MC00627,Catenibacillus scindens,673271,Bacillota,2316203,Catenibacillus,186803,Lachnospiraceae,3085636,Lachnospirales,186801,Clostridia,1239,Bacillota,2,Bacteria
MC02185,Catenibacterium mitsuokai,100886,Bacillota,135858,Catenibacterium,2810280,Coprobacillaceae,526525,Erysipelotrichales,526524,Erysipelotrichia,1239,Bacillota,2,Bacteria
MC01637,Catenibacterium sp.,2049022,Bacillota,135858,Catenibacterium,2810280,Coprobacillaceae,526525,Erysipelotrichales,526524,Erysipelotrichia,1239,Bacillota,2,Bacteria
MC02187,Catonella morbi,43997,Bacillota,43996,Catonella,186803,Lachnospiraceae,3085636,Lachnospirales,186801,Clostridia,1239,Bacillota,2,Bacteria
MC03318,Catonella sp.,2382125,Bacillota,43996,Catonella,186803,Lachnospiraceae,3085636,Lachnospirales,186801,Clostridia,1239,Bacillota,2,Bacteria
MC02734,Caudoviricetes sp.,2832643,Uroviricota,.,.,.,.,.,.,2731619,Caudoviricetes,2731618,Uroviricota,2731360,Heunggongvirae
MC01661,Caulobacter sp.,78,Pseudomonadota,75,Caulobacter,76892,Caulobacteraceae,204458,Caulobacterales,28211,Alphaproteobacteria,1224,Pseudomonadota,2,Bacteria
MC03040,Cellulomonas sp.,40001,Actinomycetota,1707,Cellulomonas,85016,Cellulomonadaceae,85006,Micrococcales,1760,Actinomycetes,201174,Actinomycetota,2,Bacteria
MC01097,Cellulosibacter alkalithermophilus,630405,Bacillota,1246649,Cellulosibacter,216572,Oscillospiraceae,186802,Eubacteriales,186801,Clostridia,1239,Bacillota,2,Bacteria
MC02188,Cellulosilyticum ruminicola,425254,Bacillota,698776,Cellulosilyticum,3018741,Cellulosilyticaceae,3085636,Lachnospirales,186801,Clostridia,1239,Bacillota,2,Bacteria
MC03286,Cellulosilyticum sp.,1926876,Bacillota,698776,Cellulosilyticum,3018741,Cellulosilyticaceae,3085636,Lachnospirales,186801,Clostridia,1239,Bacillota,2,Bacteria
MC02189,Cellulosimicrobium cellulans,1710,Actinomycetota,157920,Cellulosimicrobium,85017,Promicromonosporaceae,85006,Micrococcales,1760,Actinomycetes,201174,Actinomycetota,2,Bacteria
MC03082,Cellulosimicrobium sp.,1871614,Actinomycetota,157920,Cellulosimicrobium,85017,Promicromonosporaceae,85006,Micrococcales,1760,Actinomycetes,201174,Actinomycetota,2,Bacteria
MC02190,Cellulosimicrobium sp. TH-20,1980001,Actinomycetota,157920,Cellulosimicrobium,85017,Promicromonosporaceae,85006,Micrococcales,1760,Actinomycetes,201174,Actinomycetota,2,Bacteria
MC03084,Cellvibrio sp.,1965322,Pseudomonadota,10,Cellvibrio,1706371,Cellvibrionaceae,1706369,Cellvibrionales,1236,Gammaproteobacteria,1224,Pseudomonadota,2,Bacteria
MC02191,Centipeda periodontii,82203,Bacillota,82202,Centipeda,1843491,Selenomonadaceae,909929,Selenomonadales,909932,Negativicutes,1239,Bacillota,2,Bacteria
MC03405,Centipeda sp.,794850,Bacillota,82202,Centipeda,1843491,Selenomonadaceae,909929,Selenomonadales,909932,Negativicutes,1239,Bacillota,2,Bacteria
MC03103,Cephalotrichum sp.,2039706,Ascomycota,1658452,Cephalotrichum,5593,Microascaceae,5592,Microascales,147550,Sordariomycetes,4890,Ascomycota,451864,Dikarya
MC01194,Cetobacterium somerae,188913,Fusobacteriota,180162,Cetobacterium,203492,Fusobacteriaceae,203491,Fusobacteriales,203490,Fusobacteriia,32066,Fusobacteriota,2,Bacteria
MC01578,Cetobacterium sp.,2071632,Fusobacteriota,180162,Cetobacterium,203492,Fusobacteriaceae,203491,Fusobacteriales,203490,Fusobacteriia,32066,Fusobacteriota,2,Bacteria
MC02840,Chaetomiaceae sp.,1756124,Ascomycota,.,.,35718,Chaetomiaceae,5139,Sordariales,147550,Sordariomycetes,4890,Ascomycota,4751,Fungi
MC02192,Chaetomium globosum,38033,Ascomycota,5149,Chaetomium,35718,Chaetomiaceae,5139,Sordariales,147550,Sordariomycetes,4890,Ascomycota,451864,Dikarya
MC00269,Chaetomium sp.,1769349,Ascomycota,5149,Chaetomium,35718,Chaetomiaceae,5139,Sordariales,147550,Sordariomycetes,4890,Ascomycota,4751,Fungi
MC03293,Chelativorans sp.,2203393,Pseudomonadota,449972,Chelativorans,69277,Phyllobacteriaceae,356,Hyphomicrobiales,28211,Alphaproteobacteria,1224,Pseudomonadota,2,Bacteria
MC03229,Chitinimonas sp.,1934313,Pseudomonadota,240411,Chitinimonas,2897177,Chitinibacteraceae,206351,Neisseriales,28216,Betaproteobacteria,1224,Pseudomonadota,2,Bacteria
MC01760,Chitinophagaceae bacterium,1869212,Bacteroidota,.,.,563835,Chitinophagaceae,1853229,Chitinophagales,1853228,Chitinophagia,976,Bacteroidota,2,Bacteria
MC00369,Chlamydia muridarum,83560,Chlamydiota,810,Chlamydia,809,Chlamydiaceae,51291,Chlamydiales,204429,Chlamydiia,204428,Chlamydiota,2,Bacteria
MC02193,Chlamydia pneumoniae,83558,Chlamydiota,810,Chlamydia,809,Chlamydiaceae,51291,Chlamydiales,204429,Chlamydiia,204428,Chlamydiota,2,Bacteria
MC01625,Chlamydia sp.,35827,Chlamydiota,810,Chlamydia,809,Chlamydiaceae,51291,Chlamydiales,204429,Chlamydiia,204428,Chlamydiota,2,Bacteria
MC03409,Chlamydiales incertae sedis,89329,Chlamydiota,.,.,.,.,51291,Chlamydiales,204429,Chlamydiia,204428,Chlamydiota,2,Bacteria
MC03241,Chloracidobacterium sp.,2099375,Acidobacteriota,458032,Chloracidobacterium,.,.,.,.,1562566,Blastocatellia,57723,Acidobacteriota,2,Bacteria
MC02727,Chloracidobacterium thermophilum,458033,Acidobacteriota,458032,Chloracidobacterium,.,.,.,.,1562566,Blastocatellia,57723,Acidobacteriota,2,Bacteria
MC03372,Chlorobaculum sp.,2053530,Chlorobiota,256319,Chlorobaculum,191412,Chlorobiaceae,191411,Chlorobiales,191410,Chlorobiia,1090,Chlorobiota,2,Bacteria
MC02020,Christensenella hongkongensis,270498,Bacillota,990721,Christensenella,990719,Christensenellaceae,3082768,Christensenellales,186801,Clostridia,1239,Bacillota,2,Bacteria
MC00643,Christensenella minuta,626937,Bacillota,990721,Christensenella,990719,Christensenellaceae,3082768,Christensenellales,186801,Clostridia,1239,Bacillota,2,Bacteria
MC01134,Christensenella sp.,1935934,Bacillota,990721,Christensenella,990719,Christensenellaceae,3082768,Christensenellales,186801,Clostridia,1239,Bacillota,2,Bacteria
MC01761,Christensenellaceae bacterium,2054177,Bacillota,.,.,990719,Christensenellaceae,3082768,Christensenellales,186801,Clostridia,1239,Bacillota,2,Bacteria
MC01736,Christensenellaceae R7,1917874,Bacillota,.,.,990719,Christensenellaceae,3082768,Christensenellales,186801,Clostridia,1239,Bacillota,2,Bacteria
MC00286,Chromobacterium violaceum,536,Pseudomonadota,535,Chromobacterium,1499392,Chromobacteriaceae,206351,Neisseriales,28216,Betaproteobacteria,1224,Pseudomonadota,2,Bacteria
MC00490,Chryseobacterium gleum,250,Bacteroidota,59732,Chryseobacterium,2762318,Weeksellaceae,200644,Flavobacteriales,117743,Flavobacteriia,976,Bacteroidota,2,Bacteria
MC00411,Chryseobacterium oranimense,421058,Bacteroidota,59732,Chryseobacterium,2762318,Weeksellaceae,200644,Flavobacteriales,117743,Flavobacteriia,976,Bacteroidota,2,Bacteria
MC01514,Chryseobacterium sp.,1871047,Bacteroidota,59732,Chryseobacterium,2762318,Weeksellaceae,200644,Flavobacteriales,117743,Flavobacteriia,976,Bacteroidota,2,Bacteria
MC02195,Chryseobacterium sp. IHB B 17019,1721091,Bacteroidota,59732,Chryseobacterium,2762318,Weeksellaceae,200644,Flavobacteriales,117743,Flavobacteriia,976,Bacteroidota,2,Bacteria
MC02196,Chrysochromulina ericina virus,455364,Nucleocytoviricota,.,.,10501,Phycodnaviridae,2732524,Algavirales,2732523,Megaviricetes,2732007,Nucleocytoviricota,2732005,Bamfordvirae
MC02874,Circoviridae sp.,1954248,Cressdnaviricota,.,.,39724,Circoviridae,2732536,Cirlivirales,2732423,Arfiviricetes,2732416,Cressdnaviricota,2732092,Shotokuvirae
MC02835,Circovirus sp.,1964372,Cressdnaviricota,39725,Circovirus,39724,Circoviridae,2732536,Cirlivirales,2732423,Arfiviricetes,2732416,Cressdnaviricota,2732092,Shotokuvirae
MC03176,Citricoccus sp.,1978372,Actinomycetota,169133,Citricoccus,1268,Micrococcaceae,85006,Micrococcales,1760,Actinomycetes,201174,Actinomycetota,2,Bacteria
MC00036,Citrobacter amalonaticus,35703,Pseudomonadota,544,Citrobacter,543,Enterobacteriaceae,91347,Enterobacterales,1236,Gammaproteobacteria,1224,Pseudomonadota,2,Bacteria
MC00291,Citrobacter braakii,57706,Pseudomonadota,1344959,Citrobacter freundii complex,543,Enterobacteriaceae,91347,Enterobacterales,1236,Gammaproteobacteria,1224,Pseudomonadota,2,Bacteria
MC00037,Citrobacter farmeri,67824,Pseudomonadota,544,Citrobacter,543,Enterobacteriaceae,91347,Enterobacterales,1236,Gammaproteobacteria,1224,Pseudomonadota,2,Bacteria
MC00038,Citrobacter freundii,546,Pseudomonadota,1344959,Citrobacter freundii complex,543,Enterobacteriaceae,91347,Enterobacterales,1236,Gammaproteobacteria,1224,Pseudomonadota,2,Bacteria
MC00039,Citrobacter koseri,545,Pseudomonadota,544,Citrobacter,543,Enterobacteriaceae,91347,Enterobacterales,1236,Gammaproteobacteria,1224,Pseudomonadota,2,Bacteria
MC01116,Citrobacter portucalensis,1639133,Pseudomonadota,1344959,Citrobacter freundii complex,543,Enterobacteriaceae,91347,Enterobacterales,1236,Gammaproteobacteria,1224,Pseudomonadota,2,Bacteria
MC01294,Citrobacter rodentium,67825,Pseudomonadota,544,Citrobacter,543,Enterobacteriaceae,91347,Enterobacterales,1236,Gammaproteobacteria,1224,Pseudomonadota,2,Bacteria
MC00323,Citrobacter sp.,1896336,Pseudomonadota,544,Citrobacter,543,Enterobacteriaceae,91347,Enterobacterales,1236,Gammaproteobacteria,1224,Pseudomonadota,2,Bacteria
MC01362,Citrobacter sp. 30_2,1639133,Pseudomonadota,1344959,Citrobacter freundii complex,543,Enterobacteriaceae,91347,Enterobacterales,1236,Gammaproteobacteria,1224,Pseudomonadota,2,Bacteria
MC02198,Citrobacter werkmanii,67827,Pseudomonadota,544,Citrobacter,543,Enterobacteriaceae,91347,Enterobacterales,1236,Gammaproteobacteria,1224,Pseudomonadota,2,Bacteria
MC00412,Citrobacter youngae,133448,Pseudomonadota,1344959,Citrobacter freundii complex,543,Enterobacteriaceae,91347,Enterobacterales,1236,Gammaproteobacteria,1224,Pseudomonadota,2,Bacteria
MC03064,Cladophialophora sp.,1715224,Ascomycota,82105,Cladophialophora,43219,Herpotrichiellaceae,34395,Chaetothyriales,147545,Eurotiomycetes,4890,Ascomycota,451864,Dikarya
MC02199,Cladosporium halotolerans,1052096,Ascomycota,5498,Cladosporium,452563,Cladosporiaceae,2726946,Cladosporiales,147541,Dothideomycetes,4890,Ascomycota,451864,Dikarya
MC02200,Cladosporium herbarum,29918,Ascomycota,5498,Cladosporium,452563,Cladosporiaceae,2726946,Cladosporiales,147541,Dothideomycetes,4890,Ascomycota,451864,Dikarya
MC02998,Cladosporium sp.,1707700,Ascomycota,5498,Cladosporium,452563,Cladosporiaceae,2726946,Cladosporiales,147541,Dothideomycetes,4890,Ascomycota,451864,Dikarya
MC02201,Clavibacter michiganensis,28447,Actinomycetota,1573,Clavibacter,85023,Microbacteriaceae,85006,Micrococcales,1760,Actinomycetes,201174,Actinomycetota,2,Bacteria
MC03107,Clavibacter sp.,1871044,Actinomycetota,1573,Clavibacter,85023,Microbacteriaceae,85006,Micrococcales,1760,Actinomycetes,201174,Actinomycetota,2,Bacteria
MC00172,Cloacibacillus porcorum,1197717,Synergistota,508459,Cloacibacillus,649777,Synergistaceae,649776,Synergistales,649775,Synergistia,508458,Synergistota,2,Bacteria
MC01565,Cloacibacillus sp.,2049023,Synergistota,508459,Cloacibacillus,649777,Synergistaceae,649776,Synergistales,649775,Synergistia,508458,Synergistota,2,Bacteria
MC03048,Cloacibacterium sp.,1913682,Bacteroidota,501783,Cloacibacterium,2762318,Weeksellaceae,200644,Flavobacteriales,117743,Flavobacteriia,976,Bacteroidota,2,Bacteria
MC02202,Clostridia bacterium TSW07CA7,582350,Bacillota,.,.,.,.,.,.,186801,Clostridia,1239,Bacillota,2,Bacteria
MC02203,Clostridia bacterium UC5.1-2D9,1697785,Bacillota,.,.,.,.,.,.,186801,Clostridia,1239,Bacillota,2,Bacteria
MC02720,Clostridia cluster I,348841,Bacillota,.,.,.,.,.,.,186801,Clostridia,1239,Bacillota,2,Bacteria
MC01388,Clostridiaceae 02d06,189971,Bacillota,.,.,31979,Clostridiaceae,186802,Eubacteriales,186801,Clostridia,1239,Bacillota,2,Bacteria
MC02204,Clostridiaceae bacterium bSSV31,392834,Bacillota,.,.,31979,Clostridiaceae,186802,Eubacteriales,186801,Clostridia,1239,Bacillota,2,Bacteria
MC02205,Clostridiaceae bacterium LEMV63,179974,Bacillota,.,.,31979,Clostridiaceae,186802,Eubacteriales,186801,Clostridia,1239,Bacillota,2,Bacteria
MC02206,Clostridiaceae bacterium SH032,498621,Bacillota,.,.,31979,Clostridiaceae,186802,Eubacteriales,186801,Clostridia,1239,Bacillota,2,Bacteria
MC02207,Clostridiaceae bacterium SK061,433284,Bacillota,.,.,31979,Clostridiaceae,186802,Eubacteriales,186801,Clostridia,1239,Bacillota,2,Bacteria
MC01387,Clostridiaceae SMB53,189971,Bacillota,.,.,31979,Clostridiaceae,186802,Eubacteriales,186801,Clostridia,1239,Bacillota,2,Bacteria
MC00173,Clostridiales bacterium,1898207,Bacillota,.,.,.,.,186802,Eubacteriales,186801,Clostridia,1239,Bacillota,2,Bacteria
MC01089,Clostridiales bacterium 1-7-47FAA,457421,Bacillota,.,.,.,.,186802,Eubacteriales,186801,Clostridia,1239,Bacillota,2,Bacteria
MC02208,Clostridiales bacterium 80/3,500389,Bacillota,.,.,.,.,186802,Eubacteriales,186801,Clostridia,1239,Bacillota,2,Bacteria
MC02209,Clostridiales bacterium A2-162,406424,Bacillota,.,.,.,.,186802,Eubacteriales,186801,Clostridia,1239,Bacillota,2,Bacteria
MC02210,Clostridiales bacterium AHT16,622666,Bacillota,.,.,.,.,186802,Eubacteriales,186801,Clostridia,1239,Bacillota,2,Bacteria
MC02211,Clostridiales bacterium L2-14,620860,Bacillota,.,.,.,.,186802,Eubacteriales,186801,Clostridia,1239,Bacillota,2,Bacteria
MC01397,Clostridiales Family XIV. Incertae Sedis,543317,Bacillota,.,.,543317,Clostridiales Family XIV. Incertae Sedis,186802,Eubacteriales,186801,Clostridia,1239,Bacillota,2,Bacteria
MC01267,Clostridiales incertae sedis,538999,Bacillota,.,.,.,.,186802,Eubacteriales,186801,Clostridia,1239,Bacillota,2,Bacteria
MC01703,Clostridiales sp.,2807709,Bacillota,.,.,.,.,186802,Eubacteriales,186801,Clostridia,1239,Bacillota,2,Bacteria
MC01715,Clostridiales vadin,39779,Bacillota,.,.,.,.,186802,Eubacteriales,186801,Clostridia,1239,Bacillota,2,Bacteria
MC01382,Clostridioides cluster XI,2635829,Bacillota,1870884,Clostridioides,186804,Peptostreptococcaceae,3082720,Peptostreptococcales,186801,Clostridia,1239,Bacillota,2,Bacteria
MC00004,Clostridioides difficile,1496,Bacillota,1870884,Clostridioides,186804,Peptostreptococcaceae,3082720,Peptostreptococcales,186801,Clostridia,1239,Bacillota,2,Bacteria
MC01600,Clostridioides sp.,1972855,Bacillota,1870884,Clostridioides,186804,Peptostreptococcaceae,3082720,Peptostreptococcales,186801,Clostridia,1239,Bacillota,2,Bacteria
MC02212,Clostridium acetobutylicum,1488,Bacillota,1485,Clostridium,31979,Clostridiaceae,186802,Eubacteriales,186801,Clostridia,1239,Bacillota,2,Bacteria
MC00434,Clostridium algifaecis,1472040,Bacillota,1485,Clostridium,31979,Clostridiaceae,186802,Eubacteriales,186801,Clostridia,1239,Bacillota,2,Bacteria
MC02213,Clostridium aminobutyricum,33953,Bacillota,1485,Clostridium,31979,Clostridiaceae,186802,Eubacteriales,186801,Clostridia,1239,Bacillota,2,Bacteria
MC01036,Clostridium aminophilum,1526,Bacillota,1506553,Lachnoclostridium,186803,Lachnospiraceae,3085636,Lachnospirales,186801,Clostridia,1239,Bacillota,2,Bacteria
MC01037,Clostridium baratii,1561,Bacillota,1485,Clostridium,31979,Clostridiaceae,186802,Eubacteriales,186801,Clostridia,1239,Bacillota,2,Bacteria
MC01206,Clostridium beijerinckii,1520,Bacillota,1485,Clostridium,31979,Clostridiaceae,186802,Eubacteriales,186801,Clostridia,1239,Bacillota,2,Bacteria
MC01749,Clostridium bornimense,1216932,Bacillota,1485,Clostridium,31979,Clostridiaceae,186802,Eubacteriales,186801,Clostridia,1239,Bacillota,2,Bacteria
MC00003,Clostridium botulinum,1491,Bacillota,1485,Clostridium,31979,Clostridiaceae,186802,Eubacteriales,186801,Clostridia,1239,Bacillota,2,Bacteria
MC01035,Clostridium butyricum,1492,Bacillota,1485,Clostridium,31979,Clostridiaceae,186802,Eubacteriales,186801,Clostridia,1239,Bacillota,2,Bacteria
MC00527,Clostridium cadaveris,1529,Bacillota,1485,Clostridium,31979,Clostridiaceae,186802,Eubacteriales,186801,Clostridia,1239,Bacillota,2,Bacteria
MC01265,Clostridium carboxidivorans,217159,Bacillota,1485,Clostridium,31979,Clostridiaceae,186802,Eubacteriales,186801,Clostridia,1239,Bacillota,2,Bacteria
MC01047,Clostridium celatum,36834,Bacillota,1485,Clostridium,31979,Clostridiaceae,186802,Eubacteriales,186801,Clostridia,1239,Bacillota,2,Bacteria
MC02214,Clostridium cellulosi,29343,Bacillota,.,.,216572,Oscillospiraceae,186802,Eubacteriales,186801,Clostridia,1239,Bacillota,2,Bacteria
MC02215,Clostridium cellulovorans,1493,Bacillota,1485,Clostridium,31979,Clostridiaceae,186802,Eubacteriales,186801,Clostridia,1239,Bacillota,2,Bacteria
MC00528,Clostridium citroniae,358743,Bacillota,2719313,Enterocloster,186803,Lachnospiraceae,3085636,Lachnospirales,186801,Clostridia,1239,Bacillota,2,Bacteria
MC00478,Clostridium clostridioforme,1531,Bacillota,2719313,Enterocloster,186803,Lachnospiraceae,3085636,Lachnospirales,186801,Clostridia,1239,Bacillota,2,Bacteria
MC01192,Clostridium cluster XI,186804,Bacillota,.,.,186804,Peptostreptococcaceae,3082720,Peptostreptococcales,186801,Clostridia,1239,Bacillota,2,Bacteria
MC01059,Clostridium cocleatum,69824,Bacillota,3025755,Thomasclavelia,2810280,Coprobacillaceae,526525,Erysipelotrichales,526524,Erysipelotrichia,1239,Bacillota,2,Bacteria
MC02216,Clostridium colicanis,179628,Bacillota,1485,Clostridium,31979,Clostridiaceae,186802,Eubacteriales,186801,Clostridia,1239,Bacillota,2,Bacteria
MC00473,Clostridium colinum,36835,Bacillota,1506577,Tyzzerella,186803,Lachnospiraceae,3085636,Lachnospirales,186801,Clostridia,1239,Bacillota,2,Bacteria
MC02217,Clostridium disporicum,84024,Bacillota,1485,Clostridium,31979,Clostridiaceae,186802,Eubacteriales,186801,Clostridia,1239,Bacillota,2,Bacteria
MC01705,Clostridium histolyticum,1498,Bacillota,1769729,Hathewaya,31979,Clostridiaceae,186802,Eubacteriales,186801,Clostridia,1239,Bacillota,2,Bacteria
MC00174,Clostridium hungatei,48256,Bacillota,1508657,Ruminiclostridium,216572,Oscillospiraceae,186802,Eubacteriales,186801,Clostridia,1239,Bacillota,2,Bacteria
MC00373,Clostridium hylemonae,89153,Bacillota,1506553,Lachnoclostridium,186803,Lachnospiraceae,3085636,Lachnospirales,186801,Clostridia,1239,Bacillota,2,Bacteria
MC02722,Clostridium III,2614128,Bacillota,1485,Clostridium,31979,Clostridiaceae,186802,Eubacteriales,186801,Clostridia,1239,Bacillota,2,Bacteria
MC01060,Clostridium indolis,69825,Bacillota,2719231,Lacrimispora,186803,Lachnospiraceae,3085636,Lachnospirales,186801,Clostridia,1239,Bacillota,2,Bacteria
MC00175,Clostridium innocuum,1522,Bacillota,3025755,Thomasclavelia,2810280,Coprobacillaceae,526525,Erysipelotrichales,526524,Erysipelotrichia,1239,Bacillota,2,Bacteria
MC01777,Clostridium IV,2614128,Bacillota,1485,Clostridium,31979,Clostridiaceae,186802,Eubacteriales,186801,Clostridia,1239,Bacillota,2,Bacteria
MC00312,Clostridium leptum,1535,Bacillota,.,.,216572,Oscillospiraceae,186802,Eubacteriales,186801,Clostridia,1239,Bacillota,2,Bacteria
MC02218,Clostridium methylpentosum,84026,Bacillota,.,.,216572,Oscillospiraceae,186802,Eubacteriales,186801,Clostridia,1239,Bacillota,2,Bacteria
MC02219,Clostridium neonatale,137838,Bacillota,1485,Clostridium,31979,Clostridiaceae,186802,Eubacteriales,186801,Clostridia,1239,Bacillota,2,Bacteria
MC00141,Clostridium nexile,29361,Bacillota,1506577,Tyzzerella,186803,Lachnospiraceae,3085636,Lachnospirales,186801,Clostridia,1239,Bacillota,2,Bacteria
MC00496,Clostridium novyi,1542,Bacillota,1485,Clostridium,31979,Clostridiaceae,186802,Eubacteriales,186801,Clostridia,1239,Bacillota,2,Bacteria
MC00468,Clostridium paraputrificum,29363,Bacillota,1485,Clostridium,31979,Clostridiaceae,186802,Eubacteriales,186801,Clostridia,1239,Bacillota,2,Bacteria
MC00620,Clostridium pasteurianum,1501,Bacillota,1485,Clostridium,31979,Clostridiaceae,186802,Eubacteriales,186801,Clostridia,1239,Bacillota,2,Bacteria
MC00390,Clostridium perfringens,1502,Bacillota,1485,Clostridium,31979,Clostridiaceae,186802,Eubacteriales,186801,Clostridia,1239,Bacillota,2,Bacteria
MC02220,Clostridium phoceensis,1650661,Bacillota,1485,Clostridium,31979,Clostridiaceae,186802,Eubacteriales,186801,Clostridia,1239,Bacillota,2,Bacteria
MC01043,Clostridium propionicum,28846,Bacillota,2039240,Anaerotignum,3118652,Anaerotignaceae,3085636,Lachnospirales,186801,Clostridia,1239,Bacillota,2,Bacteria
MC00333,Clostridium saccharogumia,341225,Bacillota,3025755,Thomasclavelia,2810280,Coprobacillaceae,526525,Erysipelotrichales,526524,Erysipelotrichia,1239,Bacillota,2,Bacteria
MC02221,Clostridium sartagoforme,84031,Bacillota,1485,Clostridium,31979,Clostridiaceae,186802,Eubacteriales,186801,Clostridia,1239,Bacillota,2,Bacteria
MC00009,Clostridium Scindens,29347,Bacillota,1506553,Lachnoclostridium,186803,Lachnospiraceae,3085636,Lachnospirales,186801,Clostridia,1239,Bacillota,2,Bacteria
MC02222,Clostridium septicum,1504,Bacillota,1485,Clostridium,31979,Clostridiaceae,186802,Eubacteriales,186801,Clostridia,1239,Bacillota,2,Bacteria
MC00270,Clostridium sp.,1506,Bacillota,1485,Clostridium,31979,Clostridiaceae,186802,Eubacteriales,186801,Clostridia,1239,Bacillota,2,Bacteria
MC01136,Clostridium sp. 29,1896982,Bacillota,1485,Clostridium,31979,Clostridiaceae,186802,Eubacteriales,186801,Clostridia,1239,Bacillota,2,Bacteria
MC01066,Clostridium sp. 6,105335,Bacillota,1485,Clostridium,31979,Clostridiaceae,186802,Eubacteriales,186801,Clostridia,1239,Bacillota,2,Bacteria
MC01238,Clostridium sp. 7_2_43FAA,457396,Bacillota,1485,Clostridium,31979,Clostridiaceae,186802,Eubacteriales,186801,Clostridia,1239,Bacillota,2,Bacteria
MC02223,Clostridium sp. ATCC 29733,1507,Bacillota,1485,Clostridium,31979,Clostridiaceae,186802,Eubacteriales,186801,Clostridia,1239,Bacillota,2,Bacteria
MC00176,Clostridium sp. CAG:921,1262847,Bacillota,1485,Clostridium,31979,Clostridiaceae,186802,Eubacteriales,186801,Clostridia,1239,Bacillota,2,Bacteria
MC01111,Clostridium sp. Clone-24,1003367,Bacillota,1485,Clostridium,31979,Clostridiaceae,186802,Eubacteriales,186801,Clostridia,1239,Bacillota,2,Bacteria
MC01112,Clostridium sp. Clone-33,1003372,Bacillota,1485,Clostridium,31979,Clostridiaceae,186802,Eubacteriales,186801,Clostridia,1239,Bacillota,2,Bacteria
MC00349,Clostridium sp. Culture-1,1003343,Bacillota,1485,Clostridium,31979,Clostridiaceae,186802,Eubacteriales,186801,Clostridia,1239,Bacillota,2,Bacteria
MC01108,Clostridium sp. HGF2,908340,Bacillota,1485,Clostridium,31979,Clostridiaceae,186802,Eubacteriales,186801,Clostridia,1239,Bacillota,2,Bacteria
MC01082,Clostridium sp. L2-50,411489,Bacillota,1485,Clostridium,31979,Clostridiaceae,186802,Eubacteriales,186801,Clostridia,1239,Bacillota,2,Bacteria
MC02224,Clostridium sp. M62/1,411486,Bacillota,1485,Clostridium,31979,Clostridiaceae,186802,Eubacteriales,186801,Clostridia,1239,Bacillota,2,Bacteria
MC02225,Clostridium sp. SY8519,1042156,Bacillota,1485,Clostridium,31979,Clostridiaceae,186802,Eubacteriales,186801,Clostridia,1239,Bacillota,2,Bacteria
MC00624,Clostridium sp. TM-40,371143,Bacillota,1485,Clostridium,31979,Clostridiaceae,186802,Eubacteriales,186801,Clostridia,1239,Bacillota,2,Bacteria
MC00545,Clostridium spiroforme,29348,Bacillota,3025755,Thomasclavelia,2810280,Coprobacillaceae,526525,Erysipelotrichales,526524,Erysipelotrichia,1239,Bacillota,2,Bacteria
MC00469,Clostridium sporogenes,1509,Bacillota,1485,Clostridium,31979,Clostridiaceae,186802,Eubacteriales,186801,Clostridia,1239,Bacillota,2,Bacteria
MC01160,Clostridium sticklandii,1511,Bacillota,186831,Acetoanaerobium,3118655,Filifactoraceae,3082720,Peptostreptococcales,186801,Clostridia,1239,Bacillota,2,Bacteria
MC02226,Clostridium subterminale,1550,Bacillota,1485,Clostridium,31979,Clostridiaceae,186802,Eubacteriales,186801,Clostridia,1239,Bacillota,2,Bacteria
MC00529,Clostridium symbiosum,1512,Bacillota,1506553,Lachnoclostridium,186803,Lachnospiraceae,3085636,Lachnospirales,186801,Clostridia,1239,Bacillota,2,Bacteria
MC02227,Clostridium tertium,1559,Bacillota,1485,Clostridium,31979,Clostridiaceae,186802,Eubacteriales,186801,Clostridia,1239,Bacillota,2,Bacteria
MC00587,Clostridium XI ,503173,Bacillota,1485,Clostridium,31979,Clostridiaceae,186802,Eubacteriales,186801,Clostridia,1239,Bacillota,2,Bacteria
MC01712,Clostridium XIVa,2614128,Bacillota,1485,Clostridium,31979,Clostridiaceae,186802,Eubacteriales,186801,Clostridia,1239,Bacillota,2,Bacteria
MC02723,Clostridium XlVb,2614128,Bacillota,1485,Clostridium,31979,Clostridiaceae,186802,Eubacteriales,186801,Clostridia,1239,Bacillota,2,Bacteria
MC00588,Clostridium XVIII,107715,Bacillota,1485,Clostridium,31979,Clostridiaceae,186802,Eubacteriales,186801,Clostridia,1239,Bacillota,2,Bacteria
MC03170,Cohaesibacter sp.,2026570,Pseudomonadota,655352,Cohaesibacter,655351,Cohaesibacteraceae,356,Hyphomicrobiales,28211,Alphaproteobacteria,1224,Pseudomonadota,2,Bacteria
MC02228,Colletotrichum higginsianum,80884,Ascomycota,5455,Colletotrichum,681950,Glomerellaceae,1028384,Glomerellales,147550,Sordariomycetes,4890,Ascomycota,451864,Dikarya
MC03200,Collimonas sp.,1963772,Pseudomonadota,202907,Collimonas,75682,Oxalobacteraceae,80840,Burkholderiales,28216,Betaproteobacteria,1224,Pseudomonadota,2,Bacteria
MC00177,Collinsella aerofaciens,74426,Actinomycetota,102106,Collinsella,84107,Coriobacteriaceae,84999,Coriobacteriales,84998,Coriobacteriia,201174,Actinomycetota,2,Bacteria
MC00546,Collinsella intestinalis,147207,Actinomycetota,102106,Collinsella,84107,Coriobacteriaceae,84999,Coriobacteriales,84998,Coriobacteriia,201174,Actinomycetota,2,Bacteria
MC00589,Collinsella sp.,1965294,Actinomycetota,102106,Collinsella,84107,Coriobacteriaceae,84999,Coriobacteriales,84998,Coriobacteriia,201174,Actinomycetota,2,Bacteria
MC00178,Collinsella stercoris,147206,Actinomycetota,102106,Collinsella,84107,Coriobacteriaceae,84999,Coriobacteriales,84998,Coriobacteriia,201174,Actinomycetota,2,Bacteria
MC00635,Collinsella tanakaei,626935,Actinomycetota,102106,Collinsella,84107,Coriobacteriaceae,84999,Coriobacteriales,84998,Coriobacteriia,201174,Actinomycetota,2,Bacteria
MC00562,Comamonas sp.,34028,Pseudomonadota,283,Comamonas,80864,Comamonadaceae,80840,Burkholderiales,28216,Betaproteobacteria,1224,Pseudomonadota,2,Bacteria
MC02229,Comamonas testosteroni,285,Pseudomonadota,283,Comamonas,80864,Comamonadaceae,80840,Burkholderiales,28216,Betaproteobacteria,1224,Pseudomonadota,2,Bacteria
MC01667,Congregibacter sp.,2744308,Pseudomonadota,393661,Congregibacter,1706372,Halieaceae,1706369,Cellvibrionales,1236,Gammaproteobacteria,1224,Pseudomonadota,2,Bacteria
MC02230,Coniochaeta velutina,177201,Ascomycota,79808,Coniochaeta,79807,Coniochaetaceae,292576,Coniochaetales,147550,Sordariomycetes,4890,Ascomycota,451864,Dikarya
MC03132,Contracaecum sp.,2726428,Nematoda,47567,Contracaecum,6267,Anisakidae,6236,Rhabditida,119089,Chromadorea,6231,Nematoda,33208,Metazoa
MC01003,Coprobacillus sp.,2137881,Bacillota,100883,Coprobacillus,2810280,Coprobacillaceae,526525,Erysipelotrichales,526524,Erysipelotrichia,1239,Bacillota,2,Bacteria
MC02232,Coprobacter fastidiosus,1099853,Bacteroidota,1348911,Coprobacter,2005519,Barnesiellaceae,171549,Bacteroidales,200643,Bacteroidia,976,Bacteroidota,2,Bacteria
MC02233,Coprobacter secundus,1501392,Bacteroidota,1348911,Coprobacter,2005519,Barnesiellaceae,171549,Bacteroidales,200643,Bacteroidia,976,Bacteroidota,2,Bacteria
MC00324,Coprobacter sp.,1941478,Bacteroidota,1348911,Coprobacter,2005519,Barnesiellaceae,171549,Bacteroidales,200643,Bacteroidia,976,Bacteroidota,2,Bacteria
MC01186,Coprococcus catus,116085,Bacillota,33042,Coprococcus,186803,Lachnospiraceae,3085636,Lachnospirales,186801,Clostridia,1239,Bacillota,2,Bacteria
MC00179,Coprococcus comes,410072,Bacillota,33042,Coprococcus,186803,Lachnospiraceae,3085636,Lachnospirales,186801,Clostridia,1239,Bacillota,2,Bacteria
MC00378,Coprococcus eutactus,33043,Bacillota,33042,Coprococcus,186803,Lachnospiraceae,3085636,Lachnospirales,186801,Clostridia,1239,Bacillota,2,Bacteria
MC00241,Coprococcus sp.,2049024,Bacillota,33042,Coprococcus,186803,Lachnospiraceae,3085636,Lachnospirales,186801,Clostridia,1239,Bacillota,2,Bacteria
MC02234,Coprococcus sp. HPP0048,1078091,Bacillota,33042,Coprococcus,186803,Lachnospiraceae,3085636,Lachnospirales,186801,Clostridia,1239,Bacillota,2,Bacteria
MC02235,Coraliomargarita akajimensis,395922,Verrucomicrobiota,442430,Coraliomargarita,3056371,Coraliomargaritaceae,415001,Puniceicoccales,414999,Opitutia,74201,Verrucomicrobiota,2,Bacteria
MC00343,Coriobacteriaceae bacterium,2011094,Actinomycetota,.,.,84107,Coriobacteriaceae,84999,Coriobacteriales,84998,Coriobacteriia,201174,Actinomycetota,2,Bacteria
MC01313,Coriobacterium glomerans,33871,Actinomycetota,33870,Coriobacterium,84107,Coriobacteriaceae,84999,Coriobacteriales,84998,Coriobacteriia,201174,Actinomycetota,2,Bacteria
MC03136,Coriobacterium sp.,286136,Actinomycetota,33870,Coriobacterium,84107,Coriobacteriaceae,84999,Coriobacteriales,84998,Coriobacteriia,201174,Actinomycetota,2,Bacteria
MC01096,Coriobacterium sp. AUH-Julong21,584783,Actinomycetota,33870,Coriobacterium,84107,Coriobacteriaceae,84999,Coriobacteriales,84998,Coriobacteriia,201174,Actinomycetota,2,Bacteria
MC02769,Cortinariaceae sp.,2011663,Basidiomycota,.,.,34450,Cortinariaceae,5338,Agaricales,155619,Agaricomycetes,5204,Basidiomycota,4751,Fungi
MC02236,Corynebacterium accolens,38284,Actinomycetota,1716,Corynebacterium,1653,Corynebacteriaceae,85007,Mycobacteriales,1760,Actinomycetes,201174,Actinomycetota,2,Bacteria
MC00122,Corynebacterium acnes,1747,Actinomycetota,1912216,Cutibacterium,31957,Propionibacteriaceae,85009,Propionibacteriales,1760,Actinomycetes,201174,Actinomycetota,2,Bacteria
MC00491,Corynebacterium amycolatum,43765,Actinomycetota,1716,Corynebacterium,1653,Corynebacteriaceae,85007,Mycobacteriales,1760,Actinomycetes,201174,Actinomycetota,2,Bacteria
MC02237,Corynebacterium appendicis,163202,Actinomycetota,1716,Corynebacterium,1653,Corynebacteriaceae,85007,Mycobacteriales,1760,Actinomycetes,201174,Actinomycetota,2,Bacteria
MC00180,Corynebacterium aurimucosum,169292,Actinomycetota,1716,Corynebacterium,1653,Corynebacteriaceae,85007,Mycobacteriales,1760,Actinomycetes,201174,Actinomycetota,2,Bacteria
MC02238,Corynebacterium coyleae,53374,Actinomycetota,1716,Corynebacterium,1653,Corynebacteriaceae,85007,Mycobacteriales,1760,Actinomycetes,201174,Actinomycetota,2,Bacteria
MC02239,Corynebacterium durum,61592,Actinomycetota,1716,Corynebacterium,1653,Corynebacteriaceae,85007,Mycobacteriales,1760,Actinomycetes,201174,Actinomycetota,2,Bacteria
MC02240,Corynebacterium efficiens,152794,Actinomycetota,1716,Corynebacterium,1653,Corynebacteriaceae,85007,Mycobacteriales,1760,Actinomycetes,201174,Actinomycetota,2,Bacteria
MC00371,Corynebacterium glutamicum,1718,Actinomycetota,1716,Corynebacterium,1653,Corynebacteriaceae,85007,Mycobacteriales,1760,Actinomycetes,201174,Actinomycetota,2,Bacteria
MC00492,Corynebacterium jeikeium,38289,Actinomycetota,1716,Corynebacterium,1653,Corynebacteriaceae,85007,Mycobacteriales,1760,Actinomycetes,201174,Actinomycetota,2,Bacteria
MC02241,Corynebacterium kroppenstedtii,161879,Actinomycetota,1716,Corynebacterium,1653,Corynebacteriaceae,85007,Mycobacteriales,1760,Actinomycetes,201174,Actinomycetota,2,Bacteria
MC01254,Corynebacterium lipophiloflavum,161889,Actinomycetota,1716,Corynebacterium,1653,Corynebacteriaceae,85007,Mycobacteriales,1760,Actinomycetes,201174,Actinomycetota,2,Bacteria
MC02242,Corynebacterium matruchotii,43768,Actinomycetota,1716,Corynebacterium,1653,Corynebacteriaceae,85007,Mycobacteriales,1760,Actinomycetes,201174,Actinomycetota,2,Bacteria
MC02243,Corynebacterium propinquum,43769,Actinomycetota,1716,Corynebacterium,1653,Corynebacteriaceae,85007,Mycobacteriales,1760,Actinomycetes,201174,Actinomycetota,2,Bacteria
MC02244,Corynebacterium pseudodiphtheriticum,37637,Actinomycetota,1716,Corynebacterium,1653,Corynebacteriaceae,85007,Mycobacteriales,1760,Actinomycetes,201174,Actinomycetota,2,Bacteria
MC01255,Corynebacterium pseudogenitalium,38303,Actinomycetota,1716,Corynebacterium,1653,Corynebacteriaceae,85007,Mycobacteriales,1760,Actinomycetes,201174,Actinomycetota,2,Bacteria
MC01305,Corynebacterium resistens,258224,Actinomycetota,1716,Corynebacterium,1653,Corynebacteriaceae,85007,Mycobacteriales,1760,Actinomycetes,201174,Actinomycetota,2,Bacteria
MC02245,Corynebacterium riegelii,156976,Actinomycetota,1716,Corynebacterium,1653,Corynebacteriaceae,85007,Mycobacteriales,1760,Actinomycetes,201174,Actinomycetota,2,Bacteria
MC02246,Corynebacterium simulans,146827,Actinomycetota,1716,Corynebacterium,1653,Corynebacteriaceae,85007,Mycobacteriales,1760,Actinomycetes,201174,Actinomycetota,2,Bacteria
MC00334,Corynebacterium sp.,1720,Actinomycetota,1716,Corynebacterium,1653,Corynebacteriaceae,85007,Mycobacteriales,1760,Actinomycetes,201174,Actinomycetota,2,Bacteria
MC01256,Corynebacterium striatum,43770,Actinomycetota,1716,Corynebacterium,1653,Corynebacteriaceae,85007,Mycobacteriales,1760,Actinomycetes,201174,Actinomycetota,2,Bacteria
MC00479,Corynebacterium tuberculostearicum,38304,Actinomycetota,1716,Corynebacterium,1653,Corynebacteriaceae,85007,Mycobacteriales,1760,Actinomycetes,201174,Actinomycetota,2,Bacteria
MC00449,Corynebacterium xerosis,1725,Actinomycetota,1716,Corynebacterium,1653,Corynebacteriaceae,85007,Mycobacteriales,1760,Actinomycetes,201174,Actinomycetota,2,Bacteria
MC03323,Crepidotus sp.,1935313,Basidiomycota,104351,Crepidotus,104350,Crepidotaceae,5338,Agaricales,155619,Agaricomycetes,5204,Basidiomycota,4751,Fungi
MC02247,Cronobacter muytjensii,413501,Pseudomonadota,413496,Cronobacter,543,Enterobacteriaceae,91347,Enterobacterales,1236,Gammaproteobacteria,1224,Pseudomonadota,2,Bacteria
MC00428,Cronobacter sakazakii,28141,Pseudomonadota,413496,Cronobacter,543,Enterobacteriaceae,91347,Enterobacterales,1236,Gammaproteobacteria,1224,Pseudomonadota,2,Bacteria
MC01663,Cronobacter sp.,1888169,Pseudomonadota,413496,Cronobacter,543,Enterobacteriaceae,91347,Enterobacterales,1236,Gammaproteobacteria,1224,Pseudomonadota,2,Bacteria
MC01311,Cronobacter turicensis,413502,Pseudomonadota,413496,Cronobacter,543,Enterobacteriaceae,91347,Enterobacterales,1236,Gammaproteobacteria,1224,Pseudomonadota,2,Bacteria
MC02248,Cryptobacterium curtum,84163,Actinomycetota,84162,Cryptobacterium,1643826,Eggerthellaceae,1643822,Eggerthellales,84998,Coriobacteriia,201174,Actinomycetota,2,Bacteria
MC03393,Cryptobacterium sp.,2849043,Actinomycetota,84162,Cryptobacterium,1643826,Eggerthellaceae,1643822,Eggerthellales,84998,Coriobacteriia,201174,Actinomycetota,2,Bacteria
MC01177,Cryptococcus gattii,37769,Basidiomycota,1884637,Cryptococcus gattii species complex,1884633,Cryptococcaceae,5234,Tremellales,155616,Tremellomycetes,5204,Basidiomycota,4751,Fungi
MC01380,Cryptococcus grubii,2591751,Basidiomycota,5206,Cryptococcus,1884633,Cryptococcaceae,5234,Tremellales,155616,Tremellomycetes,5204,Basidiomycota,4751,Fungi
MC01172,Cryptococcus neoformans,5207,Basidiomycota,1897064,Cryptococcus neoformans species complex,1884633,Cryptococcaceae,5234,Tremellales,155616,Tremellomycetes,5204,Basidiomycota,4751,Fungi
MC03428,Cryptococcus sp.,2046349,Basidiomycota,5206,Cryptococcus,1884633,Cryptococcaceae,5234,Tremellales,155616,Tremellomycetes,5204,Basidiomycota,4751,Fungi
MC02249,Cucumber mosaic virus,12305,Kitrinoviricota,12304,Cucumovirus,39740,Bromoviridae,2732544,Martellivirales,2732461,Alsuviricetes,2732406,Kitrinoviricota,2732396,Orthornavirae
MC03264,Cupriavidus sp.,1873897,Pseudomonadota,106589,Cupriavidus,119060,Burkholderiaceae,80840,Burkholderiales,28216,Betaproteobacteria,1224,Pseudomonadota,2,Bacteria
MC02813,Curtobacterium sp.,1869344,Actinomycetota,2034,Curtobacterium,85023,Microbacteriaceae,85006,Micrococcales,1760,Actinomycetes,201174,Actinomycetota,2,Bacteria
MC03373,Curvibacter sp.,1888168,Pseudomonadota,281915,Curvibacter,80864,Comamonadaceae,80840,Burkholderiales,28216,Betaproteobacteria,1224,Pseudomonadota,2,Bacteria
MC02250,Cutibacterium avidum,33010,Actinomycetota,1912216,Cutibacterium,31957,Propionibacteriaceae,85009,Propionibacteriales,1760,Actinomycetes,201174,Actinomycetota,2,Bacteria
MC02251,Cutibacterium granulosum,33011,Actinomycetota,1912216,Cutibacterium,31957,Propionibacteriaceae,85009,Propionibacteriales,1760,Actinomycetes,201174,Actinomycetota,2,Bacteria
MC02252,Cutibacterium modestum,2559073,Actinomycetota,1912216,Cutibacterium,31957,Propionibacteriaceae,85009,Propionibacteriales,1760,Actinomycetes,201174,Actinomycetota,2,Bacteria
MC01351,Cutibacterium namnetense,1574624,Actinomycetota,1912216,Cutibacterium,31957,Propionibacteriaceae,85009,Propionibacteriales,1760,Actinomycetes,201174,Actinomycetota,2,Bacteria
MC03355,Cutibacterium sp.,1912221,Actinomycetota,1912216,Cutibacterium,31957,Propionibacteriaceae,85009,Propionibacteriales,1760,Actinomycetes,201174,Actinomycetota,2,Bacteria
MC01389,Cyanobacteria-Chloroplast ratio,.,Cyanobacteria-Chloroplast ratio,.,.,.,.,.,.,.,.,.,.,.,.
MC01711,Cyanobacteriota YS2,1983111,Cyanobacteriota,.,.,.,.,.,.,.,.,1117,Cyanobacteriota,2,Bacteria
MC01572,Cyanobacterium sp.,751952,Cyanobacteriota,102234,Cyanobacterium,2815910,Geminocystaceae,1118,Chroococcales,3028117,Cyanophyceae,1117,Cyanobacteriota,2,Bacteria
MC03345,Cyanothece sp.,259951,Cyanobacteriota,43988,Cyanothece,1892249,Cyanothecaceae,3079757,Gomontiellales,3028117,Cyanophyceae,1117,Cyanobacteriota,2,Bacteria
MC02927,Cystofilobasidiaceae sp.,2012327,Basidiomycota,.,.,165808,Cystofilobasidiaceae,90883,Cystofilobasidiales,155616,Tremellomycetes,5204,Basidiomycota,4751,Fungi
MC02857,Cystofilobasidiales sp.,2040751,Basidiomycota,.,.,.,.,90883,Cystofilobasidiales,155616,Tremellomycetes,5204,Basidiomycota,4751,Fungi
MC02253,Cystofilobasidium macerans,89926,Basidiomycota,5410,Cystofilobasidium,165808,Cystofilobasidiaceae,90883,Cystofilobasidiales,155616,Tremellomycetes,5204,Basidiomycota,4751,Fungi
MC02834,Cytomegalovirus sp.,2510939,Peploviricota,10358,Cytomegalovirus,3044472,Orthoherpesviridae,548681,Herpesvirales,2731363,Herviviricetes,2731361,Peploviricota,2731360,Heunggongvirae
MC01405,Cytophaga-Flexibacter ratio,.,Cytophaga-Flexibacter ratio,.,.,.,.,.,.,.,.,.,.,.,.
MC01394,Dasytricha sp.,1110533,Ciliophora,40805,Dasytricha,5985,Isotrichidae,33833,Vestibuliferida,5988,Litostomatea,5878,Ciliophora,2759,Eukaryota
MC03167,Davidiella sp.,1977309,Ascomycota,237557,Davidiella,452563,Cladosporiaceae,2726946,Cladosporiales,147541,Dothideomycetes,4890,Ascomycota,451864,Dikarya
MC02254,Debaryomyces fabryi,58627,Ascomycota,4958,Debaryomyces,766764,Debaryomycetaceae,4892,Saccharomycetales,4891,Saccharomycetes,4890,Ascomycota,4751,Fungi
MC02255,Debaryomyces hansenii,4959,Ascomycota,4958,Debaryomyces,766764,Debaryomycetaceae,4892,Saccharomycetales,4891,Saccharomycetes,4890,Ascomycota,4751,Fungi
MC03322,Debaryomyces sp.,1853546,Ascomycota,4958,Debaryomyces,766764,Debaryomycetaceae,4892,Saccharomycetales,4891,Saccharomycetes,4890,Ascomycota,4751,Fungi
MC03186,Dechloromonas sp.,1917218,Pseudomonadota,73029,Dechloromonas,2008795,Azonexaceae,206389,Rhodocyclales,28216,Betaproteobacteria,1224,Pseudomonadota,2,Bacteria
MC01295,Deferribacter desulfuricans,197162,Deferribacterota,53572,Deferribacter,191394,Deferribacteraceae,191393,Deferribacterales,68337,Deferribacteres,200930,Deferribacterota,2,Bacteria
MC03061,Deferribacter sp.,2930034,Deferribacterota,53572,Deferribacter,191394,Deferribacteraceae,191393,Deferribacterales,68337,Deferribacteres,200930,Deferribacterota,2,Bacteria
MC03282,Defluviicoccus sp.,2682137,Pseudomonadota,111830,Defluviicoccus,41295,Rhodospirillaceae,204441,Rhodospirillales,28211,Alphaproteobacteria,1224,Pseudomonadota,2,Bacteria
MC03332,Defluviitalea sp.,2004702,Bacillota,1185408,Defluviitalea,1185407,Defluviitaleaceae,3085636,Lachnospirales,186801,Clostridia,1239,Bacillota,2,Bacteria
MC01129,Defluviitaleaceae bacterium,2660712,Bacillota,.,.,1185407,Defluviitaleaceae,3085636,Lachnospirales,186801,Clostridia,1239,Bacillota,2,Bacteria
MC01385,Defluviitaleaceae UCG-011,1185411,Bacillota,.,.,1185407,Defluviitaleaceae,3085636,Lachnospirales,186801,Clostridia,1239,Bacillota,2,Bacteria
MC03216,Dehalobacter sp.,1962289,Bacillota,56112,Dehalobacter,2937909,Desulfitobacteriaceae,186802,Eubacteriales,186801,Clostridia,1239,Bacillota,2,Bacteria
MC01551,Dehalobacterium sp.,2022806,Bacillota,51514,Dehalobacterium,186807,Peptococcaceae,186802,Eubacteriales,186801,Clostridia,1239,Bacillota,2,Bacteria
MC00404,Deinococcus geothermalis,68909,Deinococcota,1298,Deinococcus,183710,Deinococcaceae,118964,Deinococcales,188787,Deinococci,1297,Deinococcota,2,Bacteria
MC02256,Deinococcus grandis,57498,Deinococcota,1298,Deinococcus,183710,Deinococcaceae,118964,Deinococcales,188787,Deinococci,1297,Deinococcota,2,Bacteria
MC03074,Deinococcus sp.,47478,Deinococcota,1298,Deinococcus,183710,Deinococcaceae,118964,Deinococcales,188787,Deinococci,1297,Deinococcota,2,Bacteria
MC02257,Delftia acidovorans,80866,Pseudomonadota,80865,Delftia,80864,Comamonadaceae,80840,Burkholderiales,28216,Betaproteobacteria,1224,Pseudomonadota,2,Bacteria
MC02993,Delftia sp.,1886637,Pseudomonadota,80865,Delftia,80864,Comamonadaceae,80840,Burkholderiales,28216,Betaproteobacteria,1224,Pseudomonadota,2,Bacteria
MC02258,Delftia tsuruhatensis,180282,Pseudomonadota,80865,Delftia,80864,Comamonadaceae,80840,Burkholderiales,28216,Betaproteobacteria,1224,Pseudomonadota,2,Bacteria
MC02985,Denitratisoma sp.,1978352,Pseudomonadota,311181,Denitratisoma,2008793,Sterolibacteriaceae,32003,Nitrosomonadales,28216,Betaproteobacteria,1224,Pseudomonadota,2,Bacteria
MC03215,Dermabacter sp.,37640,Actinomycetota,36739,Dermabacter,85020,Dermabacteraceae,85006,Micrococcales,1760,Actinomycetes,201174,Actinomycetota,2,Bacteria
MC03284,Dermacoccus sp.,1871615,Actinomycetota,57495,Dermacoccus,145357,Dermacoccaceae,85006,Micrococcales,1760,Actinomycetes,201174,Actinomycetota,2,Bacteria
MC01193,Dermacoccus sp. Ellin185,188626,Actinomycetota,57495,Dermacoccus,145357,Dermacoccaceae,85006,Micrococcales,1760,Actinomycetes,201174,Actinomycetota,2,Bacteria
MC03371,Desemzia sp.,2509605,Bacillota,82800,Desemzia,186828,Carnobacteriaceae,186826,Lactobacillales,91061,Bacilli,1239,Bacillota,2,Bacteria
MC00538,Desulfitobacterium chlororespirans,51616,Bacillota,36853,Desulfitobacterium,2937909,Desulfitobacteriaceae,186802,Eubacteriales,186801,Clostridia,1239,Bacillota,2,Bacteria
MC00539,Desulfitobacterium hafniense,49338,Bacillota,36853,Desulfitobacterium,2937909,Desulfitobacteriaceae,186802,Eubacteriales,186801,Clostridia,1239,Bacillota,2,Bacteria
MC02259,Desulfobacter sp.,2294,Thermodesulfobacteriota,2289,Desulfobacter,213119,Desulfobacteraceae,213118,Desulfobacterales,3024418,Desulfobacteria,200940,Thermodesulfobacteriota,2,Bacteria
MC03276,Desulfobulbus sp.,895,Thermodesulfobacteriota,893,Desulfobulbus,213121,Desulfobulbaceae,3024411,Desulfobulbales,3031451,Desulfobulbia,200940,Thermodesulfobacteriota,2,Bacteria
MC03164,Desulfocapsa sp.,2066021,Thermodesulfobacteriota,53318,Desulfocapsa,2886822,Desulfocapsaceae,3024411,Desulfobulbales,3031451,Desulfobulbia,200940,Thermodesulfobacteriota,2,Bacteria
MC01655,Desulfococcus sp.,2025834,Thermodesulfobacteriota,896,Desulfococcus,2931039,Desulfococcaceae,213118,Desulfobacterales,3024418,Desulfobacteria,200940,Thermodesulfobacteriota,2,Bacteria
MC00272,Desulfofarcimen acetoxidans,58138,Bacillota,2282742,Desulfofarcimen,186807,Peptococcaceae,186802,Eubacteriales,186801,Clostridia,1239,Bacillota,2,Bacteria
MC03152,Desulfomicrobium sp.,52017,Thermodesulfobacteriota,898,Desulfomicrobium,213116,Desulfomicrobiaceae,213115,Desulfovibrionales,3031449,Desulfovibrionia,200940,Thermodesulfobacteriota,2,Bacteria
MC01674,Desulfonauticus sp.,2053549,Thermodesulfobacteriota,206664,Desulfonauticus,2956789,Desulfonauticaceae,213115,Desulfovibrionales,3031449,Desulfovibrionia,200940,Thermodesulfobacteriota,2,Bacteria
MC01669,Desulfosarcina sp.,2027861,Thermodesulfobacteriota,2299,Desulfosarcina,3031624,Desulfosarcinaceae,213118,Desulfobacterales,3024418,Desulfobacteria,200940,Thermodesulfobacteriota,2,Bacteria
MC03192,Desulfosporosinus sp.,157907,Bacillota,79206,Desulfosporosinus,2937909,Desulfitobacteriaceae,186802,Eubacteriales,186801,Clostridia,1239,Bacillota,2,Bacteria
MC01190,Desulfotalea psychrophila,84980,Thermodesulfobacteriota,109168,Desulfotalea,2886822,Desulfocapsaceae,3024411,Desulfobulbales,3031451,Desulfobulbia,200940,Thermodesulfobacteriota,2,Bacteria
MC03179,Desulfotomaculum sp.,41211,Bacillota,1562,Desulfotomaculum,2937910,Desulfotomaculaceae,186802,Eubacteriales,186801,Clostridia,1239,Bacillota,2,Bacteria
MC00257,Desulfovibrio desulfuricans,876,Thermodesulfobacteriota,872,Desulfovibrio,194924,Desulfovibrionaceae,213115,Desulfovibrionales,3031449,Desulfovibrionia,200940,Thermodesulfobacteriota,2,Bacteria
MC02260,Desulfovibrio intestinalis,58621,Thermodesulfobacteriota,872,Desulfovibrio,194924,Desulfovibrionaceae,213115,Desulfovibrionales,3031449,Desulfovibrionia,200940,Thermodesulfobacteriota,2,Bacteria
MC02261,Desulfovibrio longreachensis,29505,Thermodesulfobacteriota,872,Desulfovibrio,194924,Desulfovibrionaceae,213115,Desulfovibrionales,3031449,Desulfovibrionia,200940,Thermodesulfobacteriota,2,Bacteria
MC00303,Desulfovibrio piger,901,Thermodesulfobacteriota,872,Desulfovibrio,194924,Desulfovibrionaceae,213115,Desulfovibrionales,3031449,Desulfovibrionia,200940,Thermodesulfobacteriota,2,Bacteria
MC00591,Desulfovibrio sp.,885,Thermodesulfobacteriota,872,Desulfovibrio,194924,Desulfovibrionaceae,213115,Desulfovibrionales,3031449,Desulfovibrionia,200940,Thermodesulfobacteriota,2,Bacteria
MC01137,Desulfovibrio sp. 6,290063,Thermodesulfobacteriota,872,Desulfovibrio,194924,Desulfovibrionaceae,213115,Desulfovibrionales,3031449,Desulfovibrionia,200940,Thermodesulfobacteriota,2,Bacteria
MC00523,Desulfovibrio vulgaris,881,Thermodesulfobacteriota,2802295,Nitratidesulfovibrio,194924,Desulfovibrionaceae,213115,Desulfovibrionales,3031449,Desulfovibrionia,200940,Thermodesulfobacteriota,2,Bacteria
MC01776,Desulfovibrionaceae incertae sedis,2840499,Thermodesulfobacteriota,.,.,194924,Desulfovibrionaceae,213115,Desulfovibrionales,3031449,Desulfovibrionia,200940,Thermodesulfobacteriota,2,Bacteria
MC01299,Desulfurispirillum indicum,936456,Chrysiogenota,393029,Desulfurispirillum,189770,Chrysiogenaceae,189769,Chrysiogenales,118001,Chrysiogenia,200938,Chrysiogenota,2,Bacteria
MC01741,Devosia riboflavina,46914,Pseudomonadota,46913,Devosia,2831106,Devosiaceae,356,Hyphomicrobiales,28211,Alphaproteobacteria,1224,Pseudomonadota,2,Bacteria
MC02793,Devosia sp.,1871048,Pseudomonadota,46913,Devosia,2831106,Devosiaceae,356,Hyphomicrobiales,28211,Alphaproteobacteria,1224,Pseudomonadota,2,Bacteria
MC00142,Dialister invisus,218538,Bacillota,39948,Dialister,31977,Veillonellaceae,1843489,Veillonellales,909932,Negativicutes,1239,Bacillota,2,Bacteria
MC00182,Dialister massiliensis,2161821,Bacillota,39948,Dialister,31977,Veillonellaceae,1843489,Veillonellales,909932,Negativicutes,1239,Bacillota,2,Bacteria
MC02263,Dialister micraerophilus,309120,Bacillota,39948,Dialister,31977,Veillonellaceae,1843489,Veillonellales,909932,Negativicutes,1239,Bacillota,2,Bacteria
MC00459,Dialister pneumosintes,39950,Bacillota,39948,Dialister,31977,Veillonellaceae,1843489,Veillonellales,909932,Negativicutes,1239,Bacillota,2,Bacteria
MC02264,Dialister propionicifaciens,308994,Bacillota,39948,Dialister,31977,Veillonellaceae,1843489,Veillonellales,909932,Negativicutes,1239,Bacillota,2,Bacteria
MC00238,Dialister sp.,1955814,Bacillota,39948,Dialister,31977,Veillonellaceae,1843489,Veillonellales,909932,Negativicutes,1239,Bacillota,2,Bacteria
MC00183,Dialister succinatiphilus,487173,Bacillota,39948,Dialister,31977,Veillonellaceae,1843489,Veillonellales,909932,Negativicutes,1239,Bacillota,2,Bacteria
MC03356,Diaphorobacter sp.,1934310,Pseudomonadota,238749,Diaphorobacter,80864,Comamonadaceae,80840,Burkholderiales,28216,Betaproteobacteria,1224,Pseudomonadota,2,Bacteria
MC02265,Diaporthe ampelina,1214573,Ascomycota,36922,Diaporthe,767018,Diaporthaceae,5114,Diaporthales,147550,Sordariomycetes,4890,Ascomycota,451864,Dikarya
MC01275,Dickeya chrysanthemi,556,Pseudomonadota,204037,Dickeya,1903410,Pectobacteriaceae,91347,Enterobacterales,1236,Gammaproteobacteria,1224,Pseudomonadota,2,Bacteria
MC01195,Dickeya dadantii,204038,Pseudomonadota,204037,Dickeya,1903410,Pectobacteriaceae,91347,Enterobacterales,1236,Gammaproteobacteria,1224,Pseudomonadota,2,Bacteria
MC01283,Dickeya parazeae,2893572,Pseudomonadota,204037,Dickeya,1903410,Pectobacteriaceae,91347,Enterobacterales,1236,Gammaproteobacteria,1224,Pseudomonadota,2,Bacteria
MC03063,Dickeya sp.,1914291,Pseudomonadota,204037,Dickeya,1903410,Pectobacteriaceae,91347,Enterobacterales,1236,Gammaproteobacteria,1224,Pseudomonadota,2,Bacteria
MC00621,Dictyostelium discoideum,44689,Evosea,5782,Dictyostelium,2058185,Dictyosteliaceae,2058949,Dictyosteliales,142796,Eumycetozoa,2605435,Evosea,2759,Eukaryota
MC03175,Didymella sp.,1881153,Ascomycota,55170,Didymella,683158,Didymellaceae,92860,Pleosporales,147541,Dothideomycetes,4890,Ascomycota,451864,Dikarya
MC02859,Didymosphaeriaceae sp.,1881152,Ascomycota,.,.,221678,Didymosphaeriaceae,92860,Pleosporales,147541,Dothideomycetes,4890,Ascomycota,4751,Fungi
MC02266,Dietzia maris,37915,Actinomycetota,37914,Dietzia,85029,Dietziaceae,85007,Mycobacteriales,1760,Actinomycetes,201174,Actinomycetota,2,Bacteria
MC03016,Dietzia sp.,1871616,Actinomycetota,37914,Dietzia,85029,Dietziaceae,85007,Mycobacteriales,1760,Actinomycetes,201174,Actinomycetota,2,Bacteria
MC03098,Dioszegia sp.,2034435,Basidiomycota,165440,Dioszegia,1884640,Bulleribasidiaceae,5234,Tremellales,155616,Tremellomycetes,5204,Basidiomycota,4751,Fungi
MC01400,Diplodinium sp.,1892578,Ciliophora,47888,Diplodinium,47890,Ophryoscolecidae,40634,Entodiniomorphida,5988,Litostomatea,5878,Ciliophora,2759,Eukaryota
MC03328,Dipodascus sp.,2486368,Ascomycota,27314,Dipodascus,34353,Dipodascaceae,4892,Saccharomycetales,4891,Saccharomycetes,4890,Ascomycota,4751,Fungi
MC02267,Dirkmeia churashimaensis,745057,Basidiomycota,1804769,Dirkmeia,5268,Ustilaginaceae,5267,Ustilaginales,5257,Ustilaginomycetes,5204,Basidiomycota,4751,Fungi
MC00054,"DM#1 mixture (Bifidobacterium breve DM8310, L acidophilus and L casei, and Streptococcus thermophillus) ",.,Probiotic mixture,.,.,.,.,.,.,.,.,.,.,.,.
MC03118,Dokdonella sp.,2291710,Pseudomonadota,323413,Dokdonella,1775411,Rhodanobacteraceae,135614,Lysobacterales,1236,Gammaproteobacteria,1224,Pseudomonadota,2,Bacteria
MC02268,Dolosigranulum pigrum,29394,Bacillota,29393,Dolosigranulum,186828,Carnobacteriaceae,186826,Lactobacillales,91061,Bacilli,1239,Bacillota,2,Bacteria
MC03060,Dolosigranulum sp.,311547,Bacillota,29393,Dolosigranulum,186828,Carnobacteriaceae,186826,Lactobacillales,91061,Bacilli,1239,Bacillota,2,Bacteria
MC00130,Dorea formicigenerans,39486,Bacillota,189330,Dorea,186803,Lachnospiraceae,3085636,Lachnospirales,186801,Clostridia,1239,Bacillota,2,Bacteria
MC00126,Dorea longicatena,88431,Bacillota,189330,Dorea,186803,Lachnospiraceae,3085636,Lachnospirales,186801,Clostridia,1239,Bacillota,2,Bacteria
MC01124,Dorea sp.,2040332,Bacillota,189330,Dorea,186803,Lachnospiraceae,3085636,Lachnospirales,186801,Clostridia,1239,Bacillota,2,Bacteria
MC03047,Dubosiella sp.,1937009,Bacillota,1937008,Dubosiella,128827,Erysipelotrichaceae,526525,Erysipelotrichales,526524,Erysipelotrichia,1239,Bacillota,2,Bacteria
MC00331,Duodenibacillus massiliensis,1852381,Pseudomonadota,1980697,Duodenibacillus,995019,Sutterellaceae,80840,Burkholderiales,28216,Betaproteobacteria,1224,Pseudomonadota,2,Bacteria
MC03088,Dyadobacter sp.,1914288,Bacteroidota,120831,Dyadobacter,2896860,Spirosomataceae,768507,Cytophagales,768503,Cytophagia,976,Bacteroidota,2,Bacteria
MC03206,Dyella sp.,1869338,Pseudomonadota,231454,Dyella,1775411,Rhodanobacteraceae,135614,Lysobacterales,1236,Gammaproteobacteria,1224,Pseudomonadota,2,Bacteria
MC03150,Dysgonomonas sp.,1891233,Bacteroidota,156973,Dysgonomonas,2005520,Dysgonomonadaceae,171549,Bacteroidales,200643,Bacteroidia,976,Bacteroidota,2,Bacteria
MC02269,Dysgonomonas wimpennyi,286119,Bacteroidota,156973,Dysgonomonas,2005520,Dysgonomonadaceae,171549,Bacteroidales,200643,Bacteroidia,976,Bacteroidota,2,Bacteria
MC01412,Echinacea sp.,53747,Streptophyta,53747,Echinacea,4210,Asteraceae,4209,Asterales,3398,Magnoliopsida,35493,Streptophyta,33090,Viridiplantae
MC02270,Edaphobacter aggregans,570835,Acidobacteriota,388463,Edaphobacter,204434,Acidobacteriaceae,204433,Terriglobales,204432,Terriglobia,57723,Acidobacteriota,2,Bacteria
MC01293,Edwardsiella ictaluri,67780,Pseudomonadota,635,Edwardsiella,1903412,Hafniaceae,91347,Enterobacterales,1236,Gammaproteobacteria,1224,Pseudomonadota,2,Bacteria
MC01437,Edwardsiella sp.,2676541,Pseudomonadota,635,Edwardsiella,1903412,Hafniaceae,91347,Enterobacterales,1236,Gammaproteobacteria,1224,Pseudomonadota,2,Bacteria
MC00310,Edwardsiella tarda,636,Pseudomonadota,635,Edwardsiella,1903412,Hafniaceae,91347,Enterobacterales,1236,Gammaproteobacteria,1224,Pseudomonadota,2,Bacteria
MC00355,Eggerthella lenta,84112,Actinomycetota,84111,Eggerthella,1643826,Eggerthellaceae,1643822,Eggerthellales,84998,Coriobacteriia,201174,Actinomycetota,2,Bacteria
MC00648,Eggerthella sinensis,242230,Actinomycetota,84111,Eggerthella,1643826,Eggerthellaceae,1643822,Eggerthellales,84998,Coriobacteriia,201174,Actinomycetota,2,Bacteria
MC00344,Eggerthella sp.,1929886,Actinomycetota,84111,Eggerthella,1643826,Eggerthellaceae,1643822,Eggerthellales,84998,Coriobacteriia,201174,Actinomycetota,2,Bacteria
MC00625,Eggerthella sp. YY7918,502558,Actinomycetota,84111,Eggerthella,1643826,Eggerthellaceae,1643822,Eggerthellales,84998,Coriobacteriia,201174,Actinomycetota,2,Bacteria
MC02271,Eikenella corrodens,539,Pseudomonadota,538,Eikenella,481,Neisseriaceae,206351,Neisseriales,28216,Betaproteobacteria,1224,Pseudomonadota,2,Bacteria
MC03252,Eikenella sp.,540,Pseudomonadota,538,Eikenella,481,Neisseriaceae,206351,Neisseriales,28216,Betaproteobacteria,1224,Pseudomonadota,2,Bacteria
MC02272,Eisenbergiella massiliensis,1720294,Bacillota,1432051,Eisenbergiella,186803,Lachnospiraceae,3085636,Lachnospirales,186801,Clostridia,1239,Bacillota,2,Bacteria
MC01666,Eisenbergiella sp.,1924109,Bacillota,1432051,Eisenbergiella,186803,Lachnospiraceae,3085636,Lachnospirales,186801,Clostridia,1239,Bacillota,2,Bacteria
MC00460,Eisenbergiella tayi,1432052,Bacillota,1432051,Eisenbergiella,186803,Lachnospiraceae,3085636,Lachnospirales,186801,Clostridia,1239,Bacillota,2,Bacteria
MC01679,Elizabethkingia sp.,1939629,Bacteroidota,308865,Elizabethkingia,2762318,Weeksellaceae,200644,Flavobacteriales,117743,Flavobacteriia,976,Bacteroidota,2,Bacteria
MC01488,Elusimicrobia sp.,3056411,Elusimicrobiota,.,.,.,.,.,.,.,.,74152,Elusimicrobiota,2,Bacteria
MC01554,Elusimicrobium sp.,2562704,Elusimicrobiota,423604,Elusimicrobium,641876,Elusimicrobiaceae,641854,Elusimicrobiales,641853,Elusimicrobia,74152,Elusimicrobiota,2,Bacteria
MC02273,Embellisia sp.,1868208,Ascomycota,5598,Alternaria,28556,Pleosporaceae,92860,Pleosporales,147541,Dothideomycetes,4890,Ascomycota,451864,Dikarya
MC00649,Emergencia timonensis,1776384,Bacillota,1926556,Emergencia,3030910,Anaerovoracaceae,3082720,Peptostreptococcales,186801,Clostridia,1239,Bacillota,2,Bacteria
MC00284,Empedobacter brevis,247,Bacteroidota,59734,Empedobacter,2762318,Weeksellaceae,200644,Flavobacteriales,117743,Flavobacteriia,976,Bacteroidota,2,Bacteria
MC02274,Empis stercorea,2484550,Arthropoda,178771,Empis,92557,Empididae,7147,Diptera,50557,Insecta,6656,Arthropoda,33208,Metazoa
MC03126,Engyodontium sp.,1913368,Ascomycota,73873,Engyodontium,.,.,.,.,.,.,4890,Ascomycota,4751,Fungi
MC00379,Enhydrobacter aerosaccus,225324,Pseudomonadota,212791,Enhydrobacter,.,.,356,Hyphomicrobiales,28211,Alphaproteobacteria,1224,Pseudomonadota,2,Bacteria
MC01585,Enhydrobacter sp.,1894999,Pseudomonadota,212791,Enhydrobacter,.,.,356,Hyphomicrobiales,28211,Alphaproteobacteria,1224,Pseudomonadota,2,Bacteria
MC00143,Enorma massiliensis,1472761,Actinomycetota,1472762,Enorma,84107,Coriobacteriaceae,84999,Coriobacteriales,84998,Coriobacteriia,201174,Actinomycetota,2,Bacteria
MC03100,Enorma sp.,1920692,Actinomycetota,1472762,Enorma,84107,Coriobacteriaceae,84999,Coriobacteriales,84998,Coriobacteriia,201174,Actinomycetota,2,Bacteria
MC00452,Entamoeba histolytica,5759,Evosea,5758,Entamoeba,33084,Entamoebidae,2682482,Mastigamoebida,.,.,2605435,Evosea,2759,Eukaryota
MC01296,Enterobacter asburiae,61645,Pseudomonadota,354276,Enterobacter cloacae complex,543,Enterobacteriaceae,91347,Enterobacterales,1236,Gammaproteobacteria,1224,Pseudomonadota,2,Bacteria
MC00127,Enterobacter cancerogenus,69218,Pseudomonadota,354276,Enterobacter cloacae complex,543,Enterobacteriaceae,91347,Enterobacterales,1236,Gammaproteobacteria,1224,Pseudomonadota,2,Bacteria
MC00070,Enterobacter cloacae,550,Pseudomonadota,354276,Enterobacter cloacae complex,543,Enterobacteriaceae,91347,Enterobacterales,1236,Gammaproteobacteria,1224,Pseudomonadota,2,Bacteria
MC01070,Enterobacter hormaechei,158836,Pseudomonadota,354276,Enterobacter cloacae complex,543,Enterobacteriaceae,91347,Enterobacterales,1236,Gammaproteobacteria,1224,Pseudomonadota,2,Bacteria
MC01314,Enterobacter lignolyticus,1334193,Pseudomonadota,1330546,Pluralibacter,543,Enterobacteriaceae,91347,Enterobacterales,1236,Gammaproteobacteria,1224,Pseudomonadota,2,Bacteria
MC02275,Enterobacter ludwigii,299767,Pseudomonadota,547,Enterobacter,543,Enterobacteriaceae,91347,Enterobacterales,1236,Gammaproteobacteria,1224,Pseudomonadota,2,Bacteria
MC00325,Enterobacter sp.,42895,Pseudomonadota,547,Enterobacter,543,Enterobacteriaceae,91347,Enterobacterales,1236,Gammaproteobacteria,1224,Pseudomonadota,2,Bacteria
MC01220,Enterobacter sp. 638,399742,Pseudomonadota,547,Enterobacter,543,Enterobacteriaceae,91347,Enterobacterales,1236,Gammaproteobacteria,1224,Pseudomonadota,2,Bacteria
MC03412,Enterobacteria phage f1,10863,Hofneiviricota,10861,Inovirus,10860,Inoviridae,2732094,Tubulavirales,2732411,Faserviricetes,2732410,Hofneiviricota,2732090,Loebvirae
MC01755,Enterobacteriaceae bacterium,1849603,Pseudomonadota,.,.,543,Enterobacteriaceae,91347,Enterobacterales,1236,Gammaproteobacteria,1224,Pseudomonadota,2,Bacteria
MC01143,Enterobacteriaceae incertae sedis,191675,Pseudomonadota,.,.,543,Enterobacteriaceae,91347,Enterobacterales,1236,Gammaproteobacteria,1224,Pseudomonadota,2,Bacteria
MC00531,Enterocloster aldenensis,358742,Bacillota,2719313,Enterocloster,186803,Lachnospiraceae,3085636,Lachnospirales,186801,Clostridia,1239,Bacillota,2,Bacteria
MC00547,Enterocloster asparagiformis,333367,Bacillota,2719313,Enterocloster,186803,Lachnospiraceae,3085636,Lachnospirales,186801,Clostridia,1239,Bacillota,2,Bacteria
MC00184,Enterocloster bolteae,208479,Bacillota,2719313,Enterocloster,186803,Lachnospiraceae,3085636,Lachnospirales,186801,Clostridia,1239,Bacillota,2,Bacteria
MC02023,Enterocloster lavalensis,460384,Bacillota,2719313,Enterocloster,186803,Lachnospiraceae,3085636,Lachnospirales,186801,Clostridia,1239,Bacillota,2,Bacteria
MC00535,Enterococcus avium,33945,Bacillota,1350,Enterococcus,81852,Enterococcaceae,186826,Lactobacillales,91061,Bacilli,1239,Bacillota,2,Bacteria
MC00185,Enterococcus casseliflavus,37734,Bacillota,1350,Enterococcus,81852,Enterococcaceae,186826,Lactobacillales,91061,Bacilli,1239,Bacillota,2,Bacteria
MC00186,Enterococcus durans,53345,Bacillota,1350,Enterococcus,81852,Enterococcaceae,186826,Lactobacillales,91061,Bacilli,1239,Bacillota,2,Bacteria
MC00002,Enterococcus faecalis,1351,Bacillota,1350,Enterococcus,81852,Enterococcaceae,186826,Lactobacillales,91061,Bacilli,1239,Bacillota,2,Bacteria
MC00187,Enterococcus faecium,1352,Bacillota,1350,Enterococcus,81852,Enterococcaceae,186826,Lactobacillales,91061,Bacilli,1239,Bacillota,2,Bacteria
MC00188,Enterococcus gallinarum,1353,Bacillota,1350,Enterococcus,81852,Enterococcaceae,186826,Lactobacillales,91061,Bacilli,1239,Bacillota,2,Bacteria
MC00502,Enterococcus gilvus,160453,Bacillota,1350,Enterococcus,81852,Enterococcaceae,186826,Lactobacillales,91061,Bacilli,1239,Bacillota,2,Bacteria
MC00189,Enterococcus hirae,1354,Bacillota,1350,Enterococcus,81852,Enterococcaceae,186826,Lactobacillales,91061,Bacilli,1239,Bacillota,2,Bacteria
MC00302,Enterococcus malodoratus,71451,Bacillota,1350,Enterococcus,81852,Enterococcaceae,186826,Lactobacillales,91061,Bacilli,1239,Bacillota,2,Bacteria
MC00190,Enterococcus mundtii,53346,Bacillota,1350,Enterococcus,81852,Enterococcaceae,186826,Lactobacillales,91061,Bacilli,1239,Bacillota,2,Bacteria
MC00437,Enterococcus saccharolyticus,41997,Bacillota,1350,Enterococcus,81852,Enterococcaceae,186826,Lactobacillales,91061,Bacilli,1239,Bacillota,2,Bacteria
MC00337,Enterococcus sp.,35783,Bacillota,1350,Enterococcus,81852,Enterococcaceae,186826,Lactobacillales,91061,Bacilli,1239,Bacillota,2,Bacteria
MC00629,Enterococcus sp. 45,1343173,Bacillota,1350,Enterococcus,81852,Enterococcaceae,186826,Lactobacillales,91061,Bacilli,1239,Bacillota,2,Bacteria
MC02276,Enterococcus sp. NBRC 107345,1114161,Bacillota,1350,Enterococcus,81852,Enterococcaceae,186826,Lactobacillales,91061,Bacilli,1239,Bacillota,2,Bacteria
MC02277,Enterocytozoon bieneusi,31281,Microsporidia,27971,Enterocytozoon,27970,Enterocytozoonidae,.,.,.,.,6029,Microsporidia,4751,Fungi
MC03174,Enterocytozoon sp.,75831,Microsporidia,27971,Enterocytozoon,27970,Enterocytozoonidae,.,.,.,.,6029,Microsporidia,4751,Fungi
MC01122,Enterorhabdus sp.,1977263,Actinomycetota,580024,Enterorhabdus,1643826,Eggerthellaceae,1643822,Eggerthellales,84998,Coriobacteriia,201174,Actinomycetota,2,Bacteria
MC02761,Enterovirus sp.,47681,Pisuviricota,12059,Enterovirus,12058,Picornaviridae,464095,Picornavirales,2732506,Pisoniviricetes,2732408,Pisuviricota,2732396,Orthornavirae
MC01698,Entodinium sp.,40636,Ciliophora,40635,Entodinium,47890,Ophryoscolecidae,40634,Entodiniomorphida,5988,Litostomatea,5878,Ciliophora,2759,Eukaryota
MC03266,Entyloma sp.,2650695,Basidiomycota,62636,Entyloma,62635,Entylomataceae,62914,Entylomatales,452283,Exobasidiomycetes,5204,Basidiomycota,4751,Fungi
MC02904,Entylomatales sp.,2011688,Basidiomycota,.,.,.,.,62914,Entylomatales,452283,Exobasidiomycetes,5204,Basidiomycota,4751,Fungi
MC02973,Epicoccum sp.,1859956,Ascomycota,104397,Epicoccum,683158,Didymellaceae,92860,Pleosporales,147541,Dothideomycetes,4890,Ascomycota,451864,Dikarya
MC01699,Epidinium sp.,40638,Ciliophora,40637,Epidinium,47890,Ophryoscolecidae,40634,Entodiniomorphida,5988,Litostomatea,5878,Ciliophora,2759,Eukaryota
MC01686,Epilithonimonas sp.,2894511,Bacteroidota,2782229,Epilithonimonas,2762318,Weeksellaceae,200644,Flavobacteriales,117743,Flavobacteriia,976,Bacteroidota,2,Bacteria
MC01564,Epulopiscium sp.,3100283,Bacillota,2383,Candidatus Epulonipiscium,186803,Lachnospiraceae,3085636,Lachnospirales,186801,Clostridia,1239,Bacillota,2,Bacteria
MC02278,Eremothecium sinecaudum,45286,Ascomycota,33170,Eremothecium,4893,Saccharomycetaceae,4892,Saccharomycetales,4891,Saccharomycetes,4890,Ascomycota,4751,Fungi
MC00513,Erwinia amylovora,552,Pseudomonadota,551,Erwinia,1903409,Erwiniaceae,91347,Enterobacterales,1236,Gammaproteobacteria,1224,Pseudomonadota,2,Bacteria
MC01292,Erwinia billingiae,182337,Pseudomonadota,551,Erwinia,1903409,Erwiniaceae,91347,Enterobacterales,1236,Gammaproteobacteria,1224,Pseudomonadota,2,Bacteria
MC02279,Erwinia mallotivora,69222,Pseudomonadota,551,Erwinia,1903409,Erwiniaceae,91347,Enterobacterales,1236,Gammaproteobacteria,1224,Pseudomonadota,2,Bacteria
MC01544,Erwinia sp.,558,Pseudomonadota,551,Erwinia,1903409,Erwiniaceae,91347,Enterobacterales,1236,Gammaproteobacteria,1224,Pseudomonadota,2,Bacteria
MC01240,Erwinia tasmaniensis,338565,Pseudomonadota,551,Erwinia,1903409,Erwiniaceae,91347,Enterobacterales,1236,Gammaproteobacteria,1224,Pseudomonadota,2,Bacteria
MC00300,Erysipelothrix rhusiopathiae,1648,Bacillota,1647,Erysipelothrix,128827,Erysipelotrichaceae,526525,Erysipelotrichales,526524,Erysipelotrichia,1239,Bacillota,2,Bacteria
MC01547,Erysipelothrix sp.,38403,Bacillota,1647,Erysipelothrix,128827,Erysipelotrichaceae,526525,Erysipelotrichales,526524,Erysipelotrichia,1239,Bacillota,2,Bacteria
MC00191,Erysipelotrichaceae bacterium,2049044,Bacillota,.,.,128827,Erysipelotrichaceae,526525,Erysipelotrichales,526524,Erysipelotrichia,1239,Bacillota,2,Bacteria
MC01101,Erysipelotrichaceae bacterium 21-3,658657,Bacillota,.,.,128827,Erysipelotrichaceae,526525,Erysipelotrichales,526524,Erysipelotrichia,1239,Bacillota,2,Bacteria
MC03467,Erysipelotrichaceae bacterium GAM147,2109692,Bacillota,.,.,.,Erysipelotrichaceae,526525,Erysipelotrichales,526524,Erysipelotrichia,1239,Bacillota,2,Bacteria
MC01144,Erysipelotrichaceae incertae sedis,433334,Bacillota,.,.,128827,Erysipelotrichaceae,526525,Erysipelotrichales,526524,Erysipelotrichia,1239,Bacillota,2,Bacteria
MC02934,Erysiphaceae sp.,1914865,Ascomycota,.,.,34371,Erysiphaceae,5120,Erysiphales,147548,Leotiomycetes,4890,Ascomycota,4751,Fungi
MC02280,Erysiphe necator,52586,Ascomycota,5121,Erysiphe,34371,Erysiphaceae,5120,Erysiphales,147548,Leotiomycetes,4890,Ascomycota,451864,Dikarya
MC02281,Erythrobacter tepidarius,60454,Pseudomonadota,1041,Erythrobacter,335929,Erythrobacteraceae,204457,Sphingomonadales,28211,Alphaproteobacteria,1224,Pseudomonadota,2,Bacteria
MC01248,Escherichia albertii,208962,Pseudomonadota,561,Escherichia,543,Enterobacteriaceae,91347,Enterobacterales,1236,Gammaproteobacteria,1224,Pseudomonadota,2,Bacteria
MC00040,Escherichia coli,562,Pseudomonadota,561,Escherichia,543,Enterobacteriaceae,91347,Enterobacterales,1236,Gammaproteobacteria,1224,Pseudomonadota,2,Bacteria
MC02282,Escherichia fergusonii,564,Pseudomonadota,561,Escherichia,543,Enterobacteriaceae,91347,Enterobacterales,1236,Gammaproteobacteria,1224,Pseudomonadota,2,Bacteria
MC00522,Escherichia sp.,1884818,Pseudomonadota,561,Escherichia,543,Enterobacteriaceae,91347,Enterobacterales,1236,Gammaproteobacteria,1224,Pseudomonadota,2,Bacteria
MC00630,Escherichia sp. 12,1343175,Pseudomonadota,561,Escherichia,543,Enterobacteriaceae,91347,Enterobacterales,1236,Gammaproteobacteria,1224,Pseudomonadota,2,Bacteria
MC00631,Escherichia sp. 33,1343178,Pseudomonadota,561,Escherichia,543,Enterobacteriaceae,91347,Enterobacterales,1236,Gammaproteobacteria,1224,Pseudomonadota,2,Bacteria
MC00632,Escherichia sp. 4,1343180,Pseudomonadota,561,Escherichia,543,Enterobacteriaceae,91347,Enterobacterales,1236,Gammaproteobacteria,1224,Pseudomonadota,2,Bacteria
MC01120,Escherichia/Shigella sp.,1940339,Uroviricota,.,.,.,.,.,.,2731619,Caudoviricetes,2731618,Uroviricota,2731360,Heunggongvirae
MC02724,Escherichia-Shigella ratio,.,Escherichia-Shigella ratio,.,.,.,.,.,.,.,.,.,.,.,.
MC03456,Eubacteriales Family IV. Incertae Sedis,1689151,Bacillota,.,.,1689151,Eubacteriales Family IV. Incertae Sedis,186802,Eubacteriales,186801,Clostridia,1239,Bacillota,2,Bacteria
MC01018,Eubacteriales Family XIII. Incertae Sedis,543314,Bacillota,.,.,543314,Eubacteriales Family XIII. Incertae Sedis,186802,Eubacteriales,186801,Clostridia,1239,Bacillota,2,Bacteria
MC02283,Eubacterium brachy,35517,Bacillota,.,.,543314,Eubacteriales Family XIII. Incertae Sedis,186802,Eubacteriales,186801,Clostridia,1239,Bacillota,2,Bacteria
MC01056,Eubacterium callanderi,53442,Bacillota,1730,Eubacterium,186806,Eubacteriaceae,186802,Eubacteriales,186801,Clostridia,1239,Bacillota,2,Bacteria
MC00297,Eubacterium cellulosolvens,29322,Bacillota,1730,Eubacterium,186806,Eubacteriaceae,186802,Eubacteriales,186801,Clostridia,1239,Bacillota,2,Bacteria
MC00253,Eubacterium coprostanoligenes,290054,Bacillota,1730,Eubacterium,186806,Eubacteriaceae,186802,Eubacteriales,186801,Clostridia,1239,Bacillota,2,Bacteria
MC00192,Eubacterium eligens,39485,Bacillota,28050,Lachnospira,186803,Lachnospiraceae,3085636,Lachnospirales,186801,Clostridia,1239,Bacillota,2,Bacteria
MC01078,Eubacterium fissicatena,290055,Bacillota,2005359,Faecalicatena,186803,Lachnospiraceae,3085636,Lachnospirales,186801,Clostridia,1239,Bacillota,2,Bacteria
MC02284,Eubacterium infirmum,56774,Bacillota,.,.,543314,Eubacteriales Family XIII. Incertae Sedis,186802,Eubacteriales,186801,Clostridia,1239,Bacillota,2,Bacteria
MC00511,Eubacterium limosum,1736,Bacillota,1730,Eubacterium,186806,Eubacteriaceae,186802,Eubacteriales,186801,Clostridia,1239,Bacillota,2,Bacteria
MC02285,Eubacterium minutum,76124,Bacillota,.,.,543314,Eubacteriales Family XIII. Incertae Sedis,186802,Eubacteriales,186801,Clostridia,1239,Bacillota,2,Bacteria
MC02286,Eubacterium nodatum,35518,Bacillota,.,.,543314,Eubacteriales Family XIII. Incertae Sedis,186802,Eubacteriales,186801,Clostridia,1239,Bacillota,2,Bacteria
MC00494,Eubacterium oxidoreducens,1732,Bacillota,1730,Eubacterium,186806,Eubacteriaceae,186802,Eubacteriales,186801,Clostridia,1239,Bacillota,2,Bacteria
MC01185,Eubacterium plexicaudatum,97253,Bacillota,1730,Eubacterium,186806,Eubacteriaceae,186802,Eubacteriales,186801,Clostridia,1239,Bacillota,2,Bacteria
MC00259,Eubacterium ramulus,39490,Bacillota,1730,Eubacterium,186806,Eubacteriaceae,186802,Eubacteriales,186801,Clostridia,1239,Bacillota,2,Bacteria
MC01052,Eubacterium ruminantium,42322,Bacillota,1730,Eubacterium,186806,Eubacteriaceae,186802,Eubacteriales,186801,Clostridia,1239,Bacillota,2,Bacteria
MC02287,Eubacterium saphenum,51123,Bacillota,.,.,543314,Eubacteriales Family XIII. Incertae Sedis,186802,Eubacteriales,186801,Clostridia,1239,Bacillota,2,Bacteria
MC00193,Eubacterium siraeum,39492,Bacillota,.,.,216572,Oscillospiraceae,186802,Eubacteriales,186801,Clostridia,1239,Bacillota,2,Bacteria
MC00021,Eubacterium sp.,142586,Bacillota,1730,Eubacterium,186806,Eubacteriaceae,186802,Eubacteriales,186801,Clostridia,1239,Bacillota,2,Bacteria
MC01762,Eubacterium sp. 1-3,2583452,Bacillota,2749267,Amedibacterium,128827,Erysipelotrichaceae,526525,Erysipelotrichales,526524,Erysipelotrichia,1239,Bacillota,2,Bacteria
MC01087,Eubacterium sp. 3-1-31,457402,Bacillota,1730,Eubacterium,186806,Eubacteriaceae,186802,Eubacteriales,186801,Clostridia,1239,Bacillota,2,Bacteria
MC00266,Eubacterium sp. A-44,394229,Bacillota,1730,Eubacterium,186806,Eubacteriaceae,186802,Eubacteriales,186801,Clostridia,1239,Bacillota,2,Bacteria
MC00194,Eubacterium sp. CAG:146,1262879,Bacillota,1730,Eubacterium,186806,Eubacteriaceae,186802,Eubacteriales,186801,Clostridia,1239,Bacillota,2,Bacteria
MC02288,Eubacterium sulci,143393,Bacillota,.,.,543314,Eubacteriales Family XIII. Incertae Sedis,186802,Eubacteriales,186801,Clostridia,1239,Bacillota,2,Bacteria
MC00548,Eubacterium ventriosum,39496,Bacillota,1730,Eubacterium,186806,Eubacteriaceae,186802,Eubacteriales,186801,Clostridia,1239,Bacillota,2,Bacteria
MC01048,Eubacterium xylanophilum,39497,Bacillota,1730,Eubacterium,186806,Eubacteriaceae,186802,Eubacteriales,186801,Clostridia,1239,Bacillota,2,Bacteria
MC00022,Eubacterium YK-4,142586,Bacillota,1730,Eubacterium,186806,Eubacteriaceae,186802,Eubacteriales,186801,Clostridia,1239,Bacillota,2,Bacteria
MC02289,Eubacterium yurii,39498,Bacillota,1913599,Peptoanaerobacter,3118655,Filifactoraceae,3082720,Peptostreptococcales,186801,Clostridia,1239,Bacillota,2,Bacteria
MC02785,Eurotiomycetes sp.,1709936,Ascomycota,.,.,.,.,.,.,147545,Eurotiomycetes,4890,Ascomycota,4751,Fungi
MC03257,Exidia sp.,2107905,Basidiomycota,5218,Exidia,34426,Exidiaceae,5226,Auriculariales,155619,Agaricomycetes,5204,Basidiomycota,4751,Fungi
MC02290,Exiguobacterium oxidotolerans,223958,Bacillota,33986,Exiguobacterium,.,.,1385,Bacillales,91061,Bacilli,1239,Bacillota,2,Bacteria
MC03297,Exiguobacterium sp.,44751,Bacillota,33986,Exiguobacterium,.,.,1385,Bacillales,91061,Bacilli,1239,Bacillota,2,Bacteria
MC02919,Exobasidiomycetes sp.,2012057,Basidiomycota,.,.,.,.,.,.,452283,Exobasidiomycetes,5204,Basidiomycota,4751,Fungi
MC02291,Exophiala mesophila,212818,Ascomycota,5583,Exophiala,43219,Herpotrichiellaceae,34395,Chaetothyriales,147545,Eurotiomycetes,4890,Ascomycota,451864,Dikarya
MC03091,Exophiala sp.,1718875,Ascomycota,5583,Exophiala,43219,Herpotrichiellaceae,34395,Chaetothyriales,147545,Eurotiomycetes,4890,Ascomycota,451864,Dikarya
MC02292,Ezakiella coagulans,46507,Bacillota,1582879,Ezakiella,.,.,.,.,1737404,Tissierellia,1239,Bacillota,2,Bacteria
MC03315,Ezakiella sp.,1935205,Bacillota,1582879,Ezakiella,.,.,.,.,1737404,Tissierellia,1239,Bacillota,2,Bacteria
MC01541,Facklamia sp.,2015592,Bacillota,66831,Facklamia,186827,Aerococcaceae,186826,Lactobacillales,91061,Bacilli,1239,Bacillota,2,Bacteria
MC01683,Faecalibacter sp.,2766736,Bacteroidota,2766734,Faecalibacter,2762318,Weeksellaceae,200644,Flavobacteriales,117743,Flavobacteriia,976,Bacteroidota,2,Bacteria
MC02293,Faecalibacterium duncaniae,411483,Bacillota,216851,Faecalibacterium,216572,Oscillospiraceae,186802,Eubacteriales,186801,Clostridia,1239,Bacillota,2,Bacteria
MC02294,Faecalibacterium gallinarum,2903556,Bacillota,216851,Faecalibacterium,216572,Oscillospiraceae,186802,Eubacteriales,186801,Clostridia,1239,Bacillota,2,Bacteria
MC00068,Faecalibacterium prausnitzii,853,Bacillota,216851,Faecalibacterium,216572,Oscillospiraceae,186802,Eubacteriales,186801,Clostridia,1239,Bacillota,2,Bacteria
MC00226,Faecalibacterium sp.,1971605,Bacillota,216851,Faecalibacterium,216572,Oscillospiraceae,186802,Eubacteriales,186801,Clostridia,1239,Bacillota,2,Bacteria
MC01753,Faecalibaculum rodentium,1702221,Bacillota,1729679,Faecalibaculum,128827,Erysipelotrichaceae,526525,Erysipelotrichales,526524,Erysipelotrichia,1239,Bacillota,2,Bacteria
MC03207,Faecalibaculum sp.,1937015,Bacillota,1729679,Faecalibaculum,128827,Erysipelotrichaceae,526525,Erysipelotrichales,526524,Erysipelotrichia,1239,Bacillota,2,Bacteria
MC00471,Faecalicatena orotica,1544,Bacillota,2005359,Faecalicatena,186803,Lachnospiraceae,3085636,Lachnospirales,186801,Clostridia,1239,Bacillota,2,Bacteria
MC03289,Faecalicoccus sp.,1971758,Bacillota,1573536,Faecalicoccus,128827,Erysipelotrichaceae,526525,Erysipelotrichales,526524,Erysipelotrichia,1239,Bacillota,2,Bacteria
MC02295,Faecalimicrobium dakarense,1301100,Bacillota,3120164,Faecalimicrobium,186804,Peptostreptococcaceae,3082720,Peptostreptococcales,186801,Clostridia,1239,Bacillota,2,Bacteria
MC02296,Faecalispora sporosphaeroides,1549,Bacillota,3115229,Faecalispora,216572,Oscillospiraceae,186802,Eubacteriales,186801,Clostridia,1239,Bacillota,2,Bacteria
MC02011,Faecalitalea cylindroides,39483,Bacillota,1573534,Faecalitalea,128827,Erysipelotrichaceae,526525,Erysipelotrichales,526524,Erysipelotrichia,1239,Bacillota,2,Bacteria
MC01538,Faecalitalea sp.,1971761,Bacillota,1573534,Faecalitalea,128827,Erysipelotrichaceae,526525,Erysipelotrichales,526524,Erysipelotrichia,1239,Bacillota,2,Bacteria
MC02014,Fannyhessea vaginae,82135,Actinomycetota,2767327,Fannyhessea,1643824,Atopobiaceae,84999,Coriobacteriales,84998,Coriobacteriia,201174,Actinomycetota,2,Bacteria
MC02736,Fastidiosipila sp.,1938886,Bacillota,236752,Fastidiosipila,216572,Oscillospiraceae,186802,Eubacteriales,186801,Clostridia,1239,Bacillota,2,Bacteria
MC03044,Ferrimonas sp.,2080861,Pseudomonadota,44011,Ferrimonas,267892,Ferrimonadaceae,135622,Alteromonadales,1236,Gammaproteobacteria,1224,Pseudomonadota,2,Bacteria
MC01147,Fibrobacter succinogenes,833,Fibrobacterota,832,Fibrobacter,204431,Fibrobacteraceae,218872,Fibrobacterales,204430,Fibrobacteria,65842,Fibrobacterota,2,Bacteria
MC02297,Filifactor alocis,143361,Bacillota,44259,Filifactor,3118655,Filifactoraceae,3082720,Peptostreptococcales,186801,Clostridia,1239,Bacillota,2,Bacteria
MC01631,Filifactor sp.,417612,Bacillota,44259,Filifactor,3118655,Filifactoraceae,3082720,Peptostreptococcales,186801,Clostridia,1239,Bacillota,2,Bacteria
MC02947,Filobasidiaceae sp.,2011694,Basidiomycota,.,.,5408,Filobasidiaceae,90886,Filobasidiales,155616,Tremellomycetes,5204,Basidiomycota,4751,Fungi
MC02858,Filobasidiales sp.,2011925,Basidiomycota,.,.,.,.,90886,Filobasidiales,155616,Tremellomycetes,5204,Basidiomycota,4751,Fungi
MC02298,Filobasidium floriforme,5210,Basidiomycota,5209,Filobasidium,5408,Filobasidiaceae,90886,Filobasidiales,155616,Tremellomycetes,5204,Basidiomycota,4751,Fungi
MC03230,Filobasidium sp.,1895942,Basidiomycota,5209,Filobasidium,5408,Filobasidiaceae,90886,Filobasidiales,155616,Tremellomycetes,5204,Basidiomycota,4751,Fungi
MC02299,Filobasidium stepposum,350811,Basidiomycota,5209,Filobasidium,5408,Filobasidiaceae,90886,Filobasidiales,155616,Tremellomycetes,5204,Basidiomycota,4751,Fungi
MC02300,Filobasidium uniguttulatum,5212,Basidiomycota,5209,Filobasidium,5408,Filobasidiaceae,90886,Filobasidiales,155616,Tremellomycetes,5204,Basidiomycota,4751,Fungi
MC00633,Finegoldia magna,1260,Bacillota,150022,Finegoldia,1570339,Peptoniphilaceae,1737405,Tissierellales,1737404,Tissierellia,1239,Bacillota,2,Bacteria
MC03035,Finegoldia sp.,1981334,Bacillota,150022,Finegoldia,1570339,Peptoniphilaceae,1737405,Tissierellales,1737404,Tissierellia,1239,Bacillota,2,Bacteria
MC02301,Firmicutes bacterium ASF500,1378168,Bacillota,.,.,.,.,.,.,.,.,1239,Bacillota,2,Bacteria
MC02302,Firmicutes bacterium CAG:102,1262998,Bacillota,.,.,.,.,.,.,.,.,1239,Bacillota,2,Bacteria
MC02303,Firmicutes bacterium CAG:110,1263000,Bacillota,.,.,.,.,.,.,.,.,1239,Bacillota,2,Bacteria
MC00195,Firmicutes bacterium CAG:227,1263010,Bacillota,.,.,.,.,.,.,.,.,1239,Bacillota,2,Bacteria
MC02304,Firmicutes bacterium CAG:240,1263013,Bacillota,.,.,.,.,.,.,.,.,1239,Bacillota,2,Bacteria
MC00196,Firmicutes bacterium CAG:552,1263029,Bacillota,.,.,.,.,.,.,.,.,1239,Bacillota,2,Bacteria
MC02305,Firmicutes bacterium EG14,390750,Bacillota,.,.,.,.,.,.,.,.,1239,Bacillota,2,Bacteria
MC02306,Firmicutes str. C29,180824,Unclear phylum,.,.,.,.,.,.,.,.,.,.,2,Bacteria
MC01368,Firmicutes-Bacteroidetes ratio,.,Firmicutes-Bacteroidetes ratio,.,.,.,.,.,.,.,.,.,.,.,.
MC03253,Flavisolibacter sp.,1954249,Bacteroidota,398041,Flavisolibacter,563835,Chitinophagaceae,1853229,Chitinophagales,1853228,Chitinophagia,976,Bacteroidota,2,Bacteria
MC02307,Flavobacteriaceae bacterium 3519-10,531844,Bacteroidota,.,.,49546,Flavobacteriaceae,200644,Flavobacteriales,117743,Flavobacteriia,976,Bacteroidota,2,Bacteria
MC01076,Flavobacterium antarcticum,271155,Bacteroidota,237,Flavobacterium,49546,Flavobacteriaceae,200644,Flavobacteriales,117743,Flavobacteriia,976,Bacteroidota,2,Bacteria
MC01451,Flavobacterium sp.,239,Bacteroidota,237,Flavobacterium,49546,Flavobacteriaceae,200644,Flavobacteriales,117743,Flavobacteriia,976,Bacteroidota,2,Bacteria
MC00026,Flavonifractor plautii,292800,Bacillota,946234,Flavonifractor,216572,Oscillospiraceae,186802,Eubacteriales,186801,Clostridia,1239,Bacillota,2,Bacteria
MC00242,Flavonifractor sp.,2049025,Bacillota,946234,Flavonifractor,216572,Oscillospiraceae,186802,Eubacteriales,186801,Clostridia,1239,Bacillota,2,Bacteria
MC03203,Flexilinea sp.,2017390,Chloroflexota,1769713,Flexilinea,292628,Anaerolineaceae,292629,Anaerolineales,292625,Anaerolineae,200795,Chloroflexota,2,Bacteria
MC01399,Flexispira sp.,1776876,Campylobacterota,2353,Flexispira,72293,Helicobacteraceae,213849,Campylobacterales,3031852,Epsilonproteobacteria,29547,Campylobacterota,2,Bacteria
MC02308,Flexispira sp. CDC-H69,98428,Campylobacterota,2353,Flexispira,72293,Helicobacteraceae,213849,Campylobacterales,3031852,Epsilonproteobacteria,29547,Campylobacterota,2,Bacteria
MC03304,Fluviicola sp.,1917219,Bacteroidota,332102,Fluviicola,1853230,Crocinitomicaceae,200644,Flavobacteriales,117743,Flavobacteriia,976,Bacteroidota,2,Bacteria
MC03155,Fonsecaea sp.,2012101,Ascomycota,40354,Fonsecaea,43219,Herpotrichiellaceae,34395,Chaetothyriales,147545,Eurotiomycetes,4890,Ascomycota,451864,Dikarya
MC00318,Fournierella massiliensis,1650663,Bacillota,1940255,Fournierella,216572,Oscillospiraceae,186802,Eubacteriales,186801,Clostridia,1239,Bacillota,2,Bacteria
MC03191,Fournierella sp.,1940256,Bacillota,1940255,Fournierella,216572,Oscillospiraceae,186802,Eubacteriales,186801,Clostridia,1239,Bacillota,2,Bacteria
MC03340,Frateuria sp.,2211372,Pseudomonadota,70411,Frateuria,1775411,Rhodanobacteraceae,135614,Lysobacterales,1236,Gammaproteobacteria,1224,Pseudomonadota,2,Bacteria
MC02309,Fretibacterium fastidiosum,651822,Synergistota,1434006,Fretibacterium,3029087,Aminobacteriaceae,649776,Synergistales,649775,Synergistia,508458,Synergistota,2,Bacteria
MC03357,Fretibacterium sp.,2699746,Synergistota,1434006,Fretibacterium,3029087,Aminobacteriaceae,649776,Synergistales,649775,Synergistia,508458,Synergistota,2,Bacteria
MC03112,Frigoribacterium sp.,1880915,Actinomycetota,96492,Frigoribacterium,85023,Microbacteriaceae,85006,Micrococcales,1760,Actinomycetes,201174,Actinomycetota,2,Bacteria
MC02310,Fructilactobacillus sanfranciscensis,1625,Bacillota,2767881,Fructilactobacillus,33958,Lactobacillaceae,186826,Lactobacillales,91061,Bacilli,1239,Bacillota,2,Bacteria
MC02311,Fucophilus fucoidanolyticus,177412,Verrucomicrobiota,177411,Fucophilus,203557,Verrucomicrobiaceae,48461,Verrucomicrobiales,203494,Verrucomicrobiia,74201,Verrucomicrobiota,2,Bacteria
MC02312,Furfurilactobacillus rossiae,231049,Bacillota,2767882,Furfurilactobacillus,33958,Lactobacillaceae,186826,Lactobacillales,91061,Bacilli,1239,Bacillota,2,Bacteria
MC00405,Fusarium oxysporum,5507,Ascomycota,171631,Fusarium oxysporum species complex,110618,Nectriaceae,5125,Hypocreales,147550,Sordariomycetes,4890,Ascomycota,4751,Fungi
MC00406,Fusarium proliferatum,948311,Ascomycota,171627,Fusarium fujikuroi species complex,110618,Nectriaceae,5125,Hypocreales,147550,Sordariomycetes,4890,Ascomycota,4751,Fungi
MC02313,Fusarium pseudograminearum,101028,Ascomycota,5506,Fusarium,110618,Nectriaceae,5125,Hypocreales,147550,Sordariomycetes,4890,Ascomycota,451864,Dikarya
MC00407,Fusarium solani,169388,Ascomycota,232080,Fusarium solani species complex,110618,Nectriaceae,5125,Hypocreales,147550,Sordariomycetes,4890,Ascomycota,4751,Fungi
MC00579,Fusarium sp.,29916,Ascomycota,5506,Fusarium,110618,Nectriaceae,5125,Hypocreales,147550,Sordariomycetes,4890,Ascomycota,451864,Dikarya
MC03081,Fusibacter sp.,2004507,Bacillota,76008,Fusibacter,543313,Eubacteriales Family XII. Incertae Sedis,186802,Eubacteriales,186801,Clostridia,1239,Bacillota,2,Bacteria
MC02314,Fusicatenibacter saccharivorans,1150298,Bacillota,1407607,Fusicatenibacter,186803,Lachnospiraceae,3085636,Lachnospirales,186801,Clostridia,1239,Bacillota,2,Bacteria
MC01580,Fusicatenibacter sp.,2773922,Bacillota,1407607,Fusicatenibacter,186803,Lachnospiraceae,3085636,Lachnospirales,186801,Clostridia,1239,Bacillota,2,Bacteria
MC02315,Fusobacterium animalis,76859,Fusobacteriota,848,Fusobacterium,203492,Fusobacteriaceae,203491,Fusobacteriales,203490,Fusobacteriia,32066,Fusobacteriota,2,Bacteria
MC00388,Fusobacterium canifelinum,285729,Fusobacteriota,848,Fusobacterium,203492,Fusobacteriaceae,203491,Fusobacteriales,203490,Fusobacteriia,32066,Fusobacteriota,2,Bacteria
MC02316,Fusobacterium gonidiaformans,849,Fusobacteriota,848,Fusobacterium,203492,Fusobacteriaceae,203491,Fusobacteriales,203490,Fusobacteriia,32066,Fusobacteriota,2,Bacteria
MC00019,Fusobacterium K-60,68766,Fusobacteriota,848,Fusobacterium,203492,Fusobacteriaceae,203491,Fusobacteriales,203490,Fusobacteriia,32066,Fusobacteriota,2,Bacteria
MC00095,Fusobacterium mortiferum,850,Fusobacteriota,848,Fusobacterium,203492,Fusobacteriaceae,203491,Fusobacteriales,203490,Fusobacteriia,32066,Fusobacteriota,2,Bacteria
MC02317,Fusobacterium naviforme,77917,Fusobacteriota,848,Fusobacterium,203492,Fusobacteriaceae,203491,Fusobacteriales,203490,Fusobacteriia,32066,Fusobacteriota,2,Bacteria
MC01274,Fusobacterium necrophorum,859,Fusobacteriota,848,Fusobacterium,203492,Fusobacteriaceae,203491,Fusobacteriales,203490,Fusobacteriia,32066,Fusobacteriota,2,Bacteria
MC00055,Fusobacterium nucleatum,851,Fusobacteriota,848,Fusobacterium,203492,Fusobacteriaceae,203491,Fusobacteriales,203490,Fusobacteriia,32066,Fusobacteriota,2,Bacteria
MC02318,Fusobacterium perfoetens,852,Fusobacteriota,848,Fusobacterium,203492,Fusobacteriaceae,203491,Fusobacteriales,203490,Fusobacteriia,32066,Fusobacteriota,2,Bacteria
MC02319,Fusobacterium periodonticum,860,Fusobacteriota,848,Fusobacterium,203492,Fusobacteriaceae,203491,Fusobacteriales,203490,Fusobacteriia,32066,Fusobacteriota,2,Bacteria
MC01216,Fusobacterium polymorphum,76857,Fusobacteriota,848,Fusobacterium,203492,Fusobacteriaceae,203491,Fusobacteriales,203490,Fusobacteriia,32066,Fusobacteriota,2,Bacteria
MC00020,Fusobacterium sp.,68766,Fusobacteriota,848,Fusobacterium,203492,Fusobacteriaceae,203491,Fusobacteriales,203490,Fusobacteriia,32066,Fusobacteriota,2,Bacteria
MC02320,Fusobacterium sp. oral taxon 203,671211,Fusobacteriota,848,Fusobacterium,203492,Fusobacteriaceae,203491,Fusobacteriales,203490,Fusobacteriia,32066,Fusobacteriota,2,Bacteria
MC00096,Fusobacterium varium,856,Fusobacteriota,848,Fusobacterium,203492,Fusobacteriaceae,203491,Fusobacteriales,203490,Fusobacteriia,32066,Fusobacteriota,2,Bacteria
MC01241,Fusobacterium vincentii,155615,Fusobacteriota,848,Fusobacterium,203492,Fusobacteriaceae,203491,Fusobacteriales,203490,Fusobacteriia,32066,Fusobacteriota,2,Bacteria
MC03228,Galactomyces sp.,1907942,Ascomycota,27316,Galactomyces,34353,Dipodascaceae,4892,Saccharomycetales,4891,Saccharomycetes,4890,Ascomycota,4751,Fungi
MC03138,Gallibacterium sp.,2517781,Pseudomonadota,155493,Gallibacterium,712,Pasteurellaceae,135625,Pasteurellales,1236,Gammaproteobacteria,1224,Pseudomonadota,2,Bacteria
MC03359,Gallicola sp.,2683910,Bacillota,162290,Gallicola,1570339,Peptoniphilaceae,1737405,Tissierellales,1737404,Tissierellia,1239,Bacillota,2,Bacteria
MC03127,Gallionella sp.,2052161,Pseudomonadota,96,Gallionella,90627,Gallionellaceae,32003,Nitrosomonadales,28216,Betaproteobacteria,1224,Pseudomonadota,2,Bacteria
MC01747,gamma proteobacterium SCGC AAA076-P13,1007119,Pseudomonadota,.,.,.,.,.,.,1236,Gammaproteobacteria,1224,Pseudomonadota,2,Bacteria
MC01750,gamma proteobacterium W1.09-152,1341551,Pseudomonadota,.,.,.,.,.,.,1236,Gammaproteobacteria,1224,Pseudomonadota,2,Bacteria
MC03432,Gammasphaerolipovirus,1714270,Dividoviricota,1714270,Gammasphaerolipovirus,1714267,Sphaerolipoviridae,2732011,Halopanivirales,2732010,Laserviricetes,2732009,Dividoviricota,2732006,Helvetiavirae
MC03086,Ganoderma sp.,1869158,Basidiomycota,5314,Ganoderma,5317,Polyporaceae,5303,Polyporales,155619,Agaricomycetes,5204,Basidiomycota,4751,Fungi
MC00227,Gardnerella sp.,2049026,Actinomycetota,2701,Gardnerella,31953,Bifidobacteriaceae,85004,Bifidobacteriales,1760,Actinomycetes,201174,Actinomycetota,2,Bacteria
MC00197,Gardnerella vaginalis,2702,Actinomycetota,2701,Gardnerella,31953,Bifidobacteriaceae,85004,Bifidobacteriales,1760,Actinomycetes,201174,Actinomycetota,2,Bacteria
MC03381,Gelria sp.,2699831,Bacillota,189326,Gelria,186814,Thermoanaerobacteraceae,68295,Thermoanaerobacterales,186801,Clostridia,1239,Bacillota,2,Bacteria
MC00144,Gemella haemolysans,1379,Bacillota,1378,Gemella,539738,Gemellaceae,1385,Bacillales,91061,Bacilli,1239,Bacillota,2,Bacteria
MC02321,Gemella morbillorum,29391,Bacillota,1378,Gemella,539738,Gemellaceae,1385,Bacillales,91061,Bacilli,1239,Bacillota,2,Bacteria
MC02322,Gemella sanguinis,84135,Bacillota,1378,Gemella,539738,Gemellaceae,1385,Bacillales,91061,Bacilli,1239,Bacillota,2,Bacteria
MC01550,Gemella sp.,1966354,Bacillota,1378,Gemella,539738,Gemellaceae,1385,Bacillales,91061,Bacilli,1239,Bacillota,2,Bacteria
MC02324,Gemelliphila asaccharolytica,502393,Bacillota,3076174,Gemelliphila,539738,Gemellaceae,1385,Bacillales,91061,Bacilli,1239,Bacillota,2,Bacteria
MC03070,Geminicoccus sp.,2024832,Pseudomonadota,489140,Geminicoccus,2066434,Geminicoccaceae,3108222,Geminicoccales,28211,Alphaproteobacteria,1224,Pseudomonadota,2,Bacteria
MC03309,Gemmatimonas sp.,1962908,Gemmatimonadota,173479,Gemmatimonas,219687,Gemmatimonadaceae,219686,Gemmatimonadales,219685,Gemmatimonadia,142182,Gemmatimonadota,2,Bacteria
MC00131,Gemmiger formicilis,745368,Bacillota,204475,Gemmiger,.,.,186802,Eubacteriales,186801,Clostridia,1239,Bacillota,2,Bacteria
MC01573,Gemmiger sp.,2049027,Bacillota,204475,Gemmiger,.,.,186802,Eubacteriales,186801,Clostridia,1239,Bacillota,2,Bacteria
MC03278,Geobacillus sp.,1891658,Bacillota,129337,Geobacillus,186817,Bacillaceae,1385,Bacillales,91061,Bacilli,1239,Bacillota,2,Bacteria
MC01562,Geobacter sp.,46610,Thermodesulfobacteriota,28231,Geobacter,213422,Geobacteraceae,3031668,Geobacterales,3031651,Desulfuromonadia,200940,Thermodesulfobacteriota,2,Bacteria
MC03110,Georgenia sp.,1873458,Actinomycetota,154116,Georgenia,145358,Bogoriellaceae,85006,Micrococcales,1760,Actinomycetes,201174,Actinomycetota,2,Bacteria
MC03330,Geothrix sp.,1962974,Acidobacteriota,44675,Geothrix,574976,Holophagaceae,574975,Holophagales,533205,Holophagae,57723,Acidobacteriota,2,Bacteria
MC03274,Geotrichum sp.,1907943,Ascomycota,43987,Geotrichum,34353,Dipodascaceae,4892,Saccharomycetales,4891,Saccharomycetes,4890,Ascomycota,4751,Fungi
MC00453,Giardia intestinalis,5741,Fornicata,5740,Giardia,5739,Hexamitidae,5738,Diplomonadida,.,.,207245,Fornicata,2759,Eukaryota
MC02725,Gibberella moniliformis,405761,Ascomycota,5506,Fusarium,110618,Nectriaceae,5125,Hypocreales,147550,Sordariomycetes,4890,Ascomycota,451864,Dikarya
MC01358,Gilliamella apicola,1196095,Pseudomonadota,1193503,Gilliamella,1240483,Orbaceae,1240482,Orbales,1236,Gammaproteobacteria,1224,Pseudomonadota,2,Bacteria
MC03021,Glaciecola sp.,1905676,Pseudomonadota,89404,Glaciecola,72275,Alteromonadaceae,135622,Alteromonadales,1236,Gammaproteobacteria,1224,Pseudomonadota,2,Bacteria
MC01252,Gleimia coleocanis,103618,Actinomycetota,2692113,Gleimia,2049,Actinomycetaceae,2037,Actinomycetales,1760,Actinomycetes,201174,Actinomycetota,2,Bacteria
MC02325,Gleimia europaea,66228,Actinomycetota,2692113,Gleimia,2049,Actinomycetaceae,2037,Actinomycetales,1760,Actinomycetes,201174,Actinomycetota,2,Bacteria
MC03220,Globicatella sp.,62321,Bacillota,13075,Globicatella,186827,Aerococcaceae,186826,Lactobacillales,91061,Bacilli,1239,Bacillota,2,Bacteria
MC02760,Glomeraceae sp.,1921603,Mucoromycota,.,.,36751,Glomeraceae,36750,Glomerales,214506,Glomeromycetes,1913637,Mucoromycota,4751,Fungi
MC02906,Glomerellales sp.,1920927,Ascomycota,.,.,.,.,1028384,Glomerellales,147550,Sordariomycetes,4890,Ascomycota,4751,Fungi
MC01764,Glomeromycota sp.,2011653,Mucoromycota,.,.,.,.,.,.,.,.,1913637,Mucoromycota,4751,Fungi
MC03250,Gluconacetobacter sp.,1935994,Pseudomonadota,89583,Gluconacetobacter,433,Acetobacteraceae,204441,Rhodospirillales,28211,Alphaproteobacteria,1224,Pseudomonadota,2,Bacteria
MC02326,Gluconobacter oxydans,442,Pseudomonadota,441,Gluconobacter,433,Acetobacteraceae,204441,Rhodospirillales,28211,Alphaproteobacteria,1224,Pseudomonadota,2,Bacteria
MC03113,Glutamicibacter sp.,1931995,Actinomycetota,1742989,Glutamicibacter,1268,Micrococcaceae,85006,Micrococcales,1760,Actinomycetes,201174,Actinomycetota,2,Bacteria
MC03433,Gordonia sp.,198437,Actinomycetota,2053,Gordonia,85026,Gordoniaceae,85007,Mycobacteriales,1760,Actinomycetes,201174,Actinomycetota,2,Bacteria
MC00360,Gordonibacter pamelaeae,471189,Actinomycetota,644652,Gordonibacter,1643826,Eggerthellaceae,1643822,Eggerthellales,84998,Coriobacteriia,201174,Actinomycetota,2,Bacteria
MC01594,Gordonibacter sp.,1968902,Actinomycetota,644652,Gordonibacter,1643826,Eggerthellaceae,1643822,Eggerthellales,84998,Coriobacteriia,201174,Actinomycetota,2,Bacteria
MC00361,Gordonibacter urolithinfaciens,1335613,Actinomycetota,644652,Gordonibacter,1643826,Eggerthellaceae,1643822,Eggerthellales,84998,Coriobacteriia,201174,Actinomycetota,2,Bacteria
MC02327,Gram-negative bacterium cL10-2b-4,245288,Unclear phylum,.,.,.,.,.,.,.,.,.,.,2,Bacteria
MC01158,Gram-positive bacteria,53420,Unclear phylum,.,.,.,.,.,.,.,.,.,.,2,Bacteria
MC00461,Granulicatella adiacens,46124,Bacillota,117563,Granulicatella,186828,Carnobacteriaceae,186826,Lactobacillales,91061,Bacilli,1239,Bacillota,2,Bacteria
MC01288,Granulicatella elegans,137732,Bacillota,117563,Granulicatella,186828,Carnobacteriaceae,186826,Lactobacillales,91061,Bacilli,1239,Bacillota,2,Bacteria
MC01576,Granulicatella sp.,2049028,Bacillota,117563,Granulicatella,186828,Carnobacteriaceae,186826,Lactobacillales,91061,Bacilli,1239,Bacillota,2,Bacteria
MC03334,Guignardia sp.,1715232,Ascomycota,55180,Guignardia,1424649,Phyllostictaceae,451869,Botryosphaeriales,147541,Dothideomycetes,4890,Ascomycota,451864,Dikarya
MC03102,Gulbenkiania sp.,2014337,Pseudomonadota,397456,Gulbenkiania,1499392,Chromobacteriaceae,206351,Neisseriales,28216,Betaproteobacteria,1224,Pseudomonadota,2,Bacteria
MC02328,Gulosibacter bifidus,272239,Actinomycetota,256818,Gulosibacter,85023,Microbacteriaceae,85006,Micrococcales,1760,Actinomycetes,201174,Actinomycetota,2,Bacteria
MC01105,gut metagenome,749906,Host unspecified microbiota,.,.,.,.,.,.,.,.,.,.,.,.
MC02995,Gymnopilus sp.,1916360,Basidiomycota,86085,Gymnopilus,80649,Hymenogastraceae,5338,Agaricales,155619,Agaricomycetes,5204,Basidiomycota,4751,Fungi
MC02329,Haemophilus aegyptius,197575,Pseudomonadota,724,Haemophilus,712,Pasteurellaceae,135625,Pasteurellales,1236,Gammaproteobacteria,1224,Pseudomonadota,2,Bacteria
MC02330,Haemophilus haemolyticus,726,Pseudomonadota,724,Haemophilus,712,Pasteurellaceae,135625,Pasteurellales,1236,Gammaproteobacteria,1224,Pseudomonadota,2,Bacteria
MC00464,Haemophilus influenzae,727,Pseudomonadota,724,Haemophilus,712,Pasteurellaceae,135625,Pasteurellales,1236,Gammaproteobacteria,1224,Pseudomonadota,2,Bacteria
MC02331,Haemophilus parahaemolyticus,735,Pseudomonadota,724,Haemophilus,712,Pasteurellaceae,135625,Pasteurellales,1236,Gammaproteobacteria,1224,Pseudomonadota,2,Bacteria
MC00198,Haemophilus parainfluenzae,729,Pseudomonadota,724,Haemophilus,712,Pasteurellaceae,135625,Pasteurellales,1236,Gammaproteobacteria,1224,Pseudomonadota,2,Bacteria
MC02332,Haemophilus quentini,123834,Pseudomonadota,724,Haemophilus,712,Pasteurellaceae,135625,Pasteurellales,1236,Gammaproteobacteria,1224,Pseudomonadota,2,Bacteria
MC01522,Haemophilus sp.,740,Pseudomonadota,724,Haemophilus,712,Pasteurellaceae,135625,Pasteurellales,1236,Gammaproteobacteria,1224,Pseudomonadota,2,Bacteria
MC00327,Hafnia sp.,1873498,Pseudomonadota,568,Hafnia,1903412,Hafniaceae,91347,Enterobacterales,1236,Gammaproteobacteria,1224,Pseudomonadota,2,Bacteria
MC01532,Haliangium sp.,2663208,Myxococcota,162027,Haliangium,224464,Kofleriaceae,3031714,Haliangiales,.,.,2818505,Myxococcota,2,Bacteria
MC02333,Hallella bergensis,242750,Bacteroidota,52228,Hallella,171552,Prevotellaceae,171549,Bacteroidales,200643,Bacteroidia,976,Bacteroidota,2,Bacteria
MC02334,Hallella multisaccharivorax,310514,Bacteroidota,52228,Hallella,171552,Prevotellaceae,171549,Bacteroidales,200643,Bacteroidia,976,Bacteroidota,2,Bacteria
MC03392,Hallella sp.,2980186,Bacteroidota,52228,Hallella,171552,Prevotellaceae,171549,Bacteroidales,200643,Bacteroidia,976,Bacteroidota,2,Bacteria
MC02335,Halobacillus mangrovi,402384,Bacillota,45667,Halobacillus,186817,Bacillaceae,1385,Bacillales,91061,Bacilli,1239,Bacillota,2,Bacteria
MC01169,Halobacterium halobium,2242,Euryarchaeota,2239,Halobacterium,2236,Halobacteriaceae,2235,Halobacteriales,183963,Halobacteria,28890,Euryarchaeota,2157,Archaea
MC03260,Halocella sp.,888100,Bacillota,46466,Halocella,972,Halanaerobiaceae,53433,Halanaerobiales,186801,Clostridia,1239,Bacillota,2,Bacteria
MC01521,Halomonas sp.,1486246,Pseudomonadota,2745,Halomonas,28256,Halomonadaceae,135619,Oceanospirillales,1236,Gammaproteobacteria,1224,Pseudomonadota,2,Bacteria
MC03273,Halorubrum sp.,1879286,Euryarchaeota,56688,Halorubrum,1644056,Haloferacaceae,2235,Halobacteriales,183963,Halobacteria,28890,Euryarchaeota,2157,Archaea
MC03223,Halothiobacillus sp.,1891311,Pseudomonadota,109262,Halothiobacillus,255526,Halothiobacillaceae,135613,Chromatiales,1236,Gammaproteobacteria,1224,Pseudomonadota,2,Bacteria
MC02336,Hannaella luteola,1198485,Basidiomycota,663591,Hannaella,1884640,Bulleribasidiaceae,5234,Tremellales,155616,Tremellomycetes,5204,Basidiomycota,4751,Fungi
MC03236,Hanseniaspora sp.,1853547,Ascomycota,29832,Hanseniaspora,34365,Saccharomycodaceae,4892,Saccharomycetales,4891,Saccharomycetes,4890,Ascomycota,4751,Fungi
MC02337,Hanseniaspora uvarum,29833,Ascomycota,29832,Hanseniaspora,34365,Saccharomycodaceae,4892,Saccharomycetales,4891,Saccharomycetes,4890,Ascomycota,4751,Fungi
MC02338,Hanseniaspora valbyensis,53685,Ascomycota,29832,Hanseniaspora,34365,Saccharomycodaceae,4892,Saccharomycetales,4891,Saccharomycetes,4890,Ascomycota,4751,Fungi
MC02339,Hapsidospora chrysogena,5044,Ascomycota,95323,Hapsidospora,103887,Bionectriaceae,5125,Hypocreales,147550,Sordariomycetes,4890,Ascomycota,451864,Dikarya
MC03037,Helcococcus sp.,2079439,Bacillota,31983,Helcococcus,1570339,Peptoniphilaceae,1737405,Tissierellales,1737404,Tissierellia,1239,Bacillota,2,Bacteria
MC00260,Helicobacter apodemus,135569,Campylobacterota,209,Helicobacter,72293,Helicobacteraceae,213849,Campylobacterales,3031852,Epsilonproteobacteria,29547,Campylobacterota,2,Bacteria
MC00393,Helicobacter canadensis,123841,Campylobacterota,209,Helicobacter,72293,Helicobacteraceae,213849,Campylobacterales,3031852,Epsilonproteobacteria,29547,Campylobacterota,2,Bacteria
MC01045,Helicobacter hepaticus,32025,Campylobacterota,209,Helicobacter,72293,Helicobacteraceae,213849,Campylobacterales,3031852,Epsilonproteobacteria,29547,Campylobacterota,2,Bacteria
MC01069,Helicobacter marmotae,152490,Campylobacterota,209,Helicobacter,72293,Helicobacteraceae,213849,Campylobacterales,3031852,Epsilonproteobacteria,29547,Campylobacterota,2,Bacteria
MC01309,Helicobacter mustelae,217,Campylobacterota,209,Helicobacter,72293,Helicobacteraceae,213849,Campylobacterales,3031852,Epsilonproteobacteria,29547,Campylobacterota,2,Bacteria
MC00394,Helicobacter pullorum,35818,Campylobacterota,209,Helicobacter,72293,Helicobacteraceae,213849,Campylobacterales,3031852,Epsilonproteobacteria,29547,Campylobacterota,2,Bacteria
MC00041,Helicobacter pylori,210,Campylobacterota,209,Helicobacter,72293,Helicobacteraceae,213849,Campylobacterales,3031852,Epsilonproteobacteria,29547,Campylobacterota,2,Bacteria
MC00298,Helicobacter rodentium,59617,Campylobacterota,209,Helicobacter,72293,Helicobacteraceae,213849,Campylobacterales,3031852,Epsilonproteobacteria,29547,Campylobacterota,2,Bacteria
MC01513,Helicobacter sp.,218,Campylobacterota,209,Helicobacter,72293,Helicobacteraceae,213849,Campylobacterales,3031852,Epsilonproteobacteria,29547,Campylobacterota,2,Bacteria
MC00395,Helicobacter winghamensis,157268,Campylobacterota,209,Helicobacter,72293,Helicobacteraceae,213849,Campylobacterales,3031852,Epsilonproteobacteria,29547,Campylobacterota,2,Bacteria
MC01589,Heliorestis sp.,1936195,Bacillota,79598,Heliorestis,31984,Heliobacteriaceae,186802,Eubacteriales,186801,Clostridia,1239,Bacillota,2,Bacteria
MC02752,Helotiales sp.,1755440,Ascomycota,.,.,.,.,5178,Helotiales,147548,Leotiomycetes,4890,Ascomycota,4751,Fungi
MC02832,Hepadnaviridae sp.,2809457,Artverviricota,.,.,10404,Hepadnaviridae,2732515,Blubervirales,2732514,Revtraviricetes,2732409,Artverviricota,2732397,Pararnavirae
MC02893,Hepeviridae sp.,2715178,Kitrinoviricota,.,.,3079366,Hepeviridae,2732543,Hepelivirales,2732461,Alsuviricetes,2732406,Kitrinoviricota,2732396,Orthornavirae
MC03079,Herbaspirillum sp.,1890675,Pseudomonadota,963,Herbaspirillum,75682,Oxalobacteraceae,80840,Burkholderiales,28216,Betaproteobacteria,1224,Pseudomonadota,2,Bacteria
MC01555,Hespellia sp.,2714646,Bacillota,241189,Hespellia,186803,Lachnospiraceae,3085636,Lachnospirales,186801,Clostridia,1239,Bacillota,2,Bacteria
MC02340,Heyndrickxia coagulans,1398,Bacillota,2837504,Heyndrickxia,186817,Bacillaceae,1385,Bacillales,91061,Bacilli,1239,Bacillota,2,Bacteria
MC01327,Hippea maritima,84405,Campylobacterota,84404,Hippea,3048035,Hippeaceae,213113,Desulfurellales,3031853,Desulfurellia,29547,Campylobacterota,2,Bacteria
MC00132,Holdemanella biformis,1735,Bacillota,1573535,Holdemanella,128827,Erysipelotrichaceae,526525,Erysipelotrichales,526524,Erysipelotrichia,1239,Bacillota,2,Bacteria
MC01592,Holdemanella sp.,1971762,Bacillota,1573535,Holdemanella,128827,Erysipelotrichaceae,526525,Erysipelotrichales,526524,Erysipelotrichia,1239,Bacillota,2,Bacteria
MC01057,Holdemania filiformis,61171,Bacillota,61170,Holdemania,128827,Erysipelotrichaceae,526525,Erysipelotrichales,526524,Erysipelotrichia,1239,Bacillota,2,Bacteria
MC02341,Holdemania massiliensis,1468449,Bacillota,61170,Holdemania,128827,Erysipelotrichaceae,526525,Erysipelotrichales,526524,Erysipelotrichia,1239,Bacillota,2,Bacteria
MC00380,Holdemania sp.,2049029,Bacillota,61170,Holdemania,128827,Erysipelotrichaceae,526525,Erysipelotrichales,526524,Erysipelotrichia,1239,Bacillota,2,Bacteria
MC00029,Host unspecified microbiota,.,Host unspecified microbiota,.,.,.,.,.,.,.,.,.,.,.,.
MC02342,Hoylesella buccalis,28127,Bacteroidota,2974257,Hoylesella,171552,Prevotellaceae,171549,Bacteroidales,200643,Bacteroidia,976,Bacteroidota,2,Bacteria
MC02343,Hoylesella enoeca,76123,Bacteroidota,2974257,Hoylesella,171552,Prevotellaceae,171549,Bacteroidales,200643,Bacteroidia,976,Bacteroidota,2,Bacteria
MC02344,Hoylesella marshii,189722,Bacteroidota,2974257,Hoylesella,171552,Prevotellaceae,171549,Bacteroidales,200643,Bacteroidia,976,Bacteroidota,2,Bacteria
MC02345,Hoylesella nanceiensis,425941,Bacteroidota,2974257,Hoylesella,171552,Prevotellaceae,171549,Bacteroidales,200643,Bacteroidia,976,Bacteroidota,2,Bacteria
MC02346,Hoylesella pleuritidis,407975,Bacteroidota,2974257,Hoylesella,171552,Prevotellaceae,171549,Bacteroidales,200643,Bacteroidia,976,Bacteroidota,2,Bacteria
MC02347,Hoylesella shahii,228603,Bacteroidota,2974257,Hoylesella,171552,Prevotellaceae,171549,Bacteroidales,200643,Bacteroidia,976,Bacteroidota,2,Bacteria
MC02348,Hoylesella timonensis,386414,Bacteroidota,2974257,Hoylesella,171552,Prevotellaceae,171549,Bacteroidales,200643,Bacteroidia,976,Bacteroidota,2,Bacteria
MC02349,Hugonella massiliensis,1720315,Actinomycetota,3025073,Hugonella,1643826,Eggerthellaceae,1643822,Eggerthellales,84998,Coriobacteriia,201174,Actinomycetota,2,Bacteria
MC02350,Human adenovirus sp.,1907210,Preplasmiviricota,10509,Mastadenovirus,10508,Adenoviridae,2732559,Rowavirales,2732529,Tectiliviricetes,2732008,Preplasmiviricota,2732005,Bamfordvirae
MC02351,Human betaherpesvirus 6,10368,Peploviricota,40272,Roseolovirus,3044472,Orthoherpesviridae,548681,Herpesvirales,2731363,Herviviricetes,2731361,Peploviricota,2731360,Heunggongvirae
MC03411,Human gammaherpesvirus 4,10376,Peploviricota,10375,Lymphocryptovirus,3044472,Orthoherpesviridae,548681,Herpesvirales,2731363,Herviviricetes,2731361,Peploviricota,2731360,Heunggongvirae
MC00634,human intestinal bacterium SNU-Julong732,239760,Actinomycetota,.,.,84107,Coriobacteriaceae,84999,Coriobacteriales,84998,Coriobacteriia,201174,Actinomycetota,2,Bacteria
MC02352,Human intestinal firmicute CB47,165138,Unclear phylum,.,.,.,.,.,.,.,.,.,.,2,Bacteria
MC02353,Human intestinal firmicute CO13,165132,Unclear phylum,.,.,.,.,.,.,.,.,.,.,2,Bacteria
MC02354,Human intestinal firmicute CO19,165137,Unclear phylum,.,.,.,.,.,.,.,.,.,.,2,Bacteria
MC02355,Human intestinal firmicute CO2,165136,Unclear phylum,.,.,.,.,.,.,.,.,.,.,2,Bacteria
MC02356,Human intestinal firmicute CO35,165261,Unclear phylum,.,.,.,.,.,.,.,.,.,.,2,Bacteria
MC02357,Human intestinal firmicute CO4,165133,Unclear phylum,.,.,.,.,.,.,.,.,.,.,2,Bacteria
MC02358,Human intestinal firmicute CS26,165131,Unclear phylum,.,.,.,.,.,.,.,.,.,.,2,Bacteria
MC02359,Human papillomavirus,10566,Cossaviricota,.,.,151340,Papillomaviridae,2732533,Zurhausenvirales,2732421,Papovaviricetes,2732415,Cossaviricota,2732092,Shotokuvirae
MC00442,Hungateiclostridium thermocellum,1515,Bacillota,35829,Acetivibrio,216572,Oscillospiraceae,186802,Eubacteriales,186801,Clostridia,1239,Bacillota,2,Bacteria
MC02360,Hungatella effluvii,1096246,Bacillota,1649459,Hungatella,31979,Clostridiaceae,186802,Eubacteriales,186801,Clostridia,1239,Bacillota,2,Bacteria
MC00023,Hungatella hathewayi,154046,Bacillota,1649459,Hungatella,31979,Clostridiaceae,186802,Eubacteriales,186801,Clostridia,1239,Bacillota,2,Bacteria
MC00243,Hungatella sp.,2613924,Bacillota,1649459,Hungatella,31979,Clostridiaceae,186802,Eubacteriales,186801,Clostridia,1239,Bacillota,2,Bacteria
MC02022,Hungatella xylanolytica,384636,Bacillota,1649459,Hungatella,31979,Clostridiaceae,186802,Eubacteriales,186801,Clostridia,1239,Bacillota,2,Bacteria
MC02361,Hyaloscypha hepaticicola,2082293,Ascomycota,47747,Hyaloscypha,47743,Hyaloscyphaceae,5178,Helotiales,147548,Leotiomycetes,4890,Ascomycota,451864,Dikarya
MC02881,Hyaloscyphaceae sp.,1755441,Ascomycota,.,.,47743,Hyaloscyphaceae,5178,Helotiales,147548,Leotiomycetes,4890,Ascomycota,4751,Fungi
MC01092,Hydrocarboniphaga daqingensis,490188,Pseudomonadota,243627,Hydrocarboniphaga,568386,Nevskiaceae,1775403,Nevskiales,1236,Gammaproteobacteria,1224,Pseudomonadota,2,Bacteria
MC01640,Hydrogenoanaerobacterium sp.,2953763,Bacillota,596767,Hydrogenoanaerobacterium,216572,Oscillospiraceae,186802,Eubacteriales,186801,Clostridia,1239,Bacillota,2,Bacteria
MC02991,Hydrogenophaga sp.,1904254,Pseudomonadota,47420,Hydrogenophaga,80864,Comamonadaceae,80840,Burkholderiales,28216,Betaproteobacteria,1224,Pseudomonadota,2,Bacteria
MC03261,Hydrogenophilus sp.,2871696,Pseudomonadota,70774,Hydrogenophilus,206349,Hydrogenophilaceae,119069,Hydrogenophilales,2008785,Hydrogenophilia,1224,Pseudomonadota,2,Bacteria
MC02362,Hydrogenovibrio crunogenus,39765,Pseudomonadota,28884,Hydrogenovibrio,135616,Piscirickettsiaceae,72273,Thiotrichales,1236,Gammaproteobacteria,1224,Pseudomonadota,2,Bacteria
MC03292,Hydrotalea sp.,2881279,Bacteroidota,1004300,Hydrotalea,563835,Chitinophagaceae,1853229,Chitinophagales,1853228,Chitinophagia,976,Bacteroidota,2,Bacteria
MC03010,Hymenobacter sp.,1898978,Bacteroidota,89966,Hymenobacter,1853232,Hymenobacteraceae,768507,Cytophagales,768503,Cytophagia,976,Bacteroidota,2,Bacteria
MC03369,Hymenochaete sp.,2011765,Basidiomycota,139379,Hymenochaete,40424,Hymenochaetaceae,139380,Hymenochaetales,155619,Agaricomycetes,5204,Basidiomycota,4751,Fungi
MC03435,Hymenolepis sp.,2046776,Platyhelminthes,6215,Hymenolepis,6214,Hymenolepididae,6201,Cyclophyllidea,6199,Cestoda,6157,Platyhelminthes,33208,Metazoa
MC01149,Hyphomicrobium sp.,82,Pseudomonadota,81,Hyphomicrobium,45401,Hyphomicrobiaceae,356,Hyphomicrobiales,28211,Alphaproteobacteria,1224,Pseudomonadota,2,Bacteria
MC03157,Hyphomonas sp.,87,Pseudomonadota,85,Hyphomonas,69657,Hyphomonadaceae,2800060,Hyphomonadales,28211,Alphaproteobacteria,1224,Pseudomonadota,2,Bacteria
MC02843,Hypocreaceae sp.,1916365,Ascomycota,.,.,5129,Hypocreaceae,5125,Hypocreales,147550,Sordariomycetes,4890,Ascomycota,4751,Fungi
MC03235,Hypsizygus sp.,2107917,Basidiomycota,39965,Hypsizygus,930979,Lyophyllaceae,5338,Agaricales,155619,Agaricomycetes,5204,Basidiomycota,4751,Fungi
MC01546,Iamia sp.,2722710,Actinomycetota,467975,Iamia,633392,Iamiaceae,84993,Acidimicrobiales,84992,Acidimicrobiia,201174,Actinomycetota,2,Bacteria
MC03002,Idiomarina sp.,1874361,Pseudomonadota,135575,Idiomarina,267893,Idiomarinaceae,135622,Alteromonadales,1236,Gammaproteobacteria,1224,Pseudomonadota,2,Bacteria
MC02891,Inocybaceae sp.,2011741,Basidiomycota,.,.,665596,Inocybaceae,5338,Agaricales,155619,Agaricomycetes,5204,Basidiomycota,4751,Fungi
MC02839,Inovirus sp.,2202560,Hofneiviricota,10861,Inovirus,10860,Inoviridae,2732094,Tubulavirales,2732411,Faserviricetes,2732410,Hofneiviricota,2732090,Loebvirae
MC00319,Intestinibacter bartlettii,261299,Bacillota,1505657,Intestinibacter,186804,Peptostreptococcaceae,3082720,Peptostreptococcales,186801,Clostridia,1239,Bacillota,2,Bacteria
MC01552,Intestinibacter sp.,1965304,Bacillota,1505657,Intestinibacter,186804,Peptostreptococcaceae,3082720,Peptostreptococcales,186801,Clostridia,1239,Bacillota,2,Bacteria
MC01114,Intestinimonas butyriciproducens,1297617,Bacillota,1392389,Intestinimonas,.,.,186802,Eubacteriales,186801,Clostridia,1239,Bacillota,2,Bacteria
MC02363,Intestinimonas massiliensis,1673721,Bacillota,1392389,Intestinimonas,.,.,186802,Eubacteriales,186801,Clostridia,1239,Bacillota,2,Bacteria
MC00557,Intestinimonas sp.,1965293,Bacillota,1392389,Intestinimonas,.,.,186802,Eubacteriales,186801,Clostridia,1239,Bacillota,2,Bacteria
MC03072,Isoptericola sp.,1884817,Actinomycetota,254250,Isoptericola,85017,Promicromonosporaceae,85006,Micrococcales,1760,Actinomycetes,201174,Actinomycetota,2,Bacteria
MC03346,Janibacter sp.,1870928,Actinomycetota,53457,Janibacter,85021,Intrasporangiaceae,85006,Micrococcales,1760,Actinomycetes,201174,Actinomycetota,2,Bacteria
MC02364,Janthinobacterium lividum,29581,Pseudomonadota,29580,Janthinobacterium,75682,Oxalobacteraceae,80840,Burkholderiales,28216,Betaproteobacteria,1224,Pseudomonadota,2,Bacteria
MC01523,Janthinobacterium sp.,1871054,Pseudomonadota,29580,Janthinobacterium,75682,Oxalobacteraceae,80840,Burkholderiales,28216,Betaproteobacteria,1224,Pseudomonadota,2,Bacteria
MC01757,Jatrophihabitans sp.,1932789,Actinomycetota,1434010,Jatrophihabitans,2805416,Jatrophihabitantaceae,2805415,Jatrophihabitantales,1760,Actinomycetes,201174,Actinomycetota,2,Bacteria
MC02365,Jeotgalicoccus psychrophilus,157228,Bacillota,227979,Jeotgalicoccus,90964,Staphylococcaceae,1385,Bacillales,91061,Bacilli,1239,Bacillota,2,Bacteria
MC00565,Jeotgalicoccus sp.,1871619,Bacillota,227979,Jeotgalicoccus,90964,Staphylococcaceae,1385,Bacillales,91061,Bacilli,1239,Bacillota,2,Bacteria
MC02366,Johnsonella ignava,43995,Bacillota,43994,Johnsonella,186803,Lachnospiraceae,3085636,Lachnospirales,186801,Clostridia,1239,Bacillota,2,Bacteria
MC01537,Johnsonella sp.,3059423,Bacillota,43994,Johnsonella,186803,Lachnospiraceae,3085636,Lachnospirales,186801,Clostridia,1239,Bacillota,2,Bacteria
MC02367,Jonquetella anthropi,428712,Synergistota,428711,Jonquetella,3029088,Dethiosulfovibrionaceae,649776,Synergistales,649775,Synergistia,508458,Synergistota,2,Bacteria
MC03124,Jonquetella sp.,905009,Synergistota,428711,Jonquetella,3029088,Dethiosulfovibrionaceae,649776,Synergistales,649775,Synergistia,508458,Synergistota,2,Bacteria
MC03347,Kaistia sp.,1873500,Pseudomonadota,166953,Kaistia,2831111,Kaistiaceae,356,Hyphomicrobiales,28211,Alphaproteobacteria,1224,Pseudomonadota,2,Bacteria
MC02368,Kalmanozyma brasiliensis,1392244,Basidiomycota,1804794,Kalmanozyma,5268,Ustilaginaceae,5267,Ustilaginales,5257,Ustilaginomycetes,5204,Basidiomycota,4751,Fungi
MC03354,Kandleria sp.,2774291,Bacillota,1279388,Kandleria,2810280,Coprobacillaceae,526525,Erysipelotrichales,526524,Erysipelotrichia,1239,Bacillota,2,Bacteria
MC02369,Kazachstania telluris,36907,Ascomycota,71245,Kazachstania,4893,Saccharomycetaceae,4892,Saccharomycetales,4891,Saccharomycetes,4890,Ascomycota,4751,Fungi
MC02370,Kazachstania turicensis,432100,Ascomycota,71245,Kazachstania,4893,Saccharomycetaceae,4892,Saccharomycetales,4891,Saccharomycetes,4890,Ascomycota,4751,Fungi
MC02371,Keratinibaculum paraultunense,1278232,Bacillota,1354809,Keratinibaculum,2992719,Tepidimicrobiaceae,1737405,Tissierellales,1737404,Tissierellia,1239,Bacillota,2,Bacteria
MC03057,Kineococcus sp.,1871184,Actinomycetota,33981,Kineococcus,83778,Kineosporiaceae,622452,Kineosporiales,1760,Actinomycetes,201174,Actinomycetota,2,Bacteria
MC03092,Kineothrix sp.,2163169,Bacillota,2163168,Kineothrix,186803,Lachnospiraceae,3085636,Lachnospirales,186801,Clostridia,1239,Bacillota,2,Bacteria
MC02372,Kingella denitrificans,502,Pseudomonadota,32257,Kingella,481,Neisseriaceae,206351,Neisseriales,28216,Betaproteobacteria,1224,Pseudomonadota,2,Bacteria
MC02373,Kingella oralis,505,Pseudomonadota,32257,Kingella,481,Neisseriaceae,206351,Neisseriales,28216,Betaproteobacteria,1224,Pseudomonadota,2,Bacteria
MC03436,Kingella sp.,159270,Pseudomonadota,32257,Kingella,481,Neisseriaceae,206351,Neisseriales,28216,Betaproteobacteria,1224,Pseudomonadota,2,Bacteria
MC02374,Kingella sp. oral taxon 459,712320,Pseudomonadota,32257,Kingella,481,Neisseriaceae,206351,Neisseriales,28216,Betaproteobacteria,1224,Pseudomonadota,2,Bacteria
MC00097,Klebsiella aerogenes,548,Pseudomonadota,570,Klebsiella,543,Enterobacteriaceae,91347,Enterobacterales,1236,Gammaproteobacteria,1224,Pseudomonadota,2,Bacteria
MC03466,Klebsiella grimontii,2058152,Pseudomonadota,570,Klebsiella,543,Enterobacteriaceae,91347,Enterobacterales,1236,Gammaproteobacteria,1224,Pseudomonadota,2,Bacteria
MC01345,Klebsiella michiganensis,1134687,Pseudomonadota,570,Klebsiella,543,Enterobacteriaceae,91347,Enterobacterales,1236,Gammaproteobacteria,1224,Pseudomonadota,2,Bacteria
MC00042,Klebsiella oxytoca,571,Pseudomonadota,570,Klebsiella,543,Enterobacteriaceae,91347,Enterobacterales,1236,Gammaproteobacteria,1224,Pseudomonadota,2,Bacteria
MC00043,Klebsiella pneumoniae,573,Pseudomonadota,570,Klebsiella,543,Enterobacteriaceae,91347,Enterobacterales,1236,Gammaproteobacteria,1224,Pseudomonadota,2,Bacteria
MC00145,Klebsiella quasipneumoniae,1463165,Pseudomonadota,570,Klebsiella,543,Enterobacteriaceae,91347,Enterobacterales,1236,Gammaproteobacteria,1224,Pseudomonadota,2,Bacteria
MC00228,Klebsiella sp.,576,Pseudomonadota,570,Klebsiella,543,Enterobacteriaceae,91347,Enterobacterales,1236,Gammaproteobacteria,1224,Pseudomonadota,2,Bacteria
MC00146,Klebsiella variicola,244366,Pseudomonadota,570,Klebsiella,543,Enterobacteriaceae,91347,Enterobacterales,1236,Gammaproteobacteria,1224,Pseudomonadota,2,Bacteria
MC02375,Kluyvera ascorbata,51288,Pseudomonadota,579,Kluyvera,543,Enterobacteriaceae,91347,Enterobacterales,1236,Gammaproteobacteria,1224,Pseudomonadota,2,Bacteria
MC03038,Kluyvera sp.,1538228,Pseudomonadota,579,Kluyvera,543,Enterobacteriaceae,91347,Enterobacterales,1236,Gammaproteobacteria,1224,Pseudomonadota,2,Bacteria
MC02994,Kluyveromyces sp.,1982016,Ascomycota,4910,Kluyveromyces,4893,Saccharomycetaceae,4892,Saccharomycetales,4891,Saccharomycetes,4890,Ascomycota,4751,Fungi
MC03022,Knoellia sp.,1912358,Actinomycetota,136099,Knoellia,85021,Intrasporangiaceae,85006,Micrococcales,1760,Actinomycetes,201174,Actinomycetota,2,Bacteria
MC00199,Kocuria kristinae,37923,Actinomycetota,32207,Rothia,1268,Micrococcaceae,85006,Micrococcales,1760,Actinomycetes,201174,Actinomycetota,2,Bacteria
MC02376,Kocuria palustris,71999,Actinomycetota,57493,Kocuria,1268,Micrococcaceae,85006,Micrococcales,1760,Actinomycetes,201174,Actinomycetota,2,Bacteria
MC03351,Kocuria sp.,1871328,Actinomycetota,57493,Kocuria,1268,Micrococcaceae,85006,Micrococcales,1760,Actinomycetes,201174,Actinomycetota,2,Bacteria
MC03296,Kribbella sp.,1871183,Actinomycetota,182639,Kribbella,2726069,Kribbellaceae,85009,Propionibacteriales,1760,Actinomycetes,201174,Actinomycetota,2,Bacteria
MC02377,Kwoniella heveanensis,89924,Basidiomycota,490731,Kwoniella,1884633,Cryptococcaceae,5234,Tremellales,155616,Tremellomycetes,5204,Basidiomycota,4751,Fungi
MC02378,Kwoniella mangrovensis,463800,Basidiomycota,490731,Kwoniella,1884633,Cryptococcaceae,5234,Tremellales,155616,Tremellomycetes,5204,Basidiomycota,4751,Fungi
MC03051,Laceyella sp.,1960874,Bacillota,292635,Laceyella,186824,Thermoactinomycetaceae,1385,Bacillales,91061,Bacilli,1239,Bacillota,2,Bacteria
MC02379,Lachnoanaerobaculum orale,979627,Bacillota,1164882,Lachnoanaerobaculum,186803,Lachnospiraceae,3085636,Lachnospirales,186801,Clostridia,1239,Bacillota,2,Bacteria
MC02024,Lachnoanaerobaculum saburreum,467210,Bacillota,1164882,Lachnoanaerobaculum,186803,Lachnospiraceae,3085636,Lachnospirales,186801,Clostridia,1239,Bacillota,2,Bacteria
MC03089,Lachnoanaerobaculum sp.,2049030,Bacillota,1164882,Lachnoanaerobaculum,186803,Lachnospiraceae,3085636,Lachnospirales,186801,Clostridia,1239,Bacillota,2,Bacteria
MC02380,Lachnoanaerobaculum sp. ICM7,936594,Bacillota,1164882,Lachnoanaerobaculum,186803,Lachnospiraceae,3085636,Lachnospirales,186801,Clostridia,1239,Bacillota,2,Bacteria
MC02381,Lachnoanaerobaculum sp. OBRC5-5,936595,Bacillota,1164882,Lachnoanaerobaculum,186803,Lachnospiraceae,3085636,Lachnospirales,186801,Clostridia,1239,Bacillota,2,Bacteria
MC02382,Lachnoanaerobaculum umeaense,617123,Bacillota,1164882,Lachnoanaerobaculum,186803,Lachnospiraceae,3085636,Lachnospirales,186801,Clostridia,1239,Bacillota,2,Bacteria
MC02383,Lachnobacterium bovis,140626,Bacillota,140625,Lachnobacterium,186803,Lachnospiraceae,3085636,Lachnospirales,186801,Clostridia,1239,Bacillota,2,Bacteria
MC03073,Lachnobacterium sp.,2774292,Bacillota,140625,Lachnobacterium,186803,Lachnospiraceae,3085636,Lachnospirales,186801,Clostridia,1239,Bacillota,2,Bacteria
MC00426,Lachnoclostridium phytofermentans,66219,Bacillota,1506553,Lachnoclostridium,186803,Lachnospiraceae,3085636,Lachnospirales,186801,Clostridia,1239,Bacillota,2,Bacteria
MC00244,Lachnoclostridium sp.,2028282,Bacillota,1506553,Lachnoclostridium,186803,Lachnospiraceae,3085636,Lachnospirales,186801,Clostridia,1239,Bacillota,2,Bacteria
MC01191,Lachnoclostridium unidentified Lachnospiraceae,186803,Bacillota,.,.,186803,Lachnospiraceae,3085636,Lachnospirales,186801,Clostridia,1239,Bacillota,2,Bacteria
MC02384,Lachnospira multipara,28051,Bacillota,28050,Lachnospira,186803,Lachnospiraceae,3085636,Lachnospirales,186801,Clostridia,1239,Bacillota,2,Bacteria
MC02385,Lachnospira pectinoschiza,28052,Bacillota,28050,Lachnospira,186803,Lachnospiraceae,3085636,Lachnospirales,186801,Clostridia,1239,Bacillota,2,Bacteria
MC01530,Lachnospira sp.,2049031,Bacillota,28050,Lachnospira,186803,Lachnospiraceae,3085636,Lachnospirales,186801,Clostridia,1239,Bacillota,2,Bacteria
MC01119,Lachnospiraceae bacterium,1898203,Bacillota,.,.,186803,Lachnospiraceae,3085636,Lachnospirales,186801,Clostridia,1239,Bacillota,2,Bacteria
MC01130,Lachnospiraceae bacterium 1 4 56FAA,2683688,Bacillota,.,.,186803,Lachnospiraceae,3085636,Lachnospirales,186801,Clostridia,1239,Bacillota,2,Bacteria
MC02386,Lachnospiraceae bacterium 1_1_57FAA,658081,Bacillota,.,.,186803,Lachnospiraceae,3085636,Lachnospirales,186801,Clostridia,1239,Bacillota,2,Bacteria
MC02387,Lachnospiraceae bacterium 10-1,1235800,Bacillota,.,.,186803,Lachnospiraceae,3085636,Lachnospirales,186801,Clostridia,1239,Bacillota,2,Bacteria
MC01302,Lachnospiraceae bacterium 2 1 58FAA,658082,Bacillota,.,.,186803,Lachnospiraceae,3085636,Lachnospirales,186801,Clostridia,1239,Bacillota,2,Bacteria
MC02388,Lachnospiraceae bacterium 2_1_46FAA,742723,Bacillota,.,.,186803,Lachnospiraceae,3085636,Lachnospirales,186801,Clostridia,1239,Bacillota,2,Bacteria
MC01303,Lachnospiraceae bacterium 3 1 57FAA CT1,658086,Bacillota,.,.,186803,Lachnospiraceae,3085636,Lachnospirales,186801,Clostridia,1239,Bacillota,2,Bacteria
MC02025,Lachnospiraceae bacterium 5_1_63FAA,658089,Bacillota,.,.,186803,Lachnospiraceae,3085636,Lachnospirales,186801,Clostridia,1239,Bacillota,2,Bacteria
MC01098,Lachnospiraceae bacterium 6-1-63FAA,658083,Bacillota,.,.,186803,Lachnospiraceae,3085636,Lachnospirales,186801,Clostridia,1239,Bacillota,2,Bacteria
MC01304,Lachnospiraceae bacterium 7 1 58FAA,658087,Bacillota,.,.,186803,Lachnospiraceae,3085636,Lachnospirales,186801,Clostridia,1239,Bacillota,2,Bacteria
MC01100,Lachnospiraceae bacterium 9-1-43BFAA,658088,Bacillota,.,.,186803,Lachnospiraceae,3085636,Lachnospirales,186801,Clostridia,1239,Bacillota,2,Bacteria
MC02389,Lachnospiraceae bacterium A2,397290,Bacillota,.,.,186803,Lachnospiraceae,3085636,Lachnospirales,186801,Clostridia,1239,Bacillota,2,Bacteria
MC00200,Lachnospiraceae bacterium GAM79,2109691,Bacillota,.,.,186803,Lachnospiraceae,3085636,Lachnospirales,186801,Clostridia,1239,Bacillota,2,Bacteria
MC02390,Lachnospiraceae bacterium MD335,1235793,Bacillota,.,.,186803,Lachnospiraceae,3085636,Lachnospirales,186801,Clostridia,1239,Bacillota,2,Bacteria
MC01370,Lachnospiraceae bacterium NK4A136,877420,Bacillota,.,.,186803,Lachnospiraceae,3085636,Lachnospirales,186801,Clostridia,1239,Bacillota,2,Bacteria
MC02391,Lachnospiraceae bacterium oral taxon 455,712989,Bacillota,.,.,186803,Lachnospiraceae,3085636,Lachnospirales,186801,Clostridia,1239,Bacillota,2,Bacteria
MC01386,Lachnospiraceae FCS020,186928,Bacillota,.,.,186803,Lachnospiraceae,3085636,Lachnospirales,186801,Clostridia,1239,Bacillota,2,Bacteria
MC01145,Lachnospiraceae incertae sedis,2840493,Bacillota,.,.,186803,Lachnospiraceae,3085636,Lachnospirales,186801,Clostridia,1239,Bacillota,2,Bacteria
MC03453,Lachnospiraceae ND3007,186803,Bacillota,.,.,186803,Lachnospiraceae,3085636,Lachnospirales,186801,Clostridia,1239,Bacillota,2,Bacteria
MC00024,Lachnospiraceae UCG-001,186928,Bacillota,.,.,186803,Lachnospiraceae,3085636,Lachnospirales,186801,Clostridia,1239,Bacillota,2,Bacteria
MC01730,Lachnospiraceae UCG-006,186928,Bacillota,.,.,186803,Lachnospiraceae,3085636,Lachnospirales,186801,Clostridia,1239,Bacillota,2,Bacteria
MC00308,Lacrimispora aerotolerans,36832,Bacillota,2719231,Lacrimispora,186803,Lachnospiraceae,3085636,Lachnospirales,186801,Clostridia,1239,Bacillota,2,Bacteria
MC00358,Lacrimispora saccharolytica,84030,Bacillota,2719231,Lacrimispora,186803,Lachnospiraceae,3085636,Lachnospirales,186801,Clostridia,1239,Bacillota,2,Bacteria
MC00512,Lacrimispora sphenoides,29370,Bacillota,2719231,Lacrimispora,186803,Lachnospiraceae,3085636,Lachnospirales,186801,Clostridia,1239,Bacillota,2,Bacteria
MC00309,Lacrimispora xylanolytica,29375,Bacillota,2719231,Lacrimispora,186803,Lachnospiraceae,3085636,Lachnospirales,186801,Clostridia,1239,Bacillota,2,Bacteria
MC01727,Lactic acid bacteria,394258,Unclear phylum,.,.,.,.,.,.,.,.,.,.,2,Bacteria
MC00056,Lacticaseibacillus casei,1582,Bacillota,2759736,Lacticaseibacillus,33958,Lactobacillaceae,186826,Lactobacillales,91061,Bacilli,1239,Bacillota,2,Bacteria
MC00352,Lacticaseibacillus paracasei,1597,Bacillota,2759736,Lacticaseibacillus,33958,Lactobacillaceae,186826,Lactobacillales,91061,Bacilli,1239,Bacillota,2,Bacteria
MC00018,Lacticaseibacillus rhamnosus,47715,Bacillota,2759736,Lacticaseibacillus,33958,Lactobacillaceae,186826,Lactobacillales,91061,Bacilli,1239,Bacillota,2,Bacteria
MC02392,Lacticaseibacillus zeae,57037,Bacillota,2759736,Lacticaseibacillus,33958,Lactobacillaceae,186826,Lactobacillales,91061,Bacilli,1239,Bacillota,2,Bacteria
MC00005,Lactiplantibacillus plantarum,1590,Bacillota,2767842,Lactiplantibacillus,33958,Lactobacillaceae,186826,Lactobacillales,91061,Bacilli,1239,Bacillota,2,Bacteria
MC00424,Lactobacillus acetotolerans,1600,Bacillota,1578,Lactobacillus,33958,Lactobacillaceae,186826,Lactobacillales,91061,Bacilli,1239,Bacillota,2,Bacteria
MC00057,Lactobacillus acidophilus,1579,Bacillota,1578,Lactobacillus,33958,Lactobacillaceae,186826,Lactobacillales,91061,Bacilli,1239,Bacillota,2,Bacteria
MC00389,Lactobacillus agilis,1601,Bacillota,2767887,Ligilactobacillus,33958,Lactobacillaceae,186826,Lactobacillales,91061,Bacilli,1239,Bacillota,2,Bacteria
MC01282,Lactobacillus amylolyticus,83683,Bacillota,1578,Lactobacillus,33958,Lactobacillaceae,186826,Lactobacillales,91061,Bacilli,1239,Bacillota,2,Bacteria
MC01038,Lactobacillus amylovorus,1604,Bacillota,1578,Lactobacillus,33958,Lactobacillaceae,186826,Lactobacillales,91061,Bacilli,1239,Bacillota,2,Bacteria
MC01161,Lactobacillus animalis,1605,Bacillota,2767887,Ligilactobacillus,33958,Lactobacillaceae,186826,Lactobacillales,91061,Bacilli,1239,Bacillota,2,Bacteria
MC00396,Lactobacillus brevis,1580,Bacillota,2767886,Levilactobacillus,33958,Lactobacillaceae,186826,Lactobacillales,91061,Bacilli,1239,Bacillota,2,Bacteria
MC00447,Lactobacillus buchneri,1581,Bacillota,2767893,Lentilactobacillus,33958,Lactobacillaceae,186826,Lactobacillales,91061,Bacilli,1239,Bacillota,2,Bacteria
MC00536,Lactobacillus crispatus,47770,Bacillota,1578,Lactobacillus,33958,Lactobacillaceae,186826,Lactobacillales,91061,Bacilli,1239,Bacillota,2,Bacteria
MC00147,Lactobacillus delbrueckii,1584,Bacillota,1578,Lactobacillus,33958,Lactobacillaceae,186826,Lactobacillales,91061,Bacilli,1239,Bacillota,2,Bacteria
MC01068,Lactobacillus equi,137357,Bacillota,2767887,Ligilactobacillus,33958,Lactobacillaceae,186826,Lactobacillales,91061,Bacilli,1239,Bacillota,2,Bacteria
MC02393,Lactobacillus fornicalis,88164,Bacillota,1578,Lactobacillus,33958,Lactobacillaceae,186826,Lactobacillales,91061,Bacilli,1239,Bacillota,2,Bacteria
MC02394,Lactobacillus gallinarum,52242,Bacillota,1578,Lactobacillus,33958,Lactobacillaceae,186826,Lactobacillales,91061,Bacilli,1239,Bacillota,2,Bacteria
MC00049,Lactobacillus gasseri,1596,Bacillota,1578,Lactobacillus,33958,Lactobacillaceae,186826,Lactobacillales,91061,Bacilli,1239,Bacillota,2,Bacteria
MC01081,Lactobacillus hayakitensis,396716,Bacillota,2767887,Ligilactobacillus,33958,Lactobacillaceae,186826,Lactobacillales,91061,Bacilli,1239,Bacillota,2,Bacteria
MC02395,Lactobacillus helveticus,1587,Bacillota,1578,Lactobacillus,33958,Lactobacillaceae,186826,Lactobacillales,91061,Bacilli,1239,Bacillota,2,Bacteria
MC02396,Lactobacillus iners,147802,Bacillota,1578,Lactobacillus,33958,Lactobacillaceae,186826,Lactobacillales,91061,Bacilli,1239,Bacillota,2,Bacteria
MC01079,Lactobacillus intermedius,316518,Bacillota,1578,Lactobacillus,33958,Lactobacillaceae,186826,Lactobacillales,91061,Bacilli,1239,Bacillota,2,Bacteria
MC01230,Lactobacillus jensenii,109790,Bacillota,1578,Lactobacillus,33958,Lactobacillaceae,186826,Lactobacillales,91061,Bacilli,1239,Bacillota,2,Bacteria
MC00074,Lactobacillus johnsonii,33959,Bacillota,1578,Lactobacillus,33958,Lactobacillaceae,186826,Lactobacillales,91061,Bacilli,1239,Bacillota,2,Bacteria
MC00006,Lactobacillus L-2,1591,Bacillota,1578,Lactobacillus,33958,Lactobacillaceae,186826,Lactobacillales,91061,Bacilli,1239,Bacillota,2,Bacteria
MC00345,Lactobacillus mucosae,97478,Bacillota,2742598,Limosilactobacillus,33958,Lactobacillaceae,186826,Lactobacillales,91061,Bacilli,1239,Bacillota,2,Bacteria
MC00201,Lactobacillus oris,1632,Bacillota,2742598,Limosilactobacillus,33958,Lactobacillaceae,186826,Lactobacillales,91061,Bacilli,1239,Bacillota,2,Bacteria
MC00133,Lactobacillus paragasseri,2107999,Bacillota,1578,Lactobacillus,33958,Lactobacillaceae,186826,Lactobacillales,91061,Bacilli,1239,Bacillota,2,Bacteria
MC01046,Lactobacillus pontis,35787,Bacillota,2742598,Limosilactobacillus,33958,Lactobacillaceae,186826,Lactobacillales,91061,Bacilli,1239,Bacillota,2,Bacteria
MC00289,Lactobacillus reuteri,1598,Bacillota,2742598,Limosilactobacillus,33958,Lactobacillaceae,186826,Lactobacillales,91061,Bacilli,1239,Bacillota,2,Bacteria
MC00202,Lactobacillus rogosae,706562,Bacillota,1578,Lactobacillus,33958,Lactobacillaceae,186826,Lactobacillales,91061,Bacilli,1239,Bacillota,2,Bacteria
MC01080,Lactobacillus siliginis,348151,Bacillota,2767882,Furfurilactobacillus,33958,Lactobacillaceae,186826,Lactobacillales,91061,Bacilli,1239,Bacillota,2,Bacteria
MC00007,Lactobacillus sp.,1591,Bacillota,1578,Lactobacillus,33958,Lactobacillaceae,186826,Lactobacillales,91061,Bacilli,1239,Bacillota,2,Bacteria
MC02397,Lactobacillus sp. L-YJ,215530,Bacillota,1578,Lactobacillus,33958,Lactobacillaceae,186826,Lactobacillales,91061,Bacilli,1239,Bacillota,2,Bacteria
MC02398,Lactobacillus taiwanensis,508451,Bacillota,1578,Lactobacillus,33958,Lactobacillaceae,186826,Lactobacillales,91061,Bacilli,1239,Bacillota,2,Bacteria
MC01260,Lactobacillus ultunensis,227945,Bacillota,1578,Lactobacillus,33958,Lactobacillaceae,186826,Lactobacillales,91061,Bacilli,1239,Bacillota,2,Bacteria
MC00277,Lactococcus garvieae,1363,Bacillota,1357,Lactococcus,1300,Streptococcaceae,186826,Lactobacillales,91061,Bacilli,1239,Bacillota,2,Bacteria
MC00263,Lactococcus lactis,1358,Bacillota,1357,Lactococcus,1300,Streptococcaceae,186826,Lactobacillales,91061,Bacilli,1239,Bacillota,2,Bacteria
MC02399,Lactococcus piscium,1364,Bacillota,1357,Lactococcus,1300,Streptococcaceae,186826,Lactobacillales,91061,Bacilli,1239,Bacillota,2,Bacteria
MC01034,Lactococcus raffinolactis,1366,Bacillota,1357,Lactococcus,1300,Streptococcaceae,186826,Lactobacillales,91061,Bacilli,1239,Bacillota,2,Bacteria
MC00644,Lactococcus sp.,44273,Bacillota,1357,Lactococcus,1300,Streptococcaceae,186826,Lactobacillales,91061,Bacilli,1239,Bacillota,2,Bacteria
MC00150,Lactonifactor longoviformis,341220,Bacillota,420345,Lactonifactor,31979,Clostridiaceae,186802,Eubacteriales,186801,Clostridia,1239,Bacillota,2,Bacteria
MC01602,Lactonifactor sp.,1937000,Bacillota,420345,Lactonifactor,31979,Clostridiaceae,186802,Eubacteriales,186801,Clostridia,1239,Bacillota,2,Bacteria
MC02831,Lambdavirus sp.,3031237,Uroviricota,186765,Lambdavirus,.,.,.,.,2731619,Caudoviricetes,2731618,Uroviricota,2731360,Heunggongvirae
MC03227,Lampropedia sp.,1941219,Pseudomonadota,198705,Lampropedia,80864,Comamonadaceae,80840,Burkholderiales,28216,Betaproteobacteria,1224,Pseudomonadota,2,Bacteria
MC02005,Lancefieldella parvula,1382,Actinomycetota,2767353,Lancefieldella,1643824,Atopobiaceae,84999,Coriobacteriales,84998,Coriobacteriia,201174,Actinomycetota,2,Bacteria
MC02006,Lancefieldella rimae,1383,Actinomycetota,2767353,Lancefieldella,1643824,Atopobiaceae,84999,Coriobacteriales,84998,Coriobacteriia,201174,Actinomycetota,2,Bacteria
MC03042,Larkinella sp.,2034517,Bacteroidota,332157,Larkinella,2896860,Spirosomataceae,768507,Cytophagales,768503,Cytophagia,976,Bacteroidota,2,Bacteria
MC02400,Lasiodiplodia pseudotheobromae,466954,Ascomycota,66739,Lasiodiplodia,45131,Botryosphaeriaceae,451869,Botryosphaeriales,147541,Dothideomycetes,4890,Ascomycota,451864,Dikarya
MC02848,Lasiosphaeriaceae sp.,1868209,Ascomycota,.,.,42302,Lasiosphaeriaceae,5139,Sordariales,147550,Sordariomycetes,4890,Ascomycota,4751,Fungi
MC00357,Latilactobacillus sakei,1599,Bacillota,2767885,Latilactobacillus,33958,Lactobacillaceae,186826,Lactobacillales,91061,Bacilli,1239,Bacillota,2,Bacteria
MC02401,Lautropia mirabilis,47671,Pseudomonadota,47670,Lautropia,119060,Burkholderiaceae,80840,Burkholderiales,28216,Betaproteobacteria,1224,Pseudomonadota,2,Bacteria
MC03099,Lautropia sp.,2053568,Pseudomonadota,47670,Lautropia,119060,Burkholderiaceae,80840,Burkholderiales,28216,Betaproteobacteria,1224,Pseudomonadota,2,Bacteria
MC03365,Lawsonella sp.,2041415,Actinomycetota,1847725,Lawsonella,2805586,Lawsonellaceae,85007,Mycobacteriales,1760,Actinomycetes,201174,Actinomycetota,2,Bacteria
MC01493,Lawsonia sp.,1434696,Thermodesulfobacteriota,41707,Lawsonia,194924,Desulfovibrionaceae,213115,Desulfovibrionales,3031449,Desulfovibrionia,200940,Thermodesulfobacteriota,2,Bacteria
MC03117,Leclercia sp.,1898428,Pseudomonadota,83654,Leclercia,543,Enterobacteriaceae,91347,Enterobacterales,1236,Gammaproteobacteria,1224,Pseudomonadota,2,Bacteria
MC01152,Legionella sp.,459,Pseudomonadota,445,Legionella,444,Legionellaceae,118969,Legionellales,1236,Gammaproteobacteria,1224,Pseudomonadota,2,Bacteria
MC02999,Lentibacillus sp.,1925746,Bacillota,175304,Lentibacillus,186817,Bacillaceae,1385,Bacillales,91061,Bacilli,1239,Bacillota,2,Bacteria
MC01258,Lentilactobacillus hilgardii,1588,Bacillota,2767893,Lentilactobacillus,33958,Lactobacillaceae,186826,Lactobacillales,91061,Bacilli,1239,Bacillota,2,Bacteria
MC02402,Lentilactobacillus parafarraginis,390842,Bacillota,2767893,Lentilactobacillus,33958,Lactobacillaceae,186826,Lactobacillales,91061,Bacilli,1239,Bacillota,2,Bacteria
MC02403,Leptographium clavigerum,226899,Ascomycota,96312,Leptographium,5152,Ophiostomataceae,5151,Ophiostomatales,147550,Sordariomycetes,4890,Ascomycota,451864,Dikarya
MC03360,Leptolyngbya sp.,47254,Cyanobacteriota,47251,Leptolyngbya,1890438,Leptolyngbyaceae,3079749,Leptolyngbyales,3028117,Cyanophyceae,1117,Cyanobacteriota,2,Bacteria
MC03320,Leptosphaeria sp.,1755431,Ascomycota,5021,Leptosphaeria,34374,Leptosphaeriaceae,92860,Pleosporales,147541,Dothideomycetes,4890,Ascomycota,451864,Dikarya
MC02819,Leptosphaeriaceae sp.,2011828,Ascomycota,.,.,34374,Leptosphaeriaceae,92860,Pleosporales,147541,Dothideomycetes,4890,Ascomycota,4751,Fungi
MC01590,Leptospira sp.,178,Spirochaetota,171,Leptospira,170,Leptospiraceae,1643688,Leptospirales,203692,Spirochaetia,203691,Spirochaetota,2,Bacteria
MC03437,Leptothrix sp.,248082,Pseudomonadota,88,Leptothrix,2975441,Sphaerotilaceae,80840,Burkholderiales,28216,Betaproteobacteria,1224,Pseudomonadota,2,Bacteria
MC00444,Leptotrichia buccalis,40542,Fusobacteriota,32067,Leptotrichia,1129771,Leptotrichiaceae,203491,Fusobacteriales,203490,Fusobacteriia,32066,Fusobacteriota,2,Bacteria
MC00445,Leptotrichia goodfellowii,157692,Fusobacteriota,2755140,Pseudoleptotrichia,1129771,Leptotrichiaceae,203491,Fusobacteriales,203490,Fusobacteriia,32066,Fusobacteriota,2,Bacteria
MC02404,Leptotrichia hofstadii,157688,Fusobacteriota,32067,Leptotrichia,1129771,Leptotrichiaceae,203491,Fusobacteriales,203490,Fusobacteriia,32066,Fusobacteriota,2,Bacteria
MC03182,Leptotrichia sp.,104608,Fusobacteriota,32067,Leptotrichia,1129771,Leptotrichiaceae,203491,Fusobacteriales,203490,Fusobacteriia,32066,Fusobacteriota,2,Bacteria
MC02405,Leptotrichia sp. oral clone FP036,175642,Fusobacteriota,32067,Leptotrichia,1129771,Leptotrichiaceae,203491,Fusobacteriales,203490,Fusobacteriia,32066,Fusobacteriota,2,Bacteria
MC02406,Leptotrichia sp. oral taxon 212,712357,Fusobacteriota,32067,Leptotrichia,1129771,Leptotrichiaceae,203491,Fusobacteriales,203490,Fusobacteriia,32066,Fusobacteriota,2,Bacteria
MC02407,Leptotrichia sp. oral taxon 218,712361,Fusobacteriota,32067,Leptotrichia,1129771,Leptotrichiaceae,203491,Fusobacteriales,203490,Fusobacteriia,32066,Fusobacteriota,2,Bacteria
MC02408,Leptotrichia sp. oral taxon 221,712362,Fusobacteriota,32067,Leptotrichia,1129771,Leptotrichiaceae,203491,Fusobacteriales,203490,Fusobacteriia,32066,Fusobacteriota,2,Bacteria
MC02409,Leptotrichia trevisanii,109328,Fusobacteriota,32067,Leptotrichia,1129771,Leptotrichiaceae,203491,Fusobacteriales,203490,Fusobacteriia,32066,Fusobacteriota,2,Bacteria
MC02410,Leptotrichia wadei,157687,Fusobacteriota,32067,Leptotrichia,1129771,Leptotrichiaceae,203491,Fusobacteriales,203490,Fusobacteriia,32066,Fusobacteriota,2,Bacteria
MC03058,Leucobacter sp.,1898440,Actinomycetota,55968,Leucobacter,85023,Microbacteriaceae,85006,Micrococcales,1760,Actinomycetes,201174,Actinomycetota,2,Bacteria
MC02411,Leuconostoc citreum,33964,Bacillota,1243,Leuconostoc,33958,Lactobacillaceae,186826,Lactobacillales,91061,Bacilli,1239,Bacillota,2,Bacteria
MC02412,Leuconostoc holzapfelii,434464,Bacillota,1243,Leuconostoc,33958,Lactobacillaceae,186826,Lactobacillales,91061,Bacilli,1239,Bacillota,2,Bacteria
MC00507,Leuconostoc mesenteroides,1245,Bacillota,1243,Leuconostoc,33958,Lactobacillaceae,186826,Lactobacillales,91061,Bacilli,1239,Bacillota,2,Bacteria
MC01672,Leuconostoc sp.,1930076,Bacillota,1243,Leuconostoc,33958,Lactobacillaceae,186826,Lactobacillales,91061,Bacilli,1239,Bacillota,2,Bacteria
MC00595,Leuconostocaceae bacterium,2590211,Bacillota,.,.,33958,Lactobacillaceae,186826,Lactobacillales,91061,Bacilli,1239,Bacillota,2,Bacteria
MC03144,Leucosporidium sp.,1805497,Basidiomycota,5277,Leucosporidium,1163720,Leucosporidiaceae,231212,Leucosporidiales,162481,Microbotryomycetes,5204,Basidiomycota,4751,Fungi
MC02413,Leyella stercorea,363265,Bacteroidota,2974265,Leyella,171552,Prevotellaceae,171549,Bacteroidales,200643,Bacteroidia,976,Bacteroidota,2,Bacteria
MC00008,Ligilactobacillus murinus,1622,Bacillota,2767887,Ligilactobacillus,33958,Lactobacillaceae,186826,Lactobacillales,91061,Bacilli,1239,Bacillota,2,Bacteria
MC00148,Ligilactobacillus ruminis,1623,Bacillota,2767887,Ligilactobacillus,33958,Lactobacillaceae,186826,Lactobacillales,91061,Bacilli,1239,Bacillota,2,Bacteria
MC00287,Ligilactobacillus salivarius,1624,Bacillota,2767887,Ligilactobacillus,33958,Lactobacillaceae,186826,Lactobacillales,91061,Bacilli,1239,Bacillota,2,Bacteria
MC03147,Limnobacter sp.,2003368,Pseudomonadota,131079,Limnobacter,119060,Burkholderiaceae,80840,Burkholderiales,28216,Betaproteobacteria,1224,Pseudomonadota,2,Bacteria
MC03097,Limnohabitans sp.,1907725,Pseudomonadota,665874,Limnohabitans,80864,Comamonadaceae,80840,Burkholderiales,28216,Betaproteobacteria,1224,Pseudomonadota,2,Bacteria
MC02414,Limosilactobacillus antri,227943,Bacillota,2742598,Limosilactobacillus,33958,Lactobacillaceae,186826,Lactobacillales,91061,Bacilli,1239,Bacillota,2,Bacteria
MC02415,Limosilactobacillus coleohominis,181675,Bacillota,2742598,Limosilactobacillus,33958,Lactobacillaceae,186826,Lactobacillales,91061,Bacilli,1239,Bacillota,2,Bacteria
MC00058,Limosilactobacillus fermentum,1613,Bacillota,2742598,Limosilactobacillus,33958,Lactobacillaceae,186826,Lactobacillales,91061,Bacilli,1239,Bacillota,2,Bacteria
MC00149,Limosilactobacillus vaginalis,1633,Bacillota,2742598,Limosilactobacillus,33958,Lactobacillaceae,186826,Lactobacillales,91061,Bacilli,1239,Bacillota,2,Bacteria
MC02416,Liothrips reuteri,2891241,Arthropoda,754116,Liothrips,38137,Phlaeothripidae,30262,Thysanoptera,50557,Insecta,6656,Arthropoda,33208,Metazoa
MC02417,Lipomyces starkeyi,29829,Ascomycota,29828,Lipomyces,29827,Lipomycetaceae,4892,Saccharomycetales,4891,Saccharomycetes,4890,Ascomycota,4751,Fungi
MC02418,Listeria fleischmannii,1069827,Bacillota,1637,Listeria,186820,Listeriaceae,1385,Bacillales,91061,Bacilli,1239,Bacillota,2,Bacteria
MC01261,Listeria grayi,1641,Bacillota,1637,Listeria,186820,Listeriaceae,1385,Bacillales,91061,Bacilli,1239,Bacillota,2,Bacteria
MC00432,Listeria monocytogenes,1639,Bacillota,1637,Listeria,186820,Listeriaceae,1385,Bacillales,91061,Bacilli,1239,Bacillota,2,Bacteria
MC01315,Listeria seeligeri,1640,Bacillota,1637,Listeria,186820,Listeriaceae,1385,Bacillales,91061,Bacilli,1239,Bacillota,2,Bacteria
MC02419,Listeria sp.,1960103,Bacillota,1637,Listeria,186820,Listeriaceae,1385,Bacillales,91061,Bacilli,1239,Bacillota,2,Bacteria
MC00052,Listeria welshimeri,1643,Bacillota,1637,Listeria,186820,Listeriaceae,1385,Bacillales,91061,Bacilli,1239,Bacillota,2,Bacteria
MC03269,Lonepinella sp.,2301479,Pseudomonadota,53416,Lonepinella,712,Pasteurellaceae,135625,Pasteurellales,1236,Gammaproteobacteria,1224,Pseudomonadota,2,Bacteria
MC02875,Lophiostomataceae sp.,1964330,Ascomycota,.,.,45147,Lophiostomataceae,92860,Pleosporales,147541,Dothideomycetes,4890,Ascomycota,4751,Fungi
MC03041,Luteibacter sp.,1886636,Pseudomonadota,242605,Luteibacter,1775411,Rhodanobacteraceae,135614,Lysobacterales,1236,Gammaproteobacteria,1224,Pseudomonadota,2,Bacteria
MC03101,Lutibacter sp.,1925666,Bacteroidota,358023,Lutibacter,49546,Flavobacteriaceae,200644,Flavobacteriales,117743,Flavobacteriia,976,Bacteroidota,2,Bacteria
MC03298,Lutispora sp.,2828727,Bacillota,667112,Lutispora,3120708,Lutisporaceae,3120427,Lutisporales,186801,Clostridia,1239,Bacillota,2,Bacteria
MC02824,Lymphocryptovirus sp.,2665497,Peploviricota,10375,Lymphocryptovirus,3044472,Orthoherpesviridae,548681,Herpesvirales,2731363,Herviviricetes,2731361,Peploviricota,2731360,Heunggongvirae
MC02420,Lyrodus pedicellatus,457830,Mollusca,457829,Lyrodus,114952,Teredinidae,278205,Myida,6544,Bivalvia,6447,Mollusca,33208,Metazoa
MC00203,Lysinibacillus boronitolerans,309788,Bacillota,400634,Lysinibacillus,186817,Bacillaceae,1385,Bacillales,91061,Bacilli,1239,Bacillota,2,Bacteria
MC03225,Lysinibacillus sp.,1869345,Bacillota,400634,Lysinibacillus,186817,Bacillaceae,1385,Bacillales,91061,Bacilli,1239,Bacillota,2,Bacteria
MC03214,Lysobacter sp.,72226,Pseudomonadota,68,Lysobacter,32033,Lysobacteraceae,135614,Lysobacterales,1236,Gammaproteobacteria,1224,Pseudomonadota,2,Bacteria
MC03166,Lysurus sp.,2059955,Basidiomycota,311222,Lysurus,90951,Phallaceae,68804,Phallales,155619,Agaricomycetes,5204,Basidiomycota,4751,Fungi
MC02421,Macellibacteroides fermentans,879969,Bacteroidota,1159323,Macellibacteroides,171551,Porphyromonadaceae,171549,Bacteroidales,200643,Bacteroidia,976,Bacteroidota,2,Bacteria
MC03029,Macrococcus sp.,1871621,Bacillota,69965,Macrococcus,90964,Staphylococcaceae,1385,Bacillales,91061,Bacilli,1239,Bacillota,2,Bacteria
MC02422,Macrophomina phaseolina,35725,Ascomycota,35724,Macrophomina,45131,Botryosphaeriaceae,451869,Botryosphaeriales,147541,Dothideomycetes,4890,Ascomycota,451864,Dikarya
MC02423,Mageeibacillus indolicus,884684,Bacillota,1637257,Mageeibacillus,216572,Oscillospiraceae,186802,Eubacteriales,186801,Clostridia,1239,Bacillota,2,Bacteria
MC00363,Malassezia furfur,55194,Basidiomycota,55193,Malassezia,742845,Malasseziaceae,162474,Malasseziales,1538075,Malasseziomycetes,5204,Basidiomycota,4751,Fungi
MC02424,Malassezia globosa,76773,Basidiomycota,55193,Malassezia,742845,Malasseziaceae,162474,Malasseziales,1538075,Malasseziomycetes,5204,Basidiomycota,4751,Fungi
MC02425,Malassezia restricta,76775,Basidiomycota,55193,Malassezia,742845,Malasseziaceae,162474,Malasseziales,1538075,Malasseziomycetes,5204,Basidiomycota,4751,Fungi
MC02426,Malassezia slooffiae,76776,Basidiomycota,55193,Malassezia,742845,Malasseziaceae,162474,Malasseziales,1538075,Malasseziomycetes,5204,Basidiomycota,4751,Fungi
MC03158,Malassezia sp.,2011732,Basidiomycota,55193,Malassezia,742845,Malasseziaceae,162474,Malasseziales,1538075,Malasseziomycetes,5204,Basidiomycota,4751,Fungi
MC00364,Malassezia sympodialis,76777,Basidiomycota,55193,Malassezia,742845,Malasseziaceae,162474,Malasseziales,1538075,Malasseziomycetes,5204,Basidiomycota,4751,Fungi
MC02967,Malasseziaceae sp.,2576328,Basidiomycota,.,.,742845,Malasseziaceae,162474,Malasseziales,1538075,Malasseziomycetes,5204,Basidiomycota,4751,Fungi
MC02952,Malasseziomycetes sp.,2065442,Basidiomycota,.,.,.,.,.,.,1538075,Malasseziomycetes,5204,Basidiomycota,4751,Fungi
MC02427,Mannheimia caviae,879276,Pseudomonadota,75984,Mannheimia,712,Pasteurellaceae,135625,Pasteurellales,1236,Gammaproteobacteria,1224,Pseudomonadota,2,Bacteria
MC01647,Mannheimia sp.,2081794,Pseudomonadota,75984,Mannheimia,712,Pasteurellaceae,135625,Pasteurellales,1236,Gammaproteobacteria,1224,Pseudomonadota,2,Bacteria
MC02877,Marasmiaceae sp.,1916368,Basidiomycota,.,.,654128,Marasmiaceae,5338,Agaricales,155619,Agaricomycetes,5204,Basidiomycota,4751,Fungi
MC03375,Marinicella sp.,1955066,Pseudomonadota,863253,Marinicella,224372,Alcanivoracaceae,135619,Oceanospirillales,1236,Gammaproteobacteria,1224,Pseudomonadota,2,Bacteria
MC01571,Marinilabilia sp.,2021252,Bacteroidota,59738,Marinilabilia,558415,Marinilabiliaceae,1970189,Marinilabiliales,200643,Bacteroidia,976,Bacteroidota,2,Bacteria
MC01426,Marinobacter sp.,50741,Pseudomonadota,2742,Marinobacter,2887365,Marinobacteraceae,72274,Pseudomonadales,1236,Gammaproteobacteria,1224,Pseudomonadota,2,Bacteria
MC02795,Marinomonas sp.,1904862,Pseudomonadota,28253,Marinomonas,135620,Oceanospirillaceae,135619,Oceanospirillales,1236,Gammaproteobacteria,1224,Pseudomonadota,2,Bacteria
MC02428,Marseillibacter massiliensis,1852369,Bacillota,1930587,Marseillibacter,216572,Oscillospiraceae,186802,Eubacteriales,186801,Clostridia,1239,Bacillota,2,Bacteria
MC00438,Marvinbryantia formatexigens,168384,Bacillota,248744,Marvinbryantia,186803,Lachnospiraceae,3085636,Lachnospirales,186801,Clostridia,1239,Bacillota,2,Bacteria
MC00246,Marvinbryantia sp.,2496532,Bacillota,248744,Marvinbryantia,186803,Lachnospiraceae,3085636,Lachnospirales,186801,Clostridia,1239,Bacillota,2,Bacteria
MC02429,Massilia alkalitolerans,286638,Pseudomonadota,149698,Massilia,75682,Oxalobacteraceae,80840,Burkholderiales,28216,Betaproteobacteria,1224,Pseudomonadota,2,Bacteria
MC02987,Massilia sp.,1882437,Pseudomonadota,149698,Massilia,75682,Oxalobacteraceae,80840,Burkholderiales,28216,Betaproteobacteria,1224,Pseudomonadota,2,Bacteria
MC00151,Massiliomicrobiota timonensis,1776392,Bacillota,1924110,Massilimicrobiota,128827,Erysipelotrichaceae,526525,Erysipelotrichales,526524,Erysipelotrichia,1239,Bacillota,2,Bacteria
MC02430,Mastodon intestinal bacterium AN-22-6,51840,Bacillota,.,.,.,.,186802,Eubacteriales,186801,Clostridia,1239,Bacillota,2,Bacteria
MC00397,Mediterraneibacter glycyrrhizinilyticus,342942,Bacillota,2316020,Mediterraneibacter,186803,Lachnospiraceae,3085636,Lachnospirales,186801,Clostridia,1239,Bacillota,2,Bacteria
MC00011,Mediterraneibacter gnavus,33038,Bacillota,2316020,Mediterraneibacter,186803,Lachnospiraceae,3085636,Lachnospirales,186801,Clostridia,1239,Bacillota,2,Bacteria
MC00439,Megamonas funiformis,437897,Bacillota,158846,Megamonas,1843491,Selenomonadaceae,909929,Selenomonadales,909932,Negativicutes,1239,Bacillota,2,Bacteria
MC02431,Megamonas hypermegale,158847,Bacillota,158846,Megamonas,1843491,Selenomonadaceae,909929,Selenomonadales,909932,Negativicutes,1239,Bacillota,2,Bacteria
MC02432,Megamonas rupellensis,491921,Bacillota,158846,Megamonas,1843491,Selenomonadaceae,909929,Selenomonadales,909932,Negativicutes,1239,Bacillota,2,Bacteria
MC00247,Megamonas sp.,2049033,Bacillota,158846,Megamonas,1843491,Selenomonadaceae,909929,Selenomonadales,909932,Negativicutes,1239,Bacillota,2,Bacteria
MC00353,Megasphaera elsdenii,907,Bacillota,906,Megasphaera,31977,Veillonellaceae,1843489,Veillonellales,909932,Negativicutes,1239,Bacillota,2,Bacteria
MC02433,Megasphaera micronuciformis,187326,Bacillota,906,Megasphaera,31977,Veillonellaceae,1843489,Veillonellales,909932,Negativicutes,1239,Bacillota,2,Bacteria
MC00596,Megasphaera sp.,2023260,Bacillota,906,Megasphaera,31977,Veillonellaceae,1843489,Veillonellales,909932,Negativicutes,1239,Bacillota,2,Bacteria
MC02845,Meiothermus sp.,1955249,Deinococcota,65551,Meiothermus,188786,Thermaceae,68933,Thermales,188787,Deinococci,1297,Deinococcota,2,Bacteria
MC02434,Merdimmobilis hominis,2897707,Bacillota,3028852,Merdimmobilis,216572,Oscillospiraceae,186802,Eubacteriales,186801,Clostridia,1239,Bacillota,2,Bacteria
MC02826,Mesorhizobium sp.,1871066,Pseudomonadota,68287,Mesorhizobium,69277,Phyllobacteriaceae,356,Hyphomicrobiales,28211,Alphaproteobacteria,1224,Pseudomonadota,2,Bacteria
MC02435,Metamycoplasma faucium,56142,Mycoplasmatota,2895509,Metamycoplasma,2895623,Metamycoplasmataceae,2790996,Mycoplasmoidales,.,.,544448,Mycoplasmatota,2,Bacteria
MC02436,Metamycoplasma hominis,2098,Mycoplasmatota,2895509,Metamycoplasma,2895623,Metamycoplasmataceae,2790996,Mycoplasmoidales,.,.,544448,Mycoplasmatota,2,Bacteria
MC02437,Metamycoplasma hyosynoviae,29559,Mycoplasmatota,2895509,Metamycoplasma,2895623,Metamycoplasmataceae,2790996,Mycoplasmoidales,.,.,544448,Mycoplasmatota,2,Bacteria
MC02438,Metamycoplasma salivarium,2124,Mycoplasmatota,2895509,Metamycoplasma,2895623,Metamycoplasmataceae,2790996,Mycoplasmoidales,.,.,544448,Mycoplasmatota,2,Bacteria
MC02439,Metarhizium acridum,92637,Ascomycota,5529,Metarhizium,34397,Clavicipitaceae,5125,Hypocreales,147550,Sordariomycetes,4890,Ascomycota,451864,Dikarya
MC02440,Metarhizium rileyi,1649241,Ascomycota,5529,Metarhizium,34397,Clavicipitaceae,5125,Hypocreales,147550,Sordariomycetes,4890,Ascomycota,451864,Dikarya
MC01164,Methanobacterium bryantii,2161,Euryarchaeota,2160,Methanobacterium,2159,Methanobacteriaceae,2158,Methanobacteriales,183925,Methanobacteria,28890,Euryarchaeota,2157,Archaea
MC01165,Methanobacterium ivanovii,2163,Euryarchaeota,2160,Methanobacterium,2159,Methanobacteriaceae,2158,Methanobacteriales,183925,Methanobacteria,28890,Euryarchaeota,2157,Archaea
MC01778,Methanobacterium sp.,2164,Euryarchaeota,2160,Methanobacterium,2159,Methanobacteriaceae,2158,Methanobacteriales,183925,Methanobacteria,28890,Euryarchaeota,2157,Archaea
MC01166,Methanobacterium thermolithotrophicus,2186,Euryarchaeota,155862,Methanothermococcus,2183,Methanococcaceae,2182,Methanococcales,183939,Methanococci,28890,Euryarchaeota,2157,Archaea
MC01379,Methanobacterium voltae,2164,Euryarchaeota,2160,Methanobacterium,2159,Methanobacteriaceae,2158,Methanobacteriales,183925,Methanobacteria,28890,Euryarchaeota,2157,Archaea
MC00435,Methanobrevibacter arboriphilus,39441,Euryarchaeota,2172,Methanobrevibacter,2159,Methanobacteriaceae,2158,Methanobacteriales,183925,Methanobacteria,28890,Euryarchaeota,2157,Archaea
MC00436,Methanobrevibacter massiliense,66852,Euryarchaeota,2172,Methanobrevibacter,2159,Methanobacteriaceae,2158,Methanobacteriales,183925,Methanobacteria,28890,Euryarchaeota,2157,Archaea
MC00116,Methanobrevibacter oralis,66851,Euryarchaeota,2172,Methanobrevibacter,2159,Methanobacteriaceae,2158,Methanobacteriales,183925,Methanobacteria,28890,Euryarchaeota,2157,Archaea
MC00117,Methanobrevibacter smithii,2173,Euryarchaeota,2172,Methanobrevibacter,2159,Methanobacteriaceae,2158,Methanobacteriales,183925,Methanobacteria,28890,Euryarchaeota,2157,Archaea
MC01007,Methanobrevibacter sp.,66852,Euryarchaeota,2172,Methanobrevibacter,2159,Methanobacteriaceae,2158,Methanobacteriales,183925,Methanobacteria,28890,Euryarchaeota,2157,Archaea
MC01167,Methanococcus vannielii,2187,Euryarchaeota,2184,Methanococcus,2183,Methanococcaceae,2182,Methanococcales,183939,Methanococci,28890,Euryarchaeota,2157,Archaea
MC03034,Methanoculleus sp.,90427,Euryarchaeota,45989,Methanoculleus,2194,Methanomicrobiaceae,2191,Methanomicrobiales,224756,Methanomicrobia,28890,Euryarchaeota,2157,Archaea
MC00118,Methanomassiliicoccus luminyensis,1080712,Candidatus Thermoplasmatota,1080709,Methanomassiliicoccus,1577788,Methanomassiliicoccaceae,1235850,Methanomassiliicoccales,183967,Thermoplasmata,2283796,Candidatus Thermoplasmatota,2157,Archaea
MC02441,Methanomethylophilus alvi,1291540,Candidatus Thermoplasmatota,1291539,Methanomethylophilus,2517203,Methanomethylophilaceae,1235850,Methanomassiliicoccales,183967,Thermoplasmata,2283796,Candidatus Thermoplasmatota,2157,Archaea
MC02737,Methanomethylophilus sp.,2774294,Candidatus Thermoplasmatota,1291539,Methanomethylophilus,2517203,Methanomethylophilaceae,1235850,Methanomassiliicoccales,183967,Thermoplasmata,2283796,Candidatus Thermoplasmatota,2157,Archaea
MC01168,Methanosarcina barkeri,2208,Euryarchaeota,2207,Methanosarcina,2206,Methanosarcinaceae,94695,Methanosarcinales,224756,Methanomicrobia,28890,Euryarchaeota,2157,Archaea
MC01772,Methanosphaera sp.,2666342,Euryarchaeota,2316,Methanosphaera,2159,Methanobacteriaceae,2158,Methanobacteriales,183925,Methanobacteria,28890,Euryarchaeota,2157,Archaea
MC00119,Methanosphaera stadtmanae,2317,Euryarchaeota,2316,Methanosphaera,2159,Methanobacteriaceae,2158,Methanobacteriales,183925,Methanobacteria,28890,Euryarchaeota,2157,Archaea
MC03163,Methanothermobacter sp.,1884223,Euryarchaeota,145260,Methanothermobacter,2159,Methanobacteriaceae,2158,Methanobacteriales,183925,Methanobacteria,28890,Euryarchaeota,2157,Archaea
MC01392,Methanothermobacter thermautotrophicus,145262,Euryarchaeota,145260,Methanothermobacter,2159,Methanobacteriaceae,2158,Methanobacteriales,183925,Methanobacteria,28890,Euryarchaeota,2157,Archaea
MC03327,Methylobacillus sp.,56818,Pseudomonadota,404,Methylobacillus,32011,Methylophilaceae,32003,Nitrosomonadales,28216,Betaproteobacteria,1224,Pseudomonadota,2,Bacteria
MC03213,Methylobacter sp.,2051955,Pseudomonadota,429,Methylobacter,403,Methylococcaceae,135618,Methylococcales,1236,Gammaproteobacteria,1224,Pseudomonadota,2,Bacteria
MC02442,Methylobacterium adhaesivum,333297,Pseudomonadota,407,Methylobacterium,119045,Methylobacteriaceae,356,Hyphomicrobiales,28211,Alphaproteobacteria,1224,Pseudomonadota,2,Bacteria
MC02443,Methylobacterium radiotolerans,31998,Pseudomonadota,407,Methylobacterium,119045,Methylobacteriaceae,356,Hyphomicrobiales,28211,Alphaproteobacteria,1224,Pseudomonadota,2,Bacteria
MC01526,Methylobacterium sp.,409,Pseudomonadota,407,Methylobacterium,119045,Methylobacteriaceae,356,Hyphomicrobiales,28211,Alphaproteobacteria,1224,Pseudomonadota,2,Bacteria
MC03134,Methylophaga sp.,2024840,Pseudomonadota,40222,Methylophaga,135616,Piscirickettsiaceae,72273,Thiotrichales,1236,Gammaproteobacteria,1224,Pseudomonadota,2,Bacteria
MC03146,Methylophilus sp.,29541,Pseudomonadota,16,Methylophilus,32011,Methylophilaceae,32003,Nitrosomonadales,28216,Betaproteobacteria,1224,Pseudomonadota,2,Bacteria
MC02444,Methylotenera mobilis,359408,Pseudomonadota,359407,Methylotenera,32011,Methylophilaceae,32003,Nitrosomonadales,28216,Betaproteobacteria,1224,Pseudomonadota,2,Bacteria
MC03287,Methylotenera sp.,2051956,Pseudomonadota,359407,Methylotenera,32011,Methylophilaceae,32003,Nitrosomonadales,28216,Betaproteobacteria,1224,Pseudomonadota,2,Bacteria
MC02445,Methyloversatilis discipulorum,1119528,Pseudomonadota,378210,Methyloversatilis,2008793,Sterolibacteriaceae,32003,Nitrosomonadales,28216,Betaproteobacteria,1224,Pseudomonadota,2,Bacteria
MC02783,Metschnikowiaceae sp.,2922429,Ascomycota,.,.,27319,Metschnikowiaceae,4892,Saccharomycetales,4891,Saccharomycetes,4890,Ascomycota,4751,Fungi
MC02854,Microascaceae sp.,1756138,Ascomycota,.,.,5593,Microascaceae,5592,Microascales,147550,Sordariomycetes,4890,Ascomycota,4751,Fungi
MC00381,Microbacterium agarici,630514,Actinomycetota,33882,Microbacterium,85023,Microbacteriaceae,85006,Micrococcales,1760,Actinomycetes,201174,Actinomycetota,2,Bacteria
MC02446,Microbacterium barkeri,33917,Actinomycetota,33882,Microbacterium,85023,Microbacteriaceae,85006,Micrococcales,1760,Actinomycetes,201174,Actinomycetota,2,Bacteria
MC02447,Microbacterium chocolatum,84292,Actinomycetota,33882,Microbacterium,85023,Microbacteriaceae,85006,Micrococcales,1760,Actinomycetes,201174,Actinomycetota,2,Bacteria
MC01519,Microbacterium sp.,51671,Actinomycetota,33882,Microbacterium,85023,Microbacteriaceae,85006,Micrococcales,1760,Actinomycetes,201174,Actinomycetota,2,Bacteria
MC03000,Microbispora sp.,1898321,Actinomycetota,2005,Microbispora,2004,Streptosporangiaceae,85012,Streptosporangiales,1760,Actinomycetes,201174,Actinomycetota,2,Bacteria
MC03145,Microcella sp.,1913979,Actinomycetota,337004,Microcella,85023,Microbacteriaceae,85006,Micrococcales,1760,Actinomycetes,201174,Actinomycetota,2,Bacteria
MC00271,Micrococcus luteus,1270,Actinomycetota,1269,Micrococcus,1268,Micrococcaceae,85006,Micrococcales,1760,Actinomycetes,201174,Actinomycetota,2,Bacteria
MC01536,Micrococcus sp.,1271,Actinomycetota,1269,Micrococcus,1268,Micrococcaceae,85006,Micrococcales,1760,Actinomycetes,201174,Actinomycetota,2,Bacteria
MC03288,Microcystis sp.,1127,Cyanobacteriota,1125,Microcystis,1890449,Microcystaceae,1118,Chroococcales,3028117,Cyanophyceae,1117,Cyanobacteriota,2,Bacteria
MC03001,Microdochium sp.,1755432,Ascomycota,67608,Microdochium,1682405,Microdochiaceae,37989,Xylariales,147550,Sordariomycetes,4890,Ascomycota,451864,Dikarya
MC01039,Micromonospora sp.,1876,Actinomycetota,1873,Micromonospora,28056,Micromonosporaceae,85008,Micromonosporales,1760,Actinomycetes,201174,Actinomycetota,2,Bacteria
MC03015,Microvirga sp.,1873136,Pseudomonadota,186650,Microvirga,119045,Methylobacteriaceae,356,Hyphomicrobiales,28211,Alphaproteobacteria,1224,Pseudomonadota,2,Bacteria
MC03052,Microvirgula sp.,2066959,Pseudomonadota,57479,Microvirgula,2897176,Aquaspirillaceae,206351,Neisseriales,28216,Betaproteobacteria,1224,Pseudomonadota,2,Bacteria
MC02776,Microviridae sp.,2202644,Phixviricota,.,.,10841,Microviridae,2732414,Petitvirales,2732413,Malgrandaviricetes,2732412,Phixviricota,2732091,Sangervirae
MC02962,Mimivirus sp.,2742700,Nucleocytoviricota,315393,Mimivirus,549779,Mimiviridae,2732554,Imitervirales,2732523,Megaviricetes,2732007,Nucleocytoviricota,2732005,Bamfordvirae
MC02448,Mitrastemon yamamotoi,51498,Streptophyta,51497,Mitrastemon,91826,Mitrastemonaceae,41945,Ericales,3398,Magnoliopsida,35493,Streptophyta,33090,Viridiplantae
MC01744,Mitsuokella jalaludinii,187979,Bacillota,52225,Mitsuokella,1843491,Selenomonadaceae,909929,Selenomonadales,909932,Negativicutes,1239,Bacillota,2,Bacteria
MC02449,Mitsuokella multacida,52226,Bacillota,52225,Mitsuokella,1843491,Selenomonadaceae,909929,Selenomonadales,909932,Negativicutes,1239,Bacillota,2,Bacteria
MC01605,Mitsuokella sp.,2049034,Bacillota,52225,Mitsuokella,1843491,Selenomonadaceae,909929,Selenomonadales,909932,Negativicutes,1239,Bacillota,2,Bacteria
MC02450,Mobiluncus curtisii,2051,Actinomycetota,2050,Mobiluncus,2049,Actinomycetaceae,2037,Actinomycetales,1760,Actinomycetes,201174,Actinomycetota,2,Bacteria
MC02451,Mobiluncus mulieris,2052,Actinomycetota,2050,Mobiluncus,2049,Actinomycetaceae,2037,Actinomycetales,1760,Actinomycetes,201174,Actinomycetota,2,Bacteria
MC03361,Mobiluncus sp.,47293,Actinomycetota,2050,Mobiluncus,2049,Actinomycetaceae,2037,Actinomycetales,1760,Actinomycetes,201174,Actinomycetota,2,Bacteria
MC03294,Modestobacter sp.,1873466,Actinomycetota,88138,Modestobacter,85030,Geodermatophilaceae,1643682,Geodermatophilales,1760,Actinomycetes,201174,Actinomycetota,2,Bacteria
MC02452,Mogibacterium diversum,114527,Bacillota,86331,Mogibacterium,3030910,Anaerovoracaceae,3082720,Peptostreptococcales,186801,Clostridia,1239,Bacillota,2,Bacteria
MC02453,Mogibacterium neglectum,114528,Bacillota,86331,Mogibacterium,3030910,Anaerovoracaceae,3082720,Peptostreptococcales,186801,Clostridia,1239,Bacillota,2,Bacteria
MC01607,Mogibacterium sp.,2049035,Bacillota,86331,Mogibacterium,3030910,Anaerovoracaceae,3082720,Peptostreptococcales,186801,Clostridia,1239,Bacillota,2,Bacteria
MC02455,Mogibacterium timidum,35519,Bacillota,86331,Mogibacterium,3030910,Anaerovoracaceae,3082720,Peptostreptococcales,186801,Clostridia,1239,Bacillota,2,Bacteria
MC02456,Mogibacterium vescum,86333,Bacillota,86331,Mogibacterium,3030910,Anaerovoracaceae,3082720,Peptostreptococcales,186801,Clostridia,1239,Bacillota,2,Bacteria
MC01390,Mollicutes RF39,1609545,Mycoplasmatota,.,.,.,.,.,.,31969,Mollicutes,544448,Mycoplasmatota,2,Bacteria
MC02457,Monascus purpureus,5098,Ascomycota,5097,Monascus,1131492,Aspergillaceae,5042,Eurotiales,147545,Eurotiomycetes,4890,Ascomycota,451864,Dikarya
MC03077,Monilinia sp.,1978775,Ascomycota,38447,Monilinia,28983,Sclerotiniaceae,5178,Helotiales,147548,Leotiomycetes,4890,Ascomycota,451864,Dikarya
MC02458,Moniliophthora perniciosa,153609,Basidiomycota,221102,Moniliophthora,654128,Marasmiaceae,5338,Agaricales,155619,Agaricomycetes,5204,Basidiomycota,4751,Fungi
MC03331,Moniliophthora sp.,1903957,Basidiomycota,221102,Moniliophthora,654128,Marasmiaceae,5338,Agaricales,155619,Agaricomycetes,5204,Basidiomycota,4751,Fungi
MC02459,Monographella nivalis,101483,Ascomycota,87748,Monographella,87837,Hyponectriaceae,37989,Xylariales,147550,Sordariomycetes,4890,Ascomycota,451864,Dikarya
MC02460,Moraxella catarrhalis,480,Pseudomonadota,475,Moraxella,468,Moraxellaceae,2887326,Moraxellales,1236,Gammaproteobacteria,1224,Pseudomonadota,2,Bacteria
MC02461,Moraxella nonliquefaciens,478,Pseudomonadota,475,Moraxella,468,Moraxellaceae,2887326,Moraxellales,1236,Gammaproteobacteria,1224,Pseudomonadota,2,Bacteria
MC02462,Moraxella osloensis,34062,Pseudomonadota,475,Moraxella,468,Moraxellaceae,2887326,Moraxellales,1236,Gammaproteobacteria,1224,Pseudomonadota,2,Bacteria
MC01681,Moraxella sp.,479,Pseudomonadota,475,Moraxella,468,Moraxellaceae,2887326,Moraxellales,1236,Gammaproteobacteria,1224,Pseudomonadota,2,Bacteria
MC00044,Morganella morganii,582,Pseudomonadota,581,Morganella,1903414,Morganellaceae,91347,Enterobacterales,1236,Gammaproteobacteria,1224,Pseudomonadota,2,Bacteria
MC01433,Morganella sp.,1413119,Arthropoda,108061,Morganella,30080,Diaspididae,7524,Hemiptera,50557,Insecta,6656,Arthropoda,33208,Metazoa
MC02463,Mortierella alpina,64518,Mucoromycota,4855,Mortierella,4854,Mortierellaceae,214503,Mortierellales,2212732,Mortierellomycetes,1913637,Mucoromycota,4751,Fungi
MC02976,Mortierella sp.,1715235,Mucoromycota,4855,Mortierella,4854,Mortierellaceae,214503,Mortierellales,2212732,Mortierellomycetes,1913637,Mucoromycota,4751,Fungi
MC01645,Moryella sp.,1118124,Bacillota,437755,Moryella,186803,Lachnospiraceae,3085636,Lachnospirales,186801,Clostridia,1239,Bacillota,2,Bacteria
MC01075,Mucispirillum schaedleri,248039,Deferribacterota,248038,Mucispirillum,2945020,Mucispirillaceae,191393,Deferribacterales,68337,Deferribacteres,200930,Deferribacterota,2,Bacteria
MC01008,Mucispirillum sp.,1965235,Deferribacterota,248038,Mucispirillum,2945020,Mucispirillaceae,191393,Deferribacterales,68337,Deferribacteres,200930,Deferribacterota,2,Bacteria
MC02464,Mucor fuscus,708069,Mucoromycota,4830,Mucor,34489,Mucoraceae,4827,Mucorales,2212703,Mucoromycetes,1913637,Mucoromycota,4751,Fungi
MC02465,Mucor racemosus,4841,Mucoromycota,4830,Mucor,34489,Mucoraceae,4827,Mucorales,2212703,Mucoromycetes,1913637,Mucoromycota,4751,Fungi
MC03205,Murdochiella sp.,1586095,Bacillota,1161127,Murdochiella,1570339,Peptoniphilaceae,1737405,Tissierellales,1737404,Tissierellia,1239,Bacillota,2,Bacteria
MC01279,Musicola paradisiaca,69223,Pseudomonadota,2884243,Musicola,1903410,Pectobacteriaceae,91347,Enterobacterales,1236,Gammaproteobacteria,1224,Pseudomonadota,2,Bacteria
MC02970,Myceligenerans sp.,2571114,Actinomycetota,253183,Myceligenerans,85017,Promicromonosporaceae,85006,Micrococcales,1760,Actinomycetes,201174,Actinomycetota,2,Bacteria
MC00472,Mycobacterium marinum,1781,Actinomycetota,2993898,Mycobacterium ulcerans group,1762,Mycobacteriaceae,85007,Mycobacteriales,1760,Actinomycetes,201174,Actinomycetota,2,Bacteria
MC00615,Mycobacterium sp.,1785,Actinomycetota,1763,Mycobacterium,1762,Mycobacteriaceae,85007,Mycobacteriales,1760,Actinomycetes,201174,Actinomycetota,2,Bacteria
MC00034,Mycobacterium tuberculosis,1773,Actinomycetota,77643,Mycobacterium tuberculosis complex,1762,Mycobacteriaceae,85007,Mycobacteriales,1760,Actinomycetes,201174,Actinomycetota,2,Bacteria
MC03153,Mycocentrospora sp.,1755433,Ascomycota,227733,Mycocentrospora,.,.,92860,Pleosporales,147541,Dothideomycetes,4890,Ascomycota,4751,Fungi
MC02466,Mycolicibacterium fortuitum,1766,Actinomycetota,1866885,Mycolicibacterium,1762,Mycobacteriaceae,85007,Mycobacteriales,1760,Actinomycetes,201174,Actinomycetota,2,Bacteria
MC02467,Mycolicibacterium phlei,1771,Actinomycetota,1866885,Mycolicibacterium,1762,Mycobacteriaceae,85007,Mycobacteriales,1760,Actinomycetes,201174,Actinomycetota,2,Bacteria
MC00254,Mycolicibacterium smegmatis,1772,Actinomycetota,1866885,Mycolicibacterium,1762,Mycobacteriaceae,85007,Mycobacteriales,1760,Actinomycetes,201174,Actinomycetota,2,Bacteria
MC02468,Mycolicibacterium vaccae,1810,Actinomycetota,1866885,Mycolicibacterium,1762,Mycobacteriaceae,85007,Mycobacteriales,1760,Actinomycetes,201174,Actinomycetota,2,Bacteria
MC03299,Mycoplana sp.,1874381,Pseudomonadota,13159,Mycoplana,82115,Rhizobiaceae,356,Hyphomicrobiales,28211,Alphaproteobacteria,1224,Pseudomonadota,2,Bacteria
MC00062,Mycoplasma hyorhinis,2100,Mycoplasmatota,2923352,Mesomycoplasma,2895623,Metamycoplasmataceae,2790996,Mycoplasmoidales,.,.,544448,Mycoplasmatota,2,Bacteria
MC00616,Mycoplasma sp.,2108,Mycoplasmatota,2093,Mycoplasma,2092,Mycoplasmataceae,2085,Mycoplasmatales,31969,Mollicutes,544448,Mycoplasmatota,2,Bacteria
MC00465,Mycoplasma-like sp.,2155,Mycoplasmatota,33926,Candidatus Phytoplasma,2146,Acholeplasmataceae,186329,Acholeplasmatales,31969,Mollicutes,544448,Mycoplasmatota,2,Bacteria
MC02469,Mycoplasmoides genitalium,2097,Mycoplasmatota,2995234,Mycoplasmoides,2790998,Mycoplasmoidaceae,2790996,Mycoplasmoidales,.,.,544448,Mycoplasmatota,2,Bacteria
MC02470,Mycoplasmoides pneumoniae,2104,Mycoplasmatota,2995234,Mycoplasmoides,2790998,Mycoplasmoidaceae,2790996,Mycoplasmoidales,.,.,544448,Mycoplasmatota,2,Bacteria
MC03316,Mycosphaerella sp.,1715237,Ascomycota,41254,Mycosphaerella,93133,Mycosphaerellaceae,2726947,Mycosphaerellales,147541,Dothideomycetes,4890,Ascomycota,451864,Dikarya
MC03279,Myroides sp.,1874736,Bacteroidota,76831,Myroides,49546,Flavobacteriaceae,200644,Flavobacteriales,117743,Flavobacteriia,976,Bacteroidota,2,Bacteria
MC02909,Myxotrichaceae sp.,1902612,Ascomycota,.,.,37240,Myxotrichaceae,.,.,147548,Leotiomycetes,4890,Ascomycota,4751,Fungi
MC02471,Naganishia diffluens,89919,Basidiomycota,1851509,Naganishia,5408,Filobasidiaceae,90886,Filobasidiales,155616,Tremellomycetes,5204,Basidiomycota,4751,Fungi
MC03333,Naganishia sp.,1973320,Basidiomycota,1851509,Naganishia,5408,Filobasidiaceae,90886,Filobasidiales,155616,Tremellomycetes,5204,Basidiomycota,4751,Fungi
MC03023,Nakamurella sp.,1869182,Actinomycetota,53460,Nakamurella,85031,Nakamurellaceae,1643684,Nakamurellales,1760,Actinomycetes,201174,Actinomycetota,2,Bacteria
MC02472,Nakaseomyces glabratus,5478,Ascomycota,374468,Nakaseomyces,4893,Saccharomycetaceae,4892,Saccharomycetales,4891,Saccharomycetes,4890,Ascomycota,4751,Fungi
MC03188,Nakaseomyces sp.,2066045,Ascomycota,374468,Nakaseomyces,4893,Saccharomycetaceae,4892,Saccharomycetales,4891,Saccharomycetes,4890,Ascomycota,4751,Fungi
MC01179,Natronobacterium gregoryi,44930,Euryarchaeota,2256,Natronobacterium,1644061,Natrialbaceae,2235,Halobacteriales,183963,Halobacteria,28890,Euryarchaeota,2157,Archaea
MC02473,Naumovozyma castellii,27288,Ascomycota,278028,Naumovozyma,4893,Saccharomycetaceae,4892,Saccharomycetales,4891,Saccharomycetes,4890,Ascomycota,4751,Fungi
MC01581,Nautilia sp.,2231114,Campylobacterota,191291,Nautilia,224467,Nautiliaceae,235899,Nautiliales,3031852,Epsilonproteobacteria,29547,Campylobacterota,2,Bacteria
MC01587,Negativibacillus sp.,1980694,Bacillota,1980693,Negativibacillus,.,.,.,.,.,.,1239,Bacillota,2,Bacteria
MC01654,Negativicoccus sp.,1926555,Bacillota,909928,Negativicoccus,31977,Veillonellaceae,1843489,Veillonellales,909932,Negativicutes,1239,Bacillota,2,Bacteria
MC01337,Neisseria bacilliformis,267212,Pseudomonadota,482,Neisseria,481,Neisseriaceae,206351,Neisseriales,28216,Betaproteobacteria,1224,Pseudomonadota,2,Bacteria
MC02474,Neisseria cinerea,483,Pseudomonadota,482,Neisseria,481,Neisseriaceae,206351,Neisseriales,28216,Betaproteobacteria,1224,Pseudomonadota,2,Bacteria
MC01745,Neisseria dentiae,194197,Pseudomonadota,482,Neisseria,481,Neisseriaceae,206351,Neisseriales,28216,Betaproteobacteria,1224,Pseudomonadota,2,Bacteria
MC01268,Neisseria elongata,495,Pseudomonadota,482,Neisseria,481,Neisseriaceae,206351,Neisseriales,28216,Betaproteobacteria,1224,Pseudomonadota,2,Bacteria
MC02475,Neisseria flava,34026,Pseudomonadota,482,Neisseria,481,Neisseriaceae,206351,Neisseriales,28216,Betaproteobacteria,1224,Pseudomonadota,2,Bacteria
MC02476,Neisseria flavescens,484,Pseudomonadota,482,Neisseria,481,Neisseriaceae,206351,Neisseriales,28216,Betaproteobacteria,1224,Pseudomonadota,2,Bacteria
MC01028,Neisseria gonorrhoeae,485,Pseudomonadota,482,Neisseria,481,Neisseriaceae,206351,Neisseriales,28216,Betaproteobacteria,1224,Pseudomonadota,2,Bacteria
MC02477,Neisseria lactamica,486,Pseudomonadota,482,Neisseria,481,Neisseriaceae,206351,Neisseriales,28216,Betaproteobacteria,1224,Pseudomonadota,2,Bacteria
MC02478,Neisseria meningitidis,487,Pseudomonadota,482,Neisseria,481,Neisseriaceae,206351,Neisseriales,28216,Betaproteobacteria,1224,Pseudomonadota,2,Bacteria
MC01269,Neisseria mucosa,488,Pseudomonadota,482,Neisseria,481,Neisseriaceae,206351,Neisseriales,28216,Betaproteobacteria,1224,Pseudomonadota,2,Bacteria
MC02479,Neisseria oralis,1107316,Pseudomonadota,482,Neisseria,481,Neisseriaceae,206351,Neisseriales,28216,Betaproteobacteria,1224,Pseudomonadota,2,Bacteria
MC00098,Neisseria sicca,490,Pseudomonadota,482,Neisseria,481,Neisseriaceae,206351,Neisseriales,28216,Betaproteobacteria,1224,Pseudomonadota,2,Bacteria
MC01545,Neisseria sp.,192066,Pseudomonadota,482,Neisseria,481,Neisseriaceae,206351,Neisseriales,28216,Betaproteobacteria,1224,Pseudomonadota,2,Bacteria
MC01042,Neisseria subflava,28449,Pseudomonadota,482,Neisseria,481,Neisseriaceae,206351,Neisseriales,28216,Betaproteobacteria,1224,Pseudomonadota,2,Bacteria
MC02015,Neobacillus fumarioli,105229,Bacillota,2675232,Neobacillus,186817,Bacillaceae,1385,Bacillales,91061,Bacilli,1239,Bacillota,2,Bacteria
MC03133,Neorhizobium sp.,1911909,Pseudomonadota,1525371,Neorhizobium,82115,Rhizobiaceae,356,Hyphomicrobiales,28211,Alphaproteobacteria,1224,Pseudomonadota,2,Bacteria
MC01570,Nesterenkonia sp.,704201,Actinomycetota,57494,Nesterenkonia,1268,Micrococcaceae,85006,Micrococcales,1760,Actinomycetes,201174,Actinomycetota,2,Bacteria
MC02481,Neurospora crassa,5141,Ascomycota,5140,Neurospora,5148,Sordariaceae,5139,Sordariales,147550,Sordariomycetes,4890,Ascomycota,451864,Dikarya
MC01603,Nevskia sp.,1929292,Pseudomonadota,64001,Nevskia,568386,Nevskiaceae,1775403,Nevskiales,1236,Gammaproteobacteria,1224,Pseudomonadota,2,Bacteria
MC00204,Niabella drilacis,1285928,Bacteroidota,379899,Niabella,563835,Chitinophagaceae,1853229,Chitinophagales,1853228,Chitinophagia,976,Bacteroidota,2,Bacteria
MC02482,Nigrospora oryzae,335854,Ascomycota,114230,Nigrospora,106263,Apiosporaceae,37989,Xylariales,147550,Sordariomycetes,4890,Ascomycota,451864,Dikarya
MC03080,Nitriliruptor sp.,2448056,Actinomycetota,596499,Nitriliruptor,596498,Nitriliruptoraceae,596497,Nitriliruptorales,908620,Nitriliruptoria,201174,Actinomycetota,2,Bacteria
MC02483,Nitrosomonas eutropha,916,Pseudomonadota,914,Nitrosomonas,206379,Nitrosomonadaceae,32003,Nitrosomonadales,28216,Betaproteobacteria,1224,Pseudomonadota,2,Bacteria
MC02982,Nitrosomonas sp.,42353,Pseudomonadota,914,Nitrosomonas,206379,Nitrosomonadaceae,32003,Nitrosomonadales,28216,Betaproteobacteria,1224,Pseudomonadota,2,Bacteria
MC03256,Nitrososphaera sp.,1971748,Nitrososphaerota,497726,Nitrososphaera,1033997,Nitrososphaeraceae,1033996,Nitrososphaerales,1643678,Nitrososphaeria,651137,Nitrososphaerota,2157,Archaea
MC02983,Nitrosospira sp.,38080,Pseudomonadota,35798,Nitrosospira,206379,Nitrosomonadaceae,32003,Nitrosomonadales,28216,Betaproteobacteria,1224,Pseudomonadota,2,Bacteria
MC01665,Nitrospira sp.,70125,Nitrospirota,1234,Nitrospira,189779,Nitrospiraceae,189778,Nitrospirales,203693,Nitrospiria,40117,Nitrospirota,2,Bacteria
MC02484,Nocardia asteroides,1824,Actinomycetota,1817,Nocardia,85025,Nocardiaceae,85007,Mycobacteriales,1760,Actinomycetes,201174,Actinomycetota,2,Bacteria
MC00506,Nocardia farcinica,37329,Actinomycetota,1817,Nocardia,85025,Nocardiaceae,85007,Mycobacteriales,1760,Actinomycetes,201174,Actinomycetota,2,Bacteria
MC01695,Nocardia sp.,1821,Actinomycetota,1817,Nocardia,85025,Nocardiaceae,85007,Mycobacteriales,1760,Actinomycetes,201174,Actinomycetota,2,Bacteria
MC01697,Nocardioides sp.,35761,Actinomycetota,1839,Nocardioides,85015,Nocardioidaceae,85009,Propionibacteriales,1760,Actinomycetes,201174,Actinomycetota,2,Bacteria
MC02485,Nodularia sphaerocarpa,137816,Cyanobacteriota,159191,Nodularia,1892259,Aphanizomenonaceae,1161,Nostocales,3028117,Cyanophyceae,1117,Cyanobacteriota,2,Bacteria
MC03303,Novispirillum sp.,2814029,Pseudomonadota,660514,Novispirillum,3031145,Novispirillaceae,204441,Rhodospirillales,28211,Alphaproteobacteria,1224,Pseudomonadota,2,Bacteria
MC00274,Novosphingobium aromaticivorans,48935,Pseudomonadota,165696,Novosphingobium,41297,Sphingomonadaceae,204457,Sphingomonadales,28211,Alphaproteobacteria,1224,Pseudomonadota,2,Bacteria
MC02486,Novosphingobium sp.,1874826,Pseudomonadota,165696,Novosphingobium,41297,Sphingomonadaceae,204457,Sphingomonadales,28211,Alphaproteobacteria,1224,Pseudomonadota,2,Bacteria
MC03280,Oceanivirga sp.,2033255,Fusobacteriota,1824856,Oceanivirga,1129771,Leptotrichiaceae,203491,Fusobacteriales,203490,Fusobacteriia,32066,Fusobacteriota,2,Bacteria
MC01574,Oceanobacillus sp.,1871622,Bacillota,182709,Oceanobacillus,186817,Bacillaceae,1385,Bacillales,91061,Bacilli,1239,Bacillota,2,Bacteria
MC01465,Ochrobactrum sp.,42190,Pseudomonadota,528,Ochrobactrum,118882,Brucellaceae,356,Hyphomicrobiales,28211,Alphaproteobacteria,1224,Pseudomonadota,2,Bacteria
MC00362,Odoribacter laneus,626933,Bacteroidota,283168,Odoribacter,1853231,Odoribacteraceae,171549,Bacteroidales,200643,Bacteroidia,976,Bacteroidota,2,Bacteria
MC00484,Odoribacter sp.,1965233,Bacteroidota,283168,Odoribacter,1853231,Odoribacteraceae,171549,Bacteroidales,200643,Bacteroidia,976,Bacteroidota,2,Bacteria
MC00099,Odoribacter splanchnicus,28118,Bacteroidota,283168,Odoribacter,1853231,Odoribacteraceae,171549,Bacteroidales,200643,Bacteroidia,976,Bacteroidota,2,Bacteria
MC02488,Oenococcus oeni,1247,Bacillota,46254,Oenococcus,33958,Lactobacillaceae,186826,Lactobacillales,91061,Bacilli,1239,Bacillota,2,Bacteria
MC01604,Oenococcus sp.,1225883,Bacillota,46254,Oenococcus,33958,Lactobacillaceae,186826,Lactobacillales,91061,Bacilli,1239,Bacillota,2,Bacteria
MC03325,Oenothera sp.,3948,Streptophyta,3939,Oenothera,3934,Onagraceae,41944,Myrtales,3398,Magnoliopsida,35493,Streptophyta,33090,Viridiplantae
MC03025,Oerskovia sp.,1915060,Actinomycetota,162491,Oerskovia,85016,Cellulomonadaceae,85006,Micrococcales,1760,Actinomycetes,201174,Actinomycetota,2,Bacteria
MC00181,Oleidesulfovibrio alaskensis,58180,Thermodesulfobacteriota,2909705,Oleidesulfovibrio,194924,Desulfovibrionaceae,213115,Desulfovibrionales,3031449,Desulfovibrionia,200940,Thermodesulfobacteriota,2,Bacteria
MC02489,Oleidesulfovibrio vietnamensis,201571,Thermodesulfobacteriota,2909705,Oleidesulfovibrio,194924,Desulfovibrionaceae,213115,Desulfovibrionales,3031449,Desulfovibrionia,200940,Thermodesulfobacteriota,2,Bacteria
MC03067,Oligella sp.,2907146,Pseudomonadota,90243,Oligella,506,Alcaligenaceae,80840,Burkholderiales,28216,Betaproteobacteria,1224,Pseudomonadota,2,Bacteria
MC02490,Oligella urethralis,90245,Pseudomonadota,90243,Oligella,506,Alcaligenaceae,80840,Burkholderiales,28216,Betaproteobacteria,1224,Pseudomonadota,2,Bacteria
MC01582,Olivibacter sp.,1898398,Bacteroidota,376469,Olivibacter,84566,Sphingobacteriaceae,200666,Sphingobacteriales,117747,Sphingobacteriia,976,Bacteroidota,2,Bacteria
MC02491,Olsenella massiliensis,1622075,Actinomycetota,133925,Olsenella,1643824,Atopobiaceae,84999,Coriobacteriales,84998,Coriobacteriia,201174,Actinomycetota,2,Bacteria
MC02492,Olsenella profusa,138595,Actinomycetota,133925,Olsenella,1643824,Atopobiaceae,84999,Coriobacteriales,84998,Coriobacteriia,201174,Actinomycetota,2,Bacteria
MC00152,Olsenella scatoligenes,1299998,Actinomycetota,2847313,Tractidigestivibacter,1643824,Atopobiaceae,84999,Coriobacteriales,84998,Coriobacteriia,201174,Actinomycetota,2,Bacteria
MC01615,Olsenella sp.,2042683,Actinomycetota,133925,Olsenella,1643824,Atopobiaceae,84999,Coriobacteriales,84998,Coriobacteriia,201174,Actinomycetota,2,Bacteria
MC02493,Olsenella sp. oral taxon 809,661086,Actinomycetota,133925,Olsenella,1643824,Atopobiaceae,84999,Coriobacteriales,84998,Coriobacteriia,201174,Actinomycetota,2,Bacteria
MC01291,Olsenella uli,133926,Actinomycetota,133925,Olsenella,1643824,Atopobiaceae,84999,Coriobacteriales,84998,Coriobacteriia,201174,Actinomycetota,2,Bacteria
MC02990,Ophiocordyceps sp.,1912256,Ascomycota,474995,Ophiocordyceps,474942,Ophiocordycipitaceae,5125,Hypocreales,147550,Sordariomycetes,4890,Ascomycota,451864,Dikarya
MC03053,Ophiosphaerella sp.,1756101,Ascomycota,33174,Ophiosphaerella,5020,Phaeosphaeriaceae,92860,Pleosporales,147541,Dothideomycetes,4890,Ascomycota,451864,Dikarya
MC02494,Ophiostoma piceae,61273,Ascomycota,5159,Ophiostoma,5152,Ophiostomataceae,5151,Ophiostomatales,147550,Sordariomycetes,4890,Ascomycota,451864,Dikarya
MC02882,Ophiostomataceae sp.,1902618,Ascomycota,.,.,5152,Ophiostomataceae,5151,Ophiostomatales,147550,Sordariomycetes,4890,Ascomycota,4751,Fungi
MC01395,Ophryoscolex sp.,1110537,Ciliophora,47895,Ophryoscolex,47890,Ophryoscolecidae,40634,Entodiniomorphida,5988,Litostomatea,5878,Ciliophora,2759,Eukaryota
MC02495,Orbilia oligospora,2813651,Ascomycota,47022,Orbilia,47021,Orbiliaceae,189479,Orbiliales,189478,Orbiliomycetes,4890,Ascomycota,4751,Fungi
MC02496,Oribacterium asaccharolyticum,1501332,Bacillota,265975,Oribacterium,186803,Lachnospiraceae,3085636,Lachnospirales,186801,Clostridia,1239,Bacillota,2,Bacteria
MC02497,Oribacterium parvum,1501329,Bacillota,265975,Oribacterium,186803,Lachnospiraceae,3085636,Lachnospirales,186801,Clostridia,1239,Bacillota,2,Bacteria
MC02498,Oribacterium sinus,237576,Bacillota,265975,Oribacterium,186803,Lachnospiraceae,3085636,Lachnospirales,186801,Clostridia,1239,Bacillota,2,Bacteria
MC03139,Oribacterium sp.,1969407,Bacillota,265975,Oribacterium,186803,Lachnospiraceae,3085636,Lachnospirales,186801,Clostridia,1239,Bacillota,2,Bacteria
MC02499,Oribacterium sp. oral taxon 108,712414,Bacillota,265975,Oribacterium,186803,Lachnospiraceae,3085636,Lachnospirales,186801,Clostridia,1239,Bacillota,2,Bacteria
MC02837,Orthobunyavirus sp.,2219997,Negarnaviricota,11572,Orthobunyavirus,1980416,Peribunyaviridae,1980410,Bunyavirales,2497576,Ellioviricetes,2497569,Negarnaviricota,2732396,Orthornavirae
MC02744,Orthomyxoviridae sp.,1955168,Negarnaviricota,.,.,11308,Orthomyxoviridae,2499411,Articulavirales,2497577,Insthoviricetes,2497569,Negarnaviricota,2732396,Orthornavirae
MC02855,Orthopneumovirus hominis,3049954,Negarnaviricota,1868215,Orthopneumovirus,11244,Pneumoviridae,11157,Mononegavirales,2497574,Monjiviricetes,2497569,Negarnaviricota,2732396,Orthornavirae
MC03379,Orthopneumovirus sp.,2698777,Negarnaviricota,1868215,Orthopneumovirus,11244,Pneumoviridae,11157,Mononegavirales,2497574,Monjiviricetes,2497569,Negarnaviricota,2732396,Orthornavirae
MC02836,Orthopoxvirus sp.,2035302,Nucleocytoviricota,10242,Orthopoxvirus,10240,Poxviridae,2732527,Chitovirales,2732525,Pokkesviricetes,2732007,Nucleocytoviricota,2732005,Bamfordvirae
MC01556,Oscillatoria sp.,1159,Cyanobacteriota,1158,Oscillatoria,1892254,Oscillatoriaceae,1150,Oscillatoriales,3028117,Cyanophyceae,1117,Cyanobacteriota,2,Bacteria
MC00462,Oscillibacter ruminantium,1263547,Bacillota,459786,Oscillibacter,216572,Oscillospiraceae,186802,Eubacteriales,186801,Clostridia,1239,Bacillota,2,Bacteria
MC00382,Oscillibacter sp.,1945593,Bacillota,459786,Oscillibacter,216572,Oscillospiraceae,186802,Eubacteriales,186801,Clostridia,1239,Bacillota,2,Bacteria
MC02500,Oscillibacter sp. 1-3,1235797,Bacillota,459786,Oscillibacter,216572,Oscillospiraceae,186802,Eubacteriales,186801,Clostridia,1239,Bacillota,2,Bacteria
MC00153,Oscillibacter sp. 57_20,1897011,Bacillota,459786,Oscillibacter,216572,Oscillospiraceae,186802,Eubacteriales,186801,Clostridia,1239,Bacillota,2,Bacteria
MC02501,Oscillibacter sp. KLE 1745,1226323,Bacillota,459786,Oscillibacter,216572,Oscillospiraceae,186802,Eubacteriales,186801,Clostridia,1239,Bacillota,2,Bacteria
MC02502,Oscillibacter valericigenes,351091,Bacillota,459786,Oscillibacter,216572,Oscillospiraceae,186802,Eubacteriales,186801,Clostridia,1239,Bacillota,2,Bacteria
MC01553,Oscillospira sp.,512316,Bacillota,119852,Oscillospira,216572,Oscillospiraceae,186802,Eubacteriales,186801,Clostridia,1239,Bacillota,2,Bacteria
MC01128,Oscillospiraceae bacterium,2485925,Bacillota,.,.,216572,Oscillospiraceae,186802,Eubacteriales,186801,Clostridia,1239,Bacillota,2,Bacteria
MC02504,Oscillospiraceae bacterium NML 061048,473773,Bacillota,.,.,216572,Oscillospiraceae,186802,Eubacteriales,186801,Clostridia,1239,Bacillota,2,Bacteria
MC03414,Oscillospiraceae incertae sedis,552397,Bacillota,.,.,216572,Oscillospiraceae,186802,Eubacteriales,186801,Clostridia,1239,Bacillota,2,Bacteria
MC03300,Ottowia sp.,1898956,Pseudomonadota,219181,Ottowia,80864,Comamonadaceae,80840,Burkholderiales,28216,Betaproteobacteria,1224,Pseudomonadota,2,Bacteria
MC01561,Ovatus sp.,1714463,Arthropoda,666060,Ovatus,27482,Aphididae,7524,Hemiptera,50557,Insecta,6656,Arthropoda,33208,Metazoa
MC01031,Oxalobacter formigenes,847,Pseudomonadota,846,Oxalobacter,75682,Oxalobacteraceae,80840,Burkholderiales,28216,Betaproteobacteria,1224,Pseudomonadota,2,Bacteria
MC00576,Oxalobacter sp.,2093374,Pseudomonadota,846,Oxalobacter,75682,Oxalobacteraceae,80840,Burkholderiales,28216,Betaproteobacteria,1224,Pseudomonadota,2,Bacteria
MC01176,Oxobacter pfennigii,36849,Bacillota,44261,Oxobacter,31979,Clostridiaceae,186802,Eubacteriales,186801,Clostridia,1239,Bacillota,2,Bacteria
MC03106,Oxobacter sp.,1402014,Bacillota,44261,Oxobacter,31979,Clostridiaceae,186802,Eubacteriales,186801,Clostridia,1239,Bacillota,2,Bacteria
MC03398,Paecilomyces sp.,40383,Ascomycota,33202,Paecilomyces,1131624,Thermoascaceae,5042,Eurotiales,147545,Eurotiomycetes,4890,Ascomycota,451864,Dikarya
MC01680,Paenalcaligenes sp.,1966342,Pseudomonadota,1100891,Paenalcaligenes,506,Alcaligenaceae,80840,Burkholderiales,28216,Betaproteobacteria,1224,Pseudomonadota,2,Bacteria
MC03201,Paenarthrobacter sp.,1931993,Actinomycetota,1742992,Paenarthrobacter,1268,Micrococcaceae,85006,Micrococcales,1760,Actinomycetes,201174,Actinomycetota,2,Bacteria
MC00497,Paenibacillus aestuarii,516965,Bacillota,44249,Paenibacillus,186822,Paenibacillaceae,1385,Bacillales,91061,Bacilli,1239,Bacillota,2,Bacteria
MC01742,paenibacillus campinasensis,66347,Bacillota,44249,Paenibacillus,186822,Paenibacillaceae,1385,Bacillales,91061,Bacilli,1239,Bacillota,2,Bacteria
MC01440,Paenibacillus sp.,58172,Bacillota,44249,Paenibacillus,186822,Paenibacillaceae,1385,Bacillales,91061,Bacilli,1239,Bacillota,2,Bacteria
MC03272,Paeniclostridium sp.,2023274,Bacillota,1849828,Paeniclostridium,186804,Peptostreptococcaceae,3082720,Peptostreptococcales,186801,Clostridia,1239,Bacillota,2,Bacteria
MC03003,Palleronia sp.,1940284,Pseudomonadota,315422,Palleronia,2854170,Roseobacteraceae,204455,Rhodobacterales,28211,Alphaproteobacteria,1224,Pseudomonadota,2,Bacteria
MC01138,Paludibacter sp.,1898105,Bacteroidota,346096,Paludibacter,2005523,Paludibacteraceae,171549,Bacteroidales,200643,Bacteroidia,976,Bacteroidota,2,Bacteria
MC03078,Pandoraea sp.,1883445,Pseudomonadota,93217,Pandoraea,119060,Burkholderiaceae,80840,Burkholderiales,28216,Betaproteobacteria,1224,Pseudomonadota,2,Bacteria
MC03114,Pannonibacter sp.,1906786,Pseudomonadota,227873,Pannonibacter,2821832,Stappiaceae,356,Hyphomicrobiales,28211,Alphaproteobacteria,1224,Pseudomonadota,2,Bacteria
MC02505,Pantoea agglomerans,549,Pseudomonadota,53335,Pantoea,1903409,Erwiniaceae,91347,Enterobacterales,1236,Gammaproteobacteria,1224,Pseudomonadota,2,Bacteria
MC01356,Pantoea ananatis,553,Pseudomonadota,53335,Pantoea,1903409,Erwiniaceae,91347,Enterobacterales,1236,Gammaproteobacteria,1224,Pseudomonadota,2,Bacteria
MC01575,Pantoea sp.,69393,Pseudomonadota,53335,Pantoea,1903409,Erwiniaceae,91347,Enterobacterales,1236,Gammaproteobacteria,1224,Pseudomonadota,2,Bacteria
MC01285,Pantoea sp. At-9b,592316,Pseudomonadota,53335,Pantoea,1903409,Erwiniaceae,91347,Enterobacterales,1236,Gammaproteobacteria,1224,Pseudomonadota,2,Bacteria
MC02506,Papiliotrema flavescens,214993,Basidiomycota,189450,Papiliotrema,1581159,Rhynchogastremaceae,5234,Tremellales,155616,Tremellomycetes,5204,Basidiomycota,4751,Fungi
MC01064,Papillibacter cinnamivorans,100176,Bacillota,100175,Papillibacter,216572,Oscillospiraceae,186802,Eubacteriales,186801,Clostridia,1239,Bacillota,2,Bacteria
MC01662,Papillibacter sp.,2699752,Bacillota,100175,Papillibacter,216572,Oscillospiraceae,186802,Eubacteriales,186801,Clostridia,1239,Bacillota,2,Bacteria
MC00100,Parabacteroides distasonis,823,Bacteroidota,375288,Parabacteroides,2005525,Tannerellaceae,171549,Bacteroidales,200643,Bacteroidia,976,Bacteroidota,2,Bacteria
MC00532,Parabacteroides goldsteinii,328812,Bacteroidota,375288,Parabacteroides,2005525,Tannerellaceae,171549,Bacteroidales,200643,Bacteroidia,976,Bacteroidota,2,Bacteria
MC01746,Parabacteroides gordonii,574930,Bacteroidota,375288,Parabacteroides,2005525,Tannerellaceae,171549,Bacteroidales,200643,Bacteroidia,976,Bacteroidota,2,Bacteria
MC00367,Parabacteroides johnsonii,387661,Bacteroidota,375288,Parabacteroides,2005525,Tannerellaceae,171549,Bacteroidales,200643,Bacteroidia,976,Bacteroidota,2,Bacteria
MC00205,Parabacteroides merdae,46503,Bacteroidota,375288,Parabacteroides,2005525,Tannerellaceae,171549,Bacteroidales,200643,Bacteroidia,976,Bacteroidota,2,Bacteria
MC00248,Parabacteroides sp.,1869337,Bacteroidota,375288,Parabacteroides,2005525,Tannerellaceae,171549,Bacteroidales,200643,Bacteroidia,976,Bacteroidota,2,Bacteria
MC01743,Paraburkholderia caribensis,75105,Pseudomonadota,1822464,Paraburkholderia,119060,Burkholderiaceae,80840,Burkholderiales,28216,Betaproteobacteria,1224,Pseudomonadota,2,Bacteria
MC02507,Paraburkholderia fungorum,134537,Pseudomonadota,1822464,Paraburkholderia,119060,Burkholderiaceae,80840,Burkholderiales,28216,Betaproteobacteria,1224,Pseudomonadota,2,Bacteria
MC02508,Paraclostridium bifermentans,1490,Bacillota,1849822,Paraclostridium,186804,Peptostreptococcaceae,3082720,Peptostreptococcales,186801,Clostridia,1239,Bacillota,2,Bacteria
MC02509,Paraclostridium sordellii,1505,Bacillota,1849822,Paraclostridium,186804,Peptostreptococcaceae,3082720,Peptostreptococcales,186801,Clostridia,1239,Bacillota,2,Bacteria
MC02510,Paracoccus aminovorans,34004,Pseudomonadota,265,Paracoccus,31989,Paracoccaceae,204455,Rhodobacterales,28211,Alphaproteobacteria,1224,Pseudomonadota,2,Bacteria
MC03438,Paracoccus sp.,189685,Pseudomonadota,265,Paracoccus,31989,Paracoccaceae,204455,Rhodobacterales,28211,Alphaproteobacteria,1224,Pseudomonadota,2,Bacteria
MC00647,Paraeggerthella hongkongensis,230658,Actinomycetota,651554,Paraeggerthella,1643826,Eggerthellaceae,1643822,Eggerthellales,84998,Coriobacteriia,201174,Actinomycetota,2,Bacteria
MC03268,Paraeggerthella sp.,2897350,Actinomycetota,651554,Paraeggerthella,1643826,Eggerthellaceae,1643822,Eggerthellales,84998,Coriobacteriia,201174,Actinomycetota,2,Bacteria
MC00498,Paraprevotella clara,454154,Bacteroidota,577309,Paraprevotella,171552,Prevotellaceae,171549,Bacteroidales,200643,Bacteroidia,976,Bacteroidota,2,Bacteria
MC00249,Paraprevotella sp.,2049036,Bacteroidota,577309,Paraprevotella,171552,Prevotellaceae,171549,Bacteroidales,200643,Bacteroidia,976,Bacteroidota,2,Bacteria
MC00636,Paraprevotella xylaniphila,454155,Bacteroidota,577309,Paraprevotella,171552,Prevotellaceae,171549,Bacteroidales,200643,Bacteroidia,976,Bacteroidota,2,Bacteria
MC02512,Parascardovia denticolens,78258,Actinomycetota,196082,Parascardovia,31953,Bifidobacteriaceae,85004,Bifidobacteriales,1760,Actinomycetes,201174,Actinomycetota,2,Bacteria
MC02513,Parasphingorhabdus flavimaris,266812,Pseudomonadota,2709685,Parasphingorhabdus,41297,Sphingomonadaceae,204457,Sphingomonadales,28211,Alphaproteobacteria,1224,Pseudomonadota,2,Bacteria
MC01682,Parasporobacterium sp.,2740533,Bacillota,115543,Parasporobacterium,186803,Lachnospiraceae,3085636,Lachnospirales,186801,Clostridia,1239,Bacillota,2,Bacteria
MC02514,Parastagonospora nodorum,13684,Ascomycota,1351751,Parastagonospora,5020,Phaeosphaeriaceae,92860,Pleosporales,147541,Dothideomycetes,4890,Ascomycota,451864,Dikarya
MC01091,Parasutterella excrementihominis,487175,Pseudomonadota,577310,Parasutterella,995019,Sutterellaceae,80840,Burkholderiales,28216,Betaproteobacteria,1224,Pseudomonadota,2,Bacteria
MC00320,Parasutterella secunda,626947,Pseudomonadota,577310,Parasutterella,995019,Sutterellaceae,80840,Burkholderiales,28216,Betaproteobacteria,1224,Pseudomonadota,2,Bacteria
MC00250,Parasutterella sp.,2049037,Pseudomonadota,577310,Parasutterella,995019,Sutterellaceae,80840,Burkholderiales,28216,Betaproteobacteria,1224,Pseudomonadota,2,Bacteria
MC02515,Parcubacteria bacterium RAAC4_OD1_1,1394712,Candidatus Parcubacteria,.,.,.,.,.,.,.,.,221216,Candidatus Parcubacteria,2,Bacteria
MC02010,Parvimonas micra,33033,Bacillota,543311,Parvimonas,1570339,Peptoniphilaceae,1737405,Tissierellales,1737404,Tissierellia,1239,Bacillota,2,Bacteria
MC01774,Parvimonas sp.,1944660,Bacillota,543311,Parvimonas,1570339,Peptoniphilaceae,1737405,Tissierellales,1737404,Tissierellia,1239,Bacillota,2,Bacteria
MC03054,Pasteurella sp.,759,Pseudomonadota,745,Pasteurella,712,Pasteurellaceae,135625,Pasteurellales,1236,Gammaproteobacteria,1224,Pseudomonadota,2,Bacteria
MC03277,Paucisalibacillus sp.,2697288,Bacillota,351094,Paucisalibacillus,186817,Bacillaceae,1385,Bacillales,91061,Bacilli,1239,Bacillota,2,Bacteria
MC01197,Pectobacterium atrosepticum,29471,Pseudomonadota,122277,Pectobacterium,1903410,Pectobacteriaceae,91347,Enterobacterales,1236,Gammaproteobacteria,1224,Pseudomonadota,2,Bacteria
MC01276,Pectobacterium parmentieri,1905730,Pseudomonadota,122277,Pectobacterium,1903410,Pectobacteriaceae,91347,Enterobacterales,1236,Gammaproteobacteria,1224,Pseudomonadota,2,Bacteria
MC03121,Pectobacterium sp.,1913084,Pseudomonadota,122277,Pectobacterium,1903410,Pectobacteriaceae,91347,Enterobacterales,1236,Gammaproteobacteria,1224,Pseudomonadota,2,Bacteria
MC02516,Pediococcus pentosaceus,1255,Bacillota,1253,Pediococcus,33958,Lactobacillaceae,186826,Lactobacillales,91061,Bacilli,1239,Bacillota,2,Bacteria
MC01010,Pediococcus sp.,1907779,Bacillota,1253,Pediococcus,33958,Lactobacillaceae,186826,Lactobacillales,91061,Bacilli,1239,Bacillota,2,Bacteria
MC01086,Pedobacter kwangyangensis,454755,Bacteroidota,84567,Pedobacter,84566,Sphingobacteriaceae,200666,Sphingobacteriales,117747,Sphingobacteriia,976,Bacteroidota,2,Bacteria
MC01566,Pedobacter sp.,1411316,Bacteroidota,84567,Pedobacter,84566,Sphingobacteriaceae,200666,Sphingobacteriales,117747,Sphingobacteriia,976,Bacteroidota,2,Bacteria
MC03071,Pelagibacterium sp.,1967288,Pseudomonadota,1082930,Pelagibacterium,2831106,Devosiaceae,356,Hyphomicrobiales,28211,Alphaproteobacteria,1224,Pseudomonadota,2,Bacteria
MC03043,Pelobacter sp.,46431,Thermodesulfobacteriota,18,Pelobacter,213421,Desulfuromonadaceae,69541,Desulfuromonadales,3031651,Desulfuromonadia,200940,Thermodesulfobacteriota,2,Bacteria
MC02517,Penicillium brevicompactum,5074,Ascomycota,5073,Penicillium,1131492,Aspergillaceae,5042,Eurotiales,147545,Eurotiomycetes,4890,Ascomycota,451864,Dikarya
MC02518,Penicillium brocae,201291,Ascomycota,5073,Penicillium,1131492,Aspergillaceae,5042,Eurotiales,147545,Eurotiomycetes,4890,Ascomycota,451864,Dikarya
MC02519,Penicillium dierckxii,121611,Ascomycota,5073,Penicillium,1131492,Aspergillaceae,5042,Eurotiales,147545,Eurotiomycetes,4890,Ascomycota,451864,Dikarya
MC02520,Penicillium expansum,27334,Ascomycota,5073,Penicillium,1131492,Aspergillaceae,5042,Eurotiales,147545,Eurotiomycetes,4890,Ascomycota,451864,Dikarya
MC02521,Penicillium miczynskii,36645,Ascomycota,5073,Penicillium,1131492,Aspergillaceae,5042,Eurotiales,147545,Eurotiomycetes,4890,Ascomycota,451864,Dikarya
MC02969,Penicillium sp.,5081,Ascomycota,5073,Penicillium,1131492,Aspergillaceae,5042,Eurotiales,147545,Eurotiomycetes,4890,Ascomycota,451864,Dikarya
MC02522,Penicillium spinulosum,63822,Ascomycota,5073,Penicillium,1131492,Aspergillaceae,5042,Eurotiales,147545,Eurotiomycetes,4890,Ascomycota,451864,Dikarya
MC02523,Penicillium steckii,303698,Ascomycota,5073,Penicillium,1131492,Aspergillaceae,5042,Eurotiales,147545,Eurotiomycetes,4890,Ascomycota,451864,Dikarya
MC00295,Peptacetobacter hiranonis,89152,Bacillota,2743582,Peptacetobacter,186804,Peptostreptococcaceae,3082720,Peptostreptococcales,186801,Clostridia,1239,Bacillota,2,Bacteria
MC01622,Peptoclostridium sp.,1904860,Bacillota,1481960,Peptoclostridium,3120161,Peptoclostridiaceae,3082720,Peptostreptococcales,186801,Clostridia,1239,Bacillota,2,Bacteria
MC01125,Peptococcus sp.,2049038,Bacillota,2740,Peptococcus,186807,Peptococcaceae,186802,Eubacteriales,186801,Clostridia,1239,Bacillota,2,Bacteria
MC02524,Peptococcus sp. oral taxon 167,671215,Bacillota,2740,Peptococcus,186807,Peptococcaceae,186802,Eubacteriales,186801,Clostridia,1239,Bacillota,2,Bacteria
MC01106,Peptoniphilus coxii,755172,Bacillota,162289,Peptoniphilus,1570339,Peptoniphilaceae,1737405,Tissierellales,1737404,Tissierellia,1239,Bacillota,2,Bacteria
MC02525,Peptoniphilus gorbachii,411567,Bacillota,162289,Peptoniphilus,1570339,Peptoniphilaceae,1737405,Tissierellales,1737404,Tissierellia,1239,Bacillota,2,Bacteria
MC01107,Peptoniphilus methioninivorax,907224,Bacillota,162289,Peptoniphilus,1570339,Peptoniphilaceae,1737405,Tissierellales,1737404,Tissierellia,1239,Bacillota,2,Bacteria
MC00231,Peptoniphilus sp.,1971214,Bacillota,162289,Peptoniphilus,1570339,Peptoniphilaceae,1737405,Tissierellales,1737404,Tissierellia,1239,Bacillota,2,Bacteria
MC01334,Peptoniphilus sp. oral taxon 375,712430,Bacillota,162289,Peptoniphilus,1570339,Peptoniphilaceae,1737405,Tissierellales,1737404,Tissierellia,1239,Bacillota,2,Bacteria
MC00032,Peptostreptoccous YK-10,1262,Bacillota,1257,Peptostreptococcus,186804,Peptostreptococcaceae,3082720,Peptostreptococcales,186801,Clostridia,1239,Bacillota,2,Bacteria
MC03415,Peptostreptococcaceae incertae sedis,200630,Bacillota,.,.,186804,Peptostreptococcaceae,3082720,Peptostreptococcales,186801,Clostridia,1239,Bacillota,2,Bacteria
MC00101,Peptostreptococcus anaerobius,1261,Bacillota,1257,Peptostreptococcus,186804,Peptostreptococcaceae,3082720,Peptostreptococcales,186801,Clostridia,1239,Bacillota,2,Bacteria
MC00485,Peptostreptococcus sp.,1262,Bacillota,1257,Peptostreptococcus,186804,Peptostreptococcaceae,3082720,Peptostreptococcales,186801,Clostridia,1239,Bacillota,2,Bacteria
MC00033,Peptostreptococcus sp. SDG-1,1262,Bacillota,1257,Peptostreptococcus,186804,Peptostreptococcaceae,3082720,Peptostreptococcales,186801,Clostridia,1239,Bacillota,2,Bacteria
MC01286,Peptostreptococcus stomatis,341694,Bacillota,1257,Peptostreptococcus,186804,Peptostreptococcaceae,3082720,Peptostreptococcales,186801,Clostridia,1239,Bacillota,2,Bacteria
MC01539,Phaeobacter sp.,1902409,Pseudomonadota,302485,Phaeobacter,2854170,Roseobacteraceae,204455,Rhodobacterales,28211,Alphaproteobacteria,1224,Pseudomonadota,2,Bacteria
MC02526,Phaeocystis globosa virus,251749,Nucleocytoviricota,181086,Prymnesiovirus,10501,Phycodnaviridae,2732524,Algavirales,2732523,Megaviricetes,2732007,Nucleocytoviricota,2732005,Bamfordvirae
MC00206,Phascolarctobacterium faecium,33025,Bacillota,33024,Phascolarctobacterium,909930,Acidaminococcaceae,1843488,Acidaminococcales,909932,Negativicutes,1239,Bacillota,2,Bacteria
MC00232,Phascolarctobacterium sp.,2049039,Bacillota,33024,Phascolarctobacterium,909930,Acidaminococcaceae,1843488,Acidaminococcales,909932,Negativicutes,1239,Bacillota,2,Bacteria
MC00134,Phascolarctobacterium succinatutens,626940,Bacillota,33024,Phascolarctobacterium,909930,Acidaminococcaceae,1843488,Acidaminococcales,909932,Negativicutes,1239,Bacillota,2,Bacteria
MC00602,Phenylobacterium sp.,1871053,Pseudomonadota,20,Phenylobacterium,76892,Caulobacteraceae,204458,Caulobacterales,28211,Alphaproteobacteria,1224,Pseudomonadota,2,Bacteria
MC03396,Phialophora sp.,1921627,Ascomycota,5600,Phialophora,43219,Herpotrichiellaceae,34395,Chaetothyriales,147545,Eurotiomycetes,4890,Ascomycota,451864,Dikarya
MC02527,Phocaeicola barnesiae,376804,Bacteroidota,909656,Phocaeicola,815,Bacteroidaceae,171549,Bacteroidales,200643,Bacteroidia,976,Bacteroidota,2,Bacteria
MC02021,Phocaeicola coprocola,310298,Bacteroidota,909656,Phocaeicola,815,Bacteroidaceae,171549,Bacteroidales,200643,Bacteroidia,976,Bacteroidota,2,Bacteria
MC00549,Phocaeicola coprophilus,387090,Bacteroidota,909656,Phocaeicola,815,Bacteroidaceae,171549,Bacteroidales,200643,Bacteroidia,976,Bacteroidota,2,Bacteria
MC00102,Phocaeicola dorei,357276,Bacteroidota,909656,Phocaeicola,815,Bacteroidaceae,171549,Bacteroidales,200643,Bacteroidia,976,Bacteroidota,2,Bacteria
MC02018,Phocaeicola massiliensis,204516,Bacteroidota,909656,Phocaeicola,815,Bacteroidaceae,171549,Bacteroidales,200643,Bacteroidia,976,Bacteroidota,2,Bacteria
MC02728,Phocaeicola plebeius,310297,Bacteroidota,909656,Phocaeicola,815,Bacteroidaceae,171549,Bacteroidales,200643,Bacteroidia,976,Bacteroidota,2,Bacteria
MC03385,Phocaeicola sp.,2773926,Bacteroidota,909656,Phocaeicola,815,Bacteroidaceae,171549,Bacteroidales,200643,Bacteroidia,976,Bacteroidota,2,Bacteria
MC00001,Phocaeicola vulgatus,821,Bacteroidota,909656,Phocaeicola,815,Bacteroidaceae,171549,Bacteroidales,200643,Bacteroidia,976,Bacteroidota,2,Bacteria
MC03130,Photobacterium sp.,660,Pseudomonadota,657,Photobacterium,641,Vibrionaceae,135623,Vibrionales,1236,Gammaproteobacteria,1224,Pseudomonadota,2,Bacteria
MC00103,Photorhabdus asymbiotica,291112,Pseudomonadota,29487,Photorhabdus,1903414,Morganellaceae,91347,Enterobacterales,1236,Gammaproteobacteria,1224,Pseudomonadota,2,Bacteria
MC01201,Photorhabdus laumondii,2218628,Pseudomonadota,29487,Photorhabdus,1903414,Morganellaceae,91347,Enterobacterales,1236,Gammaproteobacteria,1224,Pseudomonadota,2,Bacteria
MC03234,Phycicoccus sp.,1902410,Actinomycetota,367298,Phycicoccus,85021,Intrasporangiaceae,85006,Micrococcales,1760,Actinomycetes,201174,Actinomycetota,2,Bacteria
MC02528,Phyllobacterium sp.,1871046,Pseudomonadota,28100,Phyllobacterium,69277,Phyllobacteriaceae,356,Hyphomicrobiales,28211,Alphaproteobacteria,1224,Pseudomonadota,2,Bacteria
MC03404,Phytoplasma sp.,2155,Mycoplasmatota,33926,Candidatus Phytoplasma,2146,Acholeplasmataceae,186329,Acholeplasmatales,31969,Mollicutes,544448,Mycoplasmatota,2,Bacteria
MC02529,Pichia exigua,1171599,Ascomycota,4919,Pichia,1156497,Pichiaceae,4892,Saccharomycetales,4891,Saccharomycetes,4890,Ascomycota,4751,Fungi
MC02739,Pichia sp.,4925,Ascomycota,4919,Pichia,1156497,Pichiaceae,4892,Saccharomycetales,4891,Saccharomycetes,4890,Ascomycota,4751,Fungi
MC03108,Pigmentiphaga sp.,1977564,Pseudomonadota,152267,Pigmentiphaga,506,Alcaligenaceae,80840,Burkholderiales,28216,Betaproteobacteria,1224,Pseudomonadota,2,Bacteria
MC03442,Pilibacter termitis,263852,Bacillota,337670,Pilibacter,81852,Enterococcaceae,186826,Lactobacillales,91061,Bacilli,1239,Bacillota,2,Bacteria
MC01618,Pirellula sp.,117,Planctomycetota,123,Pirellula,2691357,Pirellulaceae,2691354,Pirellulales,203683,Planctomycetia,203682,Planctomycetota,2,Bacteria
MC02997,Pisolithus sp.,2055164,Basidiomycota,37467,Pisolithus,227329,Pisolithaceae,68889,Boletales,155619,Agaricomycetes,5204,Basidiomycota,4751,Fungi
MC01150,Planctomyces sp.,37635,Planctomycetota,118,Planctomyces,126,Planctomycetaceae,112,Planctomycetales,203683,Planctomycetia,203682,Planctomycetota,2,Bacteria
MC03443,Planococcus sp.,337815,Bacillota,1372,Planococcus,186818,Planococcaceae,1385,Bacillales,91061,Bacilli,1239,Bacillota,2,Bacteria
MC01338,Plautia stali symbiont,891974,Pseudomonadota,.,.,543,Enterobacteriaceae,91347,Enterobacterales,1236,Gammaproteobacteria,1224,Pseudomonadota,2,Bacteria
MC03162,Pleistophora sp.,35234,Microsporidia,35233,Pleistophora,35232,Pleistophoridae,.,.,.,.,6029,Microsporidia,4751,Fungi
MC02765,Pleosporales sp.,1755443,Ascomycota,.,.,.,.,92860,Pleosporales,147541,Dothideomycetes,4890,Ascomycota,4751,Fungi
MC00050,Plesiomonas shigelloides,703,Pseudomonadota,702,Plesiomonas,543,Enterobacteriaceae,91347,Enterobacterales,1236,Gammaproteobacteria,1224,Pseudomonadota,2,Bacteria
MC01656,Plesiomonas sp.,2486279,Pseudomonadota,702,Plesiomonas,543,Enterobacteriaceae,91347,Enterobacterales,1236,Gammaproteobacteria,1224,Pseudomonadota,2,Bacteria
MC02530,Pneumocystis murina,263815,Ascomycota,4753,Pneumocystis,44281,Pneumocystaceae,37987,Pneumocystales,147553,Pneumocystomycetes,4890,Ascomycota,4751,Fungi
MC03065,Pneumocystis sp.,1913146,Ascomycota,4753,Pneumocystis,44281,Pneumocystaceae,37987,Pneumocystales,147553,Pneumocystomycetes,4890,Ascomycota,4751,Fungi
MC01072,Polaribacter butkevichii,218490,Bacteroidota,52959,Polaribacter,49546,Flavobacteriaceae,200644,Flavobacteriales,117743,Flavobacteriia,976,Bacteroidota,2,Bacteria
MC01450,Polaribacter sp.,1920175,Bacteroidota,52959,Polaribacter,49546,Flavobacteriaceae,200644,Flavobacteriales,117743,Flavobacteriia,976,Bacteroidota,2,Bacteria
MC03240,Polaromonas sp.,1869339,Pseudomonadota,52972,Polaromonas,80864,Comamonadaceae,80840,Burkholderiales,28216,Betaproteobacteria,1224,Pseudomonadota,2,Bacteria
MC02926,Polyomaviridae sp.,2202645,Cossaviricota,.,.,151341,Polyomaviridae,2732532,Sepolyvirales,2732421,Papovaviricetes,2732415,Cossaviricota,2732092,Shotokuvirae
MC03342,Pontibacter sp.,1895908,Bacteroidota,323449,Pontibacter,1853232,Hymenobacteraceae,768507,Cytophagales,768503,Cytophagia,976,Bacteroidota,2,Bacteria
MC02531,Porphyromonas asaccharolytica,28123,Bacteroidota,836,Porphyromonas,171551,Porphyromonadaceae,171549,Bacteroidales,200643,Bacteroidia,976,Bacteroidota,2,Bacteria
MC02532,Porphyromonas bennonis,501496,Bacteroidota,836,Porphyromonas,171551,Porphyromonadaceae,171549,Bacteroidales,200643,Bacteroidia,976,Bacteroidota,2,Bacteria
MC02533,Porphyromonas catoniae,41976,Bacteroidota,836,Porphyromonas,171551,Porphyromonadaceae,171549,Bacteroidales,200643,Bacteroidia,976,Bacteroidota,2,Bacteria
MC02534,Porphyromonas endodontalis,28124,Bacteroidota,836,Porphyromonas,171551,Porphyromonadaceae,171549,Bacteroidales,200643,Bacteroidia,976,Bacteroidota,2,Bacteria
MC00311,Porphyromonas gingivalis,837,Bacteroidota,836,Porphyromonas,171551,Porphyromonadaceae,171549,Bacteroidales,200643,Bacteroidia,976,Bacteroidota,2,Bacteria
MC00207,Porphyromonas pasteri,1583331,Bacteroidota,836,Porphyromonas,171551,Porphyromonadaceae,171549,Bacteroidales,200643,Bacteroidia,976,Bacteroidota,2,Bacteria
MC02535,Porphyromonas somerae,322095,Bacteroidota,836,Porphyromonas,171551,Porphyromonadaceae,171549,Bacteroidales,200643,Bacteroidia,976,Bacteroidota,2,Bacteria
MC01649,Porphyromonas sp.,1924944,Bacteroidota,836,Porphyromonas,171551,Porphyromonadaceae,171549,Bacteroidales,200643,Bacteroidia,976,Bacteroidota,2,Bacteria
MC01287,Porphyromonas uenonis,281920,Bacteroidota,836,Porphyromonas,171551,Porphyromonadaceae,171549,Bacteroidales,200643,Bacteroidia,976,Bacteroidota,2,Bacteria
MC02747,Poxviridae sp.,2717630,Nucleocytoviricota,.,.,10240,Poxviridae,2732527,Chitovirales,2732525,Pokkesviricetes,2732007,Nucleocytoviricota,2732005,Bamfordvirae
MC02537,Preussia tetramera,718247,Ascomycota,265084,Preussia,55176,Sporormiaceae,92860,Pleosporales,147541,Dothideomycetes,4890,Ascomycota,451864,Dikarya
MC00430,Prevotella amnii,419005,Bacteroidota,838,Prevotella,171552,Prevotellaceae,171549,Bacteroidales,200643,Bacteroidia,976,Bacteroidota,2,Bacteria
MC00104,Prevotella bivia,28125,Bacteroidota,838,Prevotella,171552,Prevotellaceae,171549,Bacteroidales,200643,Bacteroidia,976,Bacteroidota,2,Bacteria
MC00105,Prevotella buccae,28126,Bacteroidota,2974251,Segatella,171552,Prevotellaceae,171549,Bacteroidales,200643,Bacteroidia,976,Bacteroidota,2,Bacteria
MC02538,Prevotella corporis,28128,Bacteroidota,838,Prevotella,171552,Prevotellaceae,171549,Bacteroidales,200643,Bacteroidia,976,Bacteroidota,2,Bacteria
MC02539,Prevotella dentalis,52227,Bacteroidota,838,Prevotella,171552,Prevotellaceae,171549,Bacteroidales,200643,Bacteroidia,976,Bacteroidota,2,Bacteria
MC00106,Prevotella denticola,28129,Bacteroidota,838,Prevotella,171552,Prevotellaceae,171549,Bacteroidales,200643,Bacteroidia,976,Bacteroidota,2,Bacteria
MC02540,Prevotella disiens,28130,Bacteroidota,838,Prevotella,171552,Prevotellaceae,171549,Bacteroidales,200643,Bacteroidia,976,Bacteroidota,2,Bacteria
MC00208,Prevotella histicola,470565,Bacteroidota,838,Prevotella,171552,Prevotellaceae,171549,Bacteroidales,200643,Bacteroidia,976,Bacteroidota,2,Bacteria
MC00107,Prevotella intermedia,28131,Bacteroidota,838,Prevotella,171552,Prevotellaceae,171549,Bacteroidales,200643,Bacteroidia,976,Bacteroidota,2,Bacteria
MC02541,Prevotella jejuni,1177574,Bacteroidota,838,Prevotella,171552,Prevotellaceae,171549,Bacteroidales,200643,Bacteroidia,976,Bacteroidota,2,Bacteria
MC00108,Prevotella loescheii,840,Bacteroidota,2974257,Hoylesella,171552,Prevotellaceae,171549,Bacteroidales,200643,Bacteroidia,976,Bacteroidota,2,Bacteria
MC00109,Prevotella melaninogenica,28132,Bacteroidota,838,Prevotella,171552,Prevotellaceae,171549,Bacteroidales,200643,Bacteroidia,976,Bacteroidota,2,Bacteria
MC00110,Prevotella nigrescens,28133,Bacteroidota,838,Prevotella,171552,Prevotellaceae,171549,Bacteroidales,200643,Bacteroidia,976,Bacteroidota,2,Bacteria
MC00111,Prevotella oralis,28134,Bacteroidota,2974257,Hoylesella,171552,Prevotellaceae,171549,Bacteroidales,200643,Bacteroidia,976,Bacteroidota,2,Bacteria
MC00474,Prevotella oryzae,185293,Bacteroidota,558436,Xylanibacter,171552,Prevotellaceae,171549,Bacteroidales,200643,Bacteroidia,976,Bacteroidota,2,Bacteria
MC00278,Prevotella pallens,60133,Bacteroidota,838,Prevotella,171552,Prevotellaceae,171549,Bacteroidales,200643,Bacteroidia,976,Bacteroidota,2,Bacteria
MC01366,Prevotella pneumophila,59823,Bacteroidota,838,Prevotella,171552,Prevotellaceae,171549,Bacteroidales,200643,Bacteroidia,976,Bacteroidota,2,Bacteria
MC01117,Prevotella rara,1676614,Bacteroidota,558436,Xylanibacter,171552,Prevotellaceae,171549,Bacteroidales,200643,Bacteroidia,976,Bacteroidota,2,Bacteria
MC00342,Prevotella ruminicola,839,Bacteroidota,558436,Xylanibacter,171552,Prevotellaceae,171549,Bacteroidales,200643,Bacteroidia,976,Bacteroidota,2,Bacteria
MC02542,Prevotella scopos,589437,Bacteroidota,838,Prevotella,171552,Prevotellaceae,171549,Bacteroidales,200643,Bacteroidia,976,Bacteroidota,2,Bacteria
MC00251,Prevotella sp.,59823,Bacteroidota,838,Prevotella,171552,Prevotellaceae,171549,Bacteroidales,200643,Bacteroidia,976,Bacteroidota,2,Bacteria
MC00209,Prevotella sp. CAG:617,1262933,Bacteroidota,838,Prevotella,171552,Prevotellaceae,171549,Bacteroidales,200643,Bacteroidia,976,Bacteroidota,2,Bacteria
MC02543,Prevotella sp. oral clone DO014,163592,Bacteroidota,838,Prevotella,171552,Prevotellaceae,171549,Bacteroidales,200643,Bacteroidia,976,Bacteroidota,2,Bacteria
MC02544,Prevotella sp. oral clone DO039,163595,Bacteroidota,838,Prevotella,171552,Prevotellaceae,171549,Bacteroidales,200643,Bacteroidia,976,Bacteroidota,2,Bacteria
MC02545,Prevotella sp. oral taxon 300,712456,Bacteroidota,838,Prevotella,171552,Prevotellaceae,171549,Bacteroidales,200643,Bacteroidia,976,Bacteroidota,2,Bacteria
MC02546,Prevotella sp. oral taxon 304,712459,Bacteroidota,838,Prevotella,171552,Prevotellaceae,171549,Bacteroidales,200643,Bacteroidia,976,Bacteroidota,2,Bacteria
MC02547,Prevotella sp. oral taxon 309,712463,Bacteroidota,838,Prevotella,171552,Prevotellaceae,171549,Bacteroidales,200643,Bacteroidia,976,Bacteroidota,2,Bacteria
MC02548,Prevotella sp. oral taxon 472,655809,Bacteroidota,838,Prevotella,171552,Prevotellaceae,171549,Bacteroidales,200643,Bacteroidia,976,Bacteroidota,2,Bacteria
MC00112,Prevotella veroralis,28137,Bacteroidota,838,Prevotella,171552,Prevotellaceae,171549,Bacteroidales,200643,Bacteroidia,976,Bacteroidota,2,Bacteria
MC01403,Prevotella-Bacteroides ratio,.,Prevotella-Bacteroides ratio,.,.,.,.,.,.,.,.,.,.,.,.
MC01127,Prevotellaceae bacterium,2049047,Bacteroidota,.,.,171552,Prevotellaceae,171549,Bacteroidales,200643,Bacteroidia,976,Bacteroidota,2,Bacteria
MC01371,Prevotellaceae NK3B31 group,224765,Bacteroidota,.,.,171552,Prevotellaceae,171549,Bacteroidales,200643,Bacteroidia,976,Bacteroidota,2,Bacteria
MC03460,Prevotellaceae UCG-001,171552,Bacteroidota,.,.,171552,Prevotellaceae,171549,Bacteroidales,200643,Bacteroidia,976,Bacteroidota,2,Bacteria
MC00210,Prevotellamassilia timonensis,1852370,Bacteroidota,1926672,Prevotellamassilia,171552,Prevotellaceae,171549,Bacteroidales,200643,Bacteroidia,976,Bacteroidota,2,Bacteria
MC02549,Priestia flexa,86664,Bacillota,2800373,Priestia,186817,Bacillaceae,1385,Bacillales,91061,Bacilli,1239,Bacillota,2,Bacteria
MC00030,"probiotic mixture (Bifidobacterium breve, L casei, and galactooligosacharides )",.,Probiotic mixture,.,.,.,.,.,.,.,.,.,.,.,.
MC00059,probiotic mixture 1 (Lactobacillus spp. and Bifidobacterium spp.),.,Probiotic mixture,.,.,.,.,.,.,.,.,.,.,.,.
MC00060,"probiotic mixture 2 (Lactobacillus acidophilus, Lactobacillus paracasei, Lactobacillus rhamnosus, and Bifidobacterium lactis)",.,Probiotic mixture,.,.,.,.,.,.,.,.,.,.,.,.
MC03119,Prochlorococcus sp.,1220,Cyanobacteriota,1218,Prochlorococcus,2881426,Prochlorococcaceae,1890424,Synechococcales,3028117,Cyanophyceae,1117,Cyanobacteriota,2,Bacteria
MC02550,Propionibacterium acidifaciens,556499,Actinomycetota,1743,Propionibacterium,31957,Propionibacteriaceae,85009,Propionibacteriales,1760,Actinomycetes,201174,Actinomycetota,2,Bacteria
MC01517,Propionibacterium sp.,1977903,Actinomycetota,1743,Propionibacterium,31957,Propionibacteriaceae,85009,Propionibacteriales,1760,Actinomycetes,201174,Actinomycetota,2,Bacteria
MC03259,Propionicimonas sp.,1955623,Actinomycetota,236052,Propionicimonas,85015,Nocardioidaceae,85009,Propionibacteriales,1760,Actinomycetes,201174,Actinomycetota,2,Bacteria
MC02551,Propionimicrobium lymphophilum,33012,Actinomycetota,203133,Propionimicrobium,31957,Propionibacteriaceae,85009,Propionibacteriales,1760,Actinomycetes,201174,Actinomycetota,2,Bacteria
MC03196,Propionimicrobium sp.,2928016,Actinomycetota,203133,Propionimicrobium,31957,Propionibacteriaceae,85009,Propionibacteriales,1760,Actinomycetes,201174,Actinomycetota,2,Bacteria
MC03395,Prosthodendrium sp.,2844379,Platyhelminthes,2498715,Prosthodendrium,99677,Lecithodendriidae,27871,Plagiorchiida,6178,Trematoda,6157,Platyhelminthes,33208,Metazoa
MC03156,Proteiniclasticum sp.,2053595,Bacillota,1155385,Proteiniclasticum,31979,Clostridiaceae,186802,Eubacteriales,186801,Clostridia,1239,Bacillota,2,Bacteria
MC03066,Proteiniphilum sp.,1926877,Bacteroidota,294702,Proteiniphilum,2005520,Dysgonomonadaceae,171549,Bacteroidales,200643,Bacteroidia,976,Bacteroidota,2,Bacteria
MC02552,Proteobacteria bacterium CAG:139,1262986,Pseudomonadota,.,.,.,.,.,.,.,.,1224,Pseudomonadota,2,Bacteria
MC00495,Proteus mirabilis,584,Pseudomonadota,583,Proteus,1903414,Morganellaceae,91347,Enterobacterales,1236,Gammaproteobacteria,1224,Pseudomonadota,2,Bacteria
MC00301,Proteus penneri,102862,Pseudomonadota,583,Proteus,1903414,Morganellaceae,91347,Enterobacterales,1236,Gammaproteobacteria,1224,Pseudomonadota,2,Bacteria
MC01461,Proteus sp.,229037,Pseudomonadota,583,Proteus,1903414,Morganellaceae,91347,Enterobacterales,1236,Gammaproteobacteria,1224,Pseudomonadota,2,Bacteria
MC00550,Providencia alcalifaciens,126385,Pseudomonadota,586,Providencia,1903414,Morganellaceae,91347,Enterobacterales,1236,Gammaproteobacteria,1224,Pseudomonadota,2,Bacteria
MC00551,Providencia rettgeri,587,Pseudomonadota,586,Providencia,1903414,Morganellaceae,91347,Enterobacterales,1236,Gammaproteobacteria,1224,Pseudomonadota,2,Bacteria
MC03189,Providencia sp.,589,Pseudomonadota,586,Providencia,1903414,Morganellaceae,91347,Enterobacterales,1236,Gammaproteobacteria,1224,Pseudomonadota,2,Bacteria
MC00413,Providencia stuartii,588,Pseudomonadota,586,Providencia,1903414,Morganellaceae,91347,Enterobacterales,1236,Gammaproteobacteria,1224,Pseudomonadota,2,Bacteria
MC02553,Providencia vermicola,333965,Pseudomonadota,586,Providencia,1903414,Morganellaceae,91347,Enterobacterales,1236,Gammaproteobacteria,1224,Pseudomonadota,2,Bacteria
MC02554,Psathyrella artemisiae,443882,Basidiomycota,71729,Psathyrella,184208,Psathyrellaceae,5338,Agaricales,155619,Agaricomycetes,5204,Basidiomycota,4751,Fungi
MC03115,Psathyrella sp.,1905293,Basidiomycota,71729,Psathyrella,184208,Psathyrellaceae,5338,Agaricales,155619,Agaricomycetes,5204,Basidiomycota,4751,Fungi
MC02916,Psathyrellaceae sp.,1933431,Basidiomycota,.,.,184208,Psathyrellaceae,5338,Agaricales,155619,Agaricomycetes,5204,Basidiomycota,4751,Fungi
MC03142,Pseudarcicella sp.,1960882,Bacteroidota,1664383,Pseudarcicella,3141701,Flectobacillaceae,768507,Cytophagales,768503,Cytophagia,976,Bacteroidota,2,Bacteria
MC02844,Pseudeurotiaceae sp.,2012022,Ascomycota,.,.,34379,Pseudeurotiaceae,.,.,147548,Leotiomycetes,4890,Ascomycota,4751,Fungi
MC03389,Pseudidiomarina sp.,2081707,Pseudomonadota,2800384,Pseudidiomarina,267893,Idiomarinaceae,135622,Alteromonadales,1236,Gammaproteobacteria,1224,Pseudomonadota,2,Bacteria
MC02792,Pseudoalteromonas sp.,53249,Pseudomonadota,53246,Pseudoalteromonas,267888,Pseudoalteromonadaceae,135622,Alteromonadales,1236,Gammaproteobacteria,1224,Pseudomonadota,2,Bacteria
MC02555,Pseudobutyrivibrio ruminis,46206,Bacillota,46205,Pseudobutyrivibrio,186803,Lachnospiraceae,3085636,Lachnospirales,186801,Clostridia,1239,Bacillota,2,Bacteria
MC00486,Pseudobutyrivibrio sp.,2014367,Bacillota,46205,Pseudobutyrivibrio,186803,Lachnospiraceae,3085636,Lachnospirales,186801,Clostridia,1239,Bacillota,2,Bacteria
MC03321,Pseudochrobactrum sp.,1884350,Pseudomonadota,354349,Pseudochrobactrum,118882,Brucellaceae,356,Hyphomicrobiales,28211,Alphaproteobacteria,1224,Pseudomonadota,2,Bacteria
MC00414,Pseudocitrobacter faecalis,1398493,Pseudomonadota,1504576,Pseudocitrobacter,543,Enterobacteriaceae,91347,Enterobacterales,1236,Gammaproteobacteria,1224,Pseudomonadota,2,Bacteria
MC03247,Pseudocitrobacter sp.,1903748,Pseudomonadota,1504576,Pseudocitrobacter,543,Enterobacteriaceae,91347,Enterobacterales,1236,Gammaproteobacteria,1224,Pseudomonadota,2,Bacteria
MC03009,Pseudoclavibacter sp.,1915061,Actinomycetota,255204,Pseudoclavibacter,85023,Microbacteriaceae,85006,Micrococcales,1760,Actinomycetes,201174,Actinomycetota,2,Bacteria
MC00113,Pseudoflavonifractor capillosus,106588,Bacillota,1017280,Pseudoflavonifractor,216572,Oscillospiraceae,186802,Eubacteriales,186801,Clostridia,1239,Bacillota,2,Bacteria
MC01709,Pseudoflavonifractor sp.,1980281,Bacillota,1017280,Pseudoflavonifractor,216572,Oscillospiraceae,186802,Eubacteriales,186801,Clostridia,1239,Bacillota,2,Bacteria
MC02556,Pseudoglutamicibacter cumminsii,156979,Actinomycetota,1742991,Pseudoglutamicibacter,1268,Micrococcaceae,85006,Micrococcales,1760,Actinomycetes,201174,Actinomycetota,2,Bacteria
MC01324,Pseudogulbenkiania sp. NH8B,748280,Pseudomonadota,568394,Pseudogulbenkiania,1499392,Chromobacteriaceae,206351,Neisseriales,28216,Betaproteobacteria,1224,Pseudomonadota,2,Bacteria
MC02557,Pseudogymnoascus sp. VKM F-4518 (FW-2643),1420913,Ascomycota,78156,Pseudogymnoascus,34379,Pseudeurotiaceae,.,.,147548,Leotiomycetes,4890,Ascomycota,4751,Fungi
MC02558,Pseudogymnoascus sp. VKM F-4520 (FW-2644),1420915,Ascomycota,78156,Pseudogymnoascus,34379,Pseudeurotiaceae,.,.,147548,Leotiomycetes,4890,Ascomycota,4751,Fungi
MC03244,Pseudolabrys sp.,1960880,Pseudomonadota,556257,Pseudolabrys,335928,Xanthobacteraceae,356,Hyphomicrobiales,28211,Alphaproteobacteria,1224,Pseudomonadota,2,Bacteria
MC00045,Pseudomonas aeruginosa,287,Pseudomonadota,136841,Pseudomonas aeruginosa group,135621,Pseudomonadaceae,72274,Pseudomonadales,1236,Gammaproteobacteria,1224,Pseudomonadota,2,Bacteria
MC01178,Pseudomonas alcaligenes,43263,Pseudomonadota,136841,Pseudomonas aeruginosa group,135621,Pseudomonadaceae,72274,Pseudomonadales,1236,Gammaproteobacteria,1224,Pseudomonadota,2,Bacteria
MC01289,Pseudomonas amygdali pv. morsprunorum,129138,Pseudomonadota,251698,Pseudomonas syringae group genomosp. 2,135621,Pseudomonadaceae,72274,Pseudomonadales,1236,Gammaproteobacteria,1224,Pseudomonadota,2,Bacteria
MC00537,Pseudomonas fluorescens,294,Pseudomonadota,136843,Pseudomonas fluorescens group,135621,Pseudomonadaceae,72274,Pseudomonadales,1236,Gammaproteobacteria,1224,Pseudomonadota,2,Bacteria
MC00262,Pseudomonas furukawaii,1149133,Pseudomonadota,1232139,Pseudomonas oleovorans/pseudoalcaligenes group,135621,Pseudomonadaceae,72274,Pseudomonadales,1236,Gammaproteobacteria,1224,Pseudomonadota,2,Bacteria
MC01202,Pseudomonas japonica,256466,Pseudomonadota,286,Pseudomonas,135621,Pseudomonadaceae,72274,Pseudomonadales,1236,Gammaproteobacteria,1224,Pseudomonadota,2,Bacteria
MC02559,Pseudomonas luteola,47886,Pseudomonadota,286,Pseudomonas,135621,Pseudomonadaceae,72274,Pseudomonadales,1236,Gammaproteobacteria,1224,Pseudomonadota,2,Bacteria
MC02560,Pseudomonas oleovorans,301,Pseudomonadota,286,Pseudomonas,135621,Pseudomonadaceae,72274,Pseudomonadales,1236,Gammaproteobacteria,1224,Pseudomonadota,2,Bacteria
MC01707,Pseudomonas plecoglossicida,70775,Pseudomonadota,136845,Pseudomonas putida group,135621,Pseudomonadaceae,72274,Pseudomonadales,1236,Gammaproteobacteria,1224,Pseudomonadota,2,Bacteria
MC01175,Pseudomonas plecoglossicida strain R18,33044,Pseudomonadota,773,Bartonella,772,Bartonellaceae,356,Hyphomicrobiales,28211,Alphaproteobacteria,1224,Pseudomonadota,2,Bacteria
MC00519,Pseudomonas psychrophila,122355,Pseudomonadota,286,Pseudomonas,135621,Pseudomonadaceae,72274,Pseudomonadales,1236,Gammaproteobacteria,1224,Pseudomonadota,2,Bacteria
MC00072,Pseudomonas putida,303,Pseudomonadota,136845,Pseudomonas putida group,135621,Pseudomonadaceae,72274,Pseudomonadales,1236,Gammaproteobacteria,1224,Pseudomonadota,2,Bacteria
MC01030,Pseudomonas sp.,306,Pseudomonadota,286,Pseudomonas,135621,Pseudomonadaceae,72274,Pseudomonadales,1236,Gammaproteobacteria,1224,Pseudomonadota,2,Bacteria
MC02561,Pseudomonas straminea,47882,Pseudomonadota,286,Pseudomonas,135621,Pseudomonadaceae,72274,Pseudomonadales,1236,Gammaproteobacteria,1224,Pseudomonadota,2,Bacteria
MC02562,Pseudomonas veronii,76761,Pseudomonadota,286,Pseudomonas,135621,Pseudomonadaceae,72274,Pseudomonadales,1236,Gammaproteobacteria,1224,Pseudomonadota,2,Bacteria
MC02563,Pseudomonas viridiflava,33069,Pseudomonadota,286,Pseudomonas,135621,Pseudomonadaceae,72274,Pseudomonadales,1236,Gammaproteobacteria,1224,Pseudomonadota,2,Bacteria
MC03030,Pseudonocardia sp.,60912,Actinomycetota,1847,Pseudonocardia,2070,Pseudonocardiaceae,85010,Pseudonocardiales,1760,Actinomycetes,201174,Actinomycetota,2,Bacteria
MC02564,Pseudoramibacter alactolyticus,113287,Bacillota,113286,Pseudoramibacter,186806,Eubacteriaceae,186802,Eubacteriales,186801,Clostridia,1239,Bacillota,2,Bacteria
MC00499,Pseudoramibacter Eubacterium,2626656,Bacillota,113286,Pseudoramibacter,186806,Eubacteriaceae,186802,Eubacteriales,186801,Clostridia,1239,Bacillota,2,Bacteria
MC03109,Pseudoramibacter sp.,2034862,Bacillota,113286,Pseudoramibacter,186806,Eubacteriaceae,186802,Eubacteriales,186801,Clostridia,1239,Bacillota,2,Bacteria
MC03104,Pseudothermotoga sp.,2033661,Thermotogota,1643951,Pseudothermotoga,188709,Thermotogaceae,2419,Thermotogales,188708,Thermotogae,200918,Thermotogota,2,Bacteria
MC02565,Pseudoxanthomonas mexicana,128785,Pseudomonadota,83618,Pseudoxanthomonas,32033,Lysobacteraceae,135614,Lysobacterales,1236,Gammaproteobacteria,1224,Pseudomonadota,2,Bacteria
MC03308,Pseudoxanthomonas sp.,1871049,Pseudomonadota,83618,Pseudoxanthomonas,32033,Lysobacteraceae,135614,Lysobacterales,1236,Gammaproteobacteria,1224,Pseudomonadota,2,Bacteria
MC02566,Psychrobacter pulmonis,228654,Pseudomonadota,497,Psychrobacter,468,Moraxellaceae,2887326,Moraxellales,1236,Gammaproteobacteria,1224,Pseudomonadota,2,Bacteria
MC01446,Psychrobacter sp.,56811,Pseudomonadota,497,Psychrobacter,468,Moraxellaceae,2887326,Moraxellales,1236,Gammaproteobacteria,1224,Pseudomonadota,2,Bacteria
MC03005,Psychromonas sp.,1884585,Pseudomonadota,67572,Psychromonas,267894,Psychromonadaceae,135622,Alteromonadales,1236,Gammaproteobacteria,1224,Pseudomonadota,2,Bacteria
MC02799,Pucciniomycetes sp.,2040937,Basidiomycota,.,.,.,.,.,.,162484,Pucciniomycetes,5204,Basidiomycota,4751,Fungi
MC02567,Punctularia strigosozonata,202698,Basidiomycota,133746,Punctularia,908827,Punctulariaceae,452338,Corticiales,155619,Agaricomycetes,5204,Basidiomycota,4751,Fungi
MC03195,Purpureocillium sp.,1926681,Ascomycota,1052105,Purpureocillium,474942,Ophiocordycipitaceae,5125,Hypocreales,147550,Sordariomycetes,4890,Ascomycota,451864,Dikarya
MC03258,Pusillimonas sp.,3040095,Pseudomonadota,305976,Pusillimonas,506,Alcaligenaceae,80840,Burkholderiales,28216,Betaproteobacteria,1224,Pseudomonadota,2,Bacteria
MC02568,Pyramidobacter piscolens,638849,Synergistota,638847,Pyramidobacter,3029088,Dethiosulfovibrionaceae,649776,Synergistales,649775,Synergistia,508458,Synergistota,2,Bacteria
MC03172,Pyramidobacter sp.,1943581,Synergistota,638847,Pyramidobacter,3029088,Dethiosulfovibrionaceae,649776,Synergistales,649775,Synergistia,508458,Synergistota,2,Bacteria
MC02782,Pyronemataceae sp.,1756145,Ascomycota,.,.,110846,Pyronemataceae,5185,Pezizales,147549,Pezizomycetes,4890,Ascomycota,4751,Fungi
MC01542,Quinella sp.,3048901,Bacillota,1567,Quinella,31977,Veillonellaceae,1843489,Veillonellales,909932,Negativicutes,1239,Bacillota,2,Bacteria
MC01322,Rahnella aquatilis,34038,Pseudomonadota,34037,Rahnella,1903411,Yersiniaceae,91347,Enterobacterales,1236,Gammaproteobacteria,1224,Pseudomonadota,2,Bacteria
MC01596,Rahnella sp.,1873497,Pseudomonadota,34037,Rahnella,1903411,Yersiniaceae,91347,Enterobacterales,1236,Gammaproteobacteria,1224,Pseudomonadota,2,Bacteria
MC01365,Rahnella sp. Y9602,2703885,Pseudomonadota,34037,Rahnella,1903411,Yersiniaceae,91347,Enterobacterales,1236,Gammaproteobacteria,1224,Pseudomonadota,2,Bacteria
MC02569,Ralstonia insidiosa,190721,Pseudomonadota,48736,Ralstonia,119060,Burkholderiaceae,80840,Burkholderiales,28216,Betaproteobacteria,1224,Pseudomonadota,2,Bacteria
MC00123,Ralstonia pickettii,329,Pseudomonadota,48736,Ralstonia,119060,Burkholderiaceae,80840,Burkholderiales,28216,Betaproteobacteria,1224,Pseudomonadota,2,Bacteria
MC00255,Ralstonia solanacearum,305,Pseudomonadota,3116862,Ralstonia solanacearum species complex,119060,Burkholderiaceae,80840,Burkholderiales,28216,Betaproteobacteria,1224,Pseudomonadota,2,Bacteria
MC02801,Ralstonia sp.,54061,Pseudomonadota,48736,Ralstonia,119060,Burkholderiaceae,80840,Burkholderiales,28216,Betaproteobacteria,1224,Pseudomonadota,2,Bacteria
MC03013,Ramlibacter sp.,1917967,Pseudomonadota,174951,Ramlibacter,80864,Comamonadaceae,80840,Burkholderiales,28216,Betaproteobacteria,1224,Pseudomonadota,2,Bacteria
MC02570,Ramularia collo-cygni,112498,Ascomycota,112497,Ramularia,93133,Mycosphaerellaceae,2726947,Mycosphaerellales,147541,Dothideomycetes,4890,Ascomycota,451864,Dikarya
MC03281,Ramularia sp.,1980221,Ascomycota,112497,Ramularia,93133,Mycosphaerellaceae,2726947,Mycosphaerellales,147541,Dothideomycetes,4890,Ascomycota,451864,Dikarya
MC00299,Raoultella planticola,575,Pseudomonadota,160674,Raoultella,543,Enterobacteriaceae,91347,Enterobacterales,1236,Gammaproteobacteria,1224,Pseudomonadota,2,Bacteria
MC00555,Raoultella sp.,1873496,Pseudomonadota,160674,Raoultella,543,Enterobacteriaceae,91347,Enterobacterales,1236,Gammaproteobacteria,1224,Pseudomonadota,2,Bacteria
MC00446,Raoultella terrigena,577,Pseudomonadota,160674,Raoultella,543,Enterobacteriaceae,91347,Enterobacterales,1236,Gammaproteobacteria,1224,Pseudomonadota,2,Bacteria
MC01264,Raphidiopsis brookii,668331,Cyanobacteriota,244599,Raphidiopsis,1892259,Aphanizomenonaceae,1161,Nostocales,3028117,Cyanophyceae,1117,Cyanobacteriota,2,Bacteria
MC02571,Rathayibacter caricis,110936,Actinomycetota,33886,Rathayibacter,85023,Microbacteriaceae,85006,Micrococcales,1760,Actinomycetes,201174,Actinomycetota,2,Bacteria
MC02981,Rathayibacter sp.,1891630,Actinomycetota,33886,Rathayibacter,85023,Microbacteriaceae,85006,Micrococcales,1760,Actinomycetes,201174,Actinomycetota,2,Bacteria
MC03388,Reovirales sp.,2809805,Duplornaviricota,.,.,.,.,2732541,Reovirales,2732459,Resentoviricetes,2732405,Duplornaviricota,2732396,Orthornavirae
MC03416,Respiratory syncytial virus,12814,Negarnaviricota,1868215,Orthopneumovirus,11244,Pneumoviridae,11157,Mononegavirales,2497574,Monjiviricetes,2497569,Negarnaviricota,2732396,Orthornavirae
MC02743,Retroviridae sp.,2681591,Artverviricota,.,.,11632,Retroviridae,2169561,Ortervirales,2732514,Revtraviricetes,2732409,Artverviricota,2732397,Pararnavirae
MC01434,Rheinheimera sp.,1869214,Pseudomonadota,67575,Rheinheimera,1046,Chromatiaceae,135613,Chromatiales,1236,Gammaproteobacteria,1224,Pseudomonadota,2,Bacteria
MC01249,Rheinheimera sp. A13L,506534,Pseudomonadota,67575,Rheinheimera,1046,Chromatiaceae,135613,Chromatiales,1236,Gammaproteobacteria,1224,Pseudomonadota,2,Bacteria
MC01524,Rhizobium sp.,391,Pseudomonadota,78526,Allorhizobium,82115,Rhizobiaceae,356,Hyphomicrobiales,28211,Alphaproteobacteria,1224,Pseudomonadota,2,Bacteria
MC03444,Rhizophagus sp.,1913635,Mucoromycota,1129544,Rhizophagus,36751,Glomeraceae,36750,Glomerales,214506,Glomeromycetes,1913637,Mucoromycota,4751,Fungi
MC02572,Rhizopus arrhizus,64495,Mucoromycota,4842,Rhizopus,1344955,Rhizopodaceae,4827,Mucorales,2212703,Mucoromycetes,1913637,Mucoromycota,4751,Fungi
MC03116,Rhizopus sp.,1914426,Mucoromycota,4842,Rhizopus,1344955,Rhizopodaceae,4827,Mucorales,2212703,Mucoromycetes,1913637,Mucoromycota,4751,Fungi
MC03055,Rhodanobacter sp.,1883446,Pseudomonadota,75309,Rhodanobacter,1775411,Rhodanobacteraceae,135614,Lysobacterales,1236,Gammaproteobacteria,1224,Pseudomonadota,2,Bacteria
MC02971,Rhodobaca sp.,1945756,Pseudomonadota,119541,Rhodobaca,31989,Paracoccaceae,204455,Rhodobacterales,28211,Alphaproteobacteria,1224,Pseudomonadota,2,Bacteria
MC00400,Rhodobacter capsulatus,1061,Pseudomonadota,1060,Rhodobacter,31989,Paracoccaceae,204455,Rhodobacterales,28211,Alphaproteobacteria,1224,Pseudomonadota,2,Bacteria
MC02794,Rhodobacter sp.,1062,Pseudomonadota,1060,Rhodobacter,31989,Paracoccaceae,204455,Rhodobacterales,28211,Alphaproteobacteria,1224,Pseudomonadota,2,Bacteria
MC00520,Rhodococcus equi,43767,Actinomycetota,2979332,Prescottella,85025,Nocardiaceae,85007,Mycobacteriales,1760,Actinomycetes,201174,Actinomycetota,2,Bacteria
MC00261,Rhodococcus erythropolis,1833,Actinomycetota,2840174,Rhodococcus erythropolis group,85025,Nocardiaceae,85007,Mycobacteriales,1760,Actinomycetes,201174,Actinomycetota,2,Bacteria
MC00516,Rhodococcus rhodochrous,1829,Actinomycetota,1827,Rhodococcus,85025,Nocardiaceae,85007,Mycobacteriales,1760,Actinomycetes,201174,Actinomycetota,2,Bacteria
MC01499,Rhodococcus sp.,1831,Actinomycetota,1827,Rhodococcus,85025,Nocardiaceae,85007,Mycobacteriales,1760,Actinomycetes,201174,Actinomycetota,2,Bacteria
MC02574,Rhodococcus sp. 008,1723645,Actinomycetota,1827,Rhodococcus,85025,Nocardiaceae,85007,Mycobacteriales,1760,Actinomycetes,201174,Actinomycetota,2,Bacteria
MC03123,Rhodoferax sp.,50421,Pseudomonadota,28065,Rhodoferax,80864,Comamonadaceae,80840,Burkholderiales,28216,Betaproteobacteria,1224,Pseudomonadota,2,Bacteria
MC03028,Rhodoplanes sp.,1968906,Pseudomonadota,29407,Rhodoplanes,45401,Hyphomicrobiaceae,356,Hyphomicrobiales,28211,Alphaproteobacteria,1224,Pseudomonadota,2,Bacteria
MC02575,Rhodotorula dairenensis,86832,Basidiomycota,5533,Rhodotorula,1799696,Sporidiobolaceae,231213,Sporidiobolales,162481,Microbotryomycetes,5204,Basidiomycota,4751,Fungi
MC02576,Rhodotorula graminis,29898,Basidiomycota,5533,Rhodotorula,1799696,Sporidiobolaceae,231213,Sporidiobolales,162481,Microbotryomycetes,5204,Basidiomycota,4751,Fungi
MC02577,Rhodotorula mucilaginosa,5537,Basidiomycota,5533,Rhodotorula,1799696,Sporidiobolaceae,231213,Sporidiobolales,162481,Microbotryomycetes,5204,Basidiomycota,4751,Fungi
MC02741,Rhodotorula sp.,1853554,Basidiomycota,5533,Rhodotorula,1799696,Sporidiobolaceae,231213,Sporidiobolales,162481,Microbotryomycetes,5204,Basidiomycota,4751,Fungi
MC02578,Rhodotorula sp. JG-1b,1305733,Basidiomycota,5533,Rhodotorula,1799696,Sporidiobolaceae,231213,Sporidiobolales,162481,Microbotryomycetes,5204,Basidiomycota,4751,Fungi
MC02579,Rhynchogastrema tunnelae,1255125,Basidiomycota,1581160,Rhynchogastrema,1581159,Rhynchogastremaceae,5234,Tremellales,155616,Tremellomycetes,5204,Basidiomycota,4751,Fungi
MC01131,Rickenellaceae sp.,2719958,Basidiomycota,.,.,1124673,Rickenellaceae,139380,Hymenochaetales,155619,Agaricomycetes,5204,Basidiomycota,4751,Fungi
MC01643,Rikenella sp.,1906664,Bacteroidota,28138,Rikenella,171550,Rikenellaceae,171549,Bacteroidales,200643,Bacteroidia,976,Bacteroidota,2,Bacteria
MC02580,Rikenellaceae bacterium,2049048,Bacteroidota,.,.,171550,Rikenellaceae,171549,Bacteroidales,200643,Bacteroidia,976,Bacteroidota,2,Bacteria
MC00419,Rikenellaceae RC9,433337,Bacteroidota,.,.,171550,Rikenellaceae,171549,Bacteroidales,200643,Bacteroidia,976,Bacteroidota,2,Bacteria
MC02016,Robinsoniella peoriensis,180332,Bacillota,588605,Robinsoniella,186803,Lachnospiraceae,3085636,Lachnospirales,186801,Clostridia,1239,Bacillota,2,Bacteria
MC01577,Robinsoniella sp.,2496533,Bacillota,588605,Robinsoniella,186803,Lachnospiraceae,3085636,Lachnospirales,186801,Clostridia,1239,Bacillota,2,Bacteria
MC02007,Romboutsia lituseburensis,1537,Bacillota,1501226,Romboutsia,186804,Peptostreptococcaceae,3082720,Peptostreptococcales,186801,Clostridia,1239,Bacillota,2,Bacteria
MC01115,Romboutsia sedimentorum,1368474,Bacillota,1501226,Romboutsia,186804,Peptostreptococcaceae,3082720,Peptostreptococcales,186801,Clostridia,1239,Bacillota,2,Bacteria
MC01558,Romboutsia sp.,1965302,Bacillota,1501226,Romboutsia,186804,Peptostreptococcaceae,3082720,Peptostreptococcales,186801,Clostridia,1239,Bacillota,2,Bacteria
MC01559,Roseateles sp.,1971397,Pseudomonadota,93681,Roseateles,2975441,Sphaerotilaceae,80840,Burkholderiales,28216,Betaproteobacteria,1224,Pseudomonadota,2,Bacteria
MC00069,Roseburia Faecis,301302,Bacillota,841,Roseburia,186803,Lachnospiraceae,3085636,Lachnospirales,186801,Clostridia,1239,Bacillota,2,Bacteria
MC00321,Roseburia hominis,301301,Bacillota,841,Roseburia,186803,Lachnospiraceae,3085636,Lachnospirales,186801,Clostridia,1239,Bacillota,2,Bacteria
MC00211,Roseburia intestinalis,166486,Bacillota,841,Roseburia,186803,Lachnospiraceae,3085636,Lachnospirales,186801,Clostridia,1239,Bacillota,2,Bacteria
MC00212,Roseburia inulinivorans,360807,Bacillota,841,Roseburia,186803,Lachnospiraceae,3085636,Lachnospirales,186801,Clostridia,1239,Bacillota,2,Bacteria
MC00487,Roseburia sp.,2049040,Bacillota,841,Roseburia,186803,Lachnospiraceae,3085636,Lachnospirales,186801,Clostridia,1239,Bacillota,2,Bacteria
MC00154,Roseburia sp. CAG 182,1262942,Bacillota,841,Roseburia,186803,Lachnospiraceae,3085636,Lachnospirales,186801,Clostridia,1239,Bacillota,2,Bacteria
MC00155,Roseburia sp. CAG 471,1262948,Bacillota,841,Roseburia,186803,Lachnospiraceae,3085636,Lachnospirales,186801,Clostridia,1239,Bacillota,2,Bacteria
MC00296,Roseomonas gilardii,257708,Pseudomonadota,125216,Roseomonas,433,Acetobacteraceae,204441,Rhodospirillales,28211,Alphaproteobacteria,1224,Pseudomonadota,2,Bacteria
MC02581,Roseomonas mucosa,207340,Pseudomonadota,125216,Roseomonas,433,Acetobacteraceae,204441,Rhodospirillales,28211,Alphaproteobacteria,1224,Pseudomonadota,2,Bacteria
MC03011,Roseomonas sp.,1869190,Pseudomonadota,125216,Roseomonas,433,Acetobacteraceae,204441,Rhodospirillales,28211,Alphaproteobacteria,1224,Pseudomonadota,2,Bacteria
MC02582,Rothia aeria,172042,Actinomycetota,32207,Rothia,1268,Micrococcaceae,85006,Micrococcales,1760,Actinomycetes,201174,Actinomycetota,2,Bacteria
MC02583,Rothia dentocariosa,2047,Actinomycetota,32207,Rothia,1268,Micrococcaceae,85006,Micrococcales,1760,Actinomycetes,201174,Actinomycetota,2,Bacteria
MC01053,Rothia mucilaginosa,43675,Actinomycetota,32207,Rothia,1268,Micrococcaceae,85006,Micrococcales,1760,Actinomycetes,201174,Actinomycetota,2,Bacteria
MC00233,Rothia sp.,1885016,Actinomycetota,32207,Rothia,1268,Micrococcaceae,85006,Micrococcales,1760,Actinomycetes,201174,Actinomycetota,2,Bacteria
MC03140,Rubellimicrobium sp.,2509153,Pseudomonadota,295418,Rubellimicrobium,2854170,Roseobacteraceae,204455,Rhodobacterales,28211,Alphaproteobacteria,1224,Pseudomonadota,2,Bacteria
MC01609,Rubrobacter sp.,2036010,Actinomycetota,42255,Rubrobacter,84997,Rubrobacteraceae,84996,Rubrobacterales,84995,Rubrobacteria,201174,Actinomycetota,2,Bacteria
MC02584,Rumen bacterium 8/94-32,371800,Unclear phylum,.,.,.,.,.,.,.,.,.,.,2,Bacteria
MC01103,rumen bacterium NK4A66,689793,Unclear phylum,.,.,.,.,.,.,.,.,.,.,2,Bacteria
MC02585,Rumen bacterium R-7,353157,Unclear phylum,.,.,.,.,.,.,.,.,.,.,2,Bacteria
MC02586,Rumen bacterium R-9,353158,Unclear phylum,.,.,.,.,.,.,.,.,.,.,2,Bacteria
MC00350,Ruminiclostridium cellulolyticum,1521,Bacillota,1508657,Ruminiclostridium,216572,Oscillospiraceae,186802,Eubacteriales,186801,Clostridia,1239,Bacillota,2,Bacteria
MC01027,Ruminiclostridium sp.,2053608,Bacillota,1508657,Ruminiclostridium,216572,Oscillospiraceae,186802,Eubacteriales,186801,Clostridia,1239,Bacillota,2,Bacteria
MC03122,Ruminobacter sp.,2774296,Pseudomonadota,866,Ruminobacter,83763,Succinivibrionaceae,135624,Aeromonadales,1236,Gammaproteobacteria,1224,Pseudomonadota,2,Bacteria
MC01094,Ruminococcaceae bacterium D16,552398,Bacillota,.,.,216572,Oscillospiraceae,186802,Eubacteriales,186801,Clostridia,1239,Bacillota,2,Bacteria
MC01714,Ruminococcaceae bacterium UCG,3068309,Bacillota,.,.,216572,Oscillospiraceae,186802,Eubacteriales,186801,Clostridia,1239,Bacillota,2,Bacteria
MC00608,Ruminococcaceae bacterium UCG003,3068309,Bacillota,.,.,216572,Oscillospiraceae,186802,Eubacteriales,186801,Clostridia,1239,Bacillota,2,Bacteria
MC02000,Ruminococcaceae bacterium UCG-003,2485925,Bacillota,.,.,216572,Oscillospiraceae,186802,Eubacteriales,186801,Clostridia,1239,Bacillota,2,Bacteria
MC02001,Ruminococcaceae bacterium UCG-004,2485925,Bacillota,.,.,216572,Oscillospiraceae,186802,Eubacteriales,186801,Clostridia,1239,Bacillota,2,Bacteria
MC01728,Ruminococcaceae bacterium UCG-005,3068309,Bacillota,.,.,216572,Oscillospiraceae,186802,Eubacteriales,186801,Clostridia,1239,Bacillota,2,Bacteria
MC02002,Ruminococcaceae bacterium UCG-013,2485925,Bacillota,.,.,216572,Oscillospiraceae,186802,Eubacteriales,186801,Clostridia,1239,Bacillota,2,Bacteria
MC00533,Ruminococcaceae sp.,3023528,Bacillota,.,.,216572,Oscillospiraceae,186802,Eubacteriales,186801,Clostridia,1239,Bacillota,2,Bacteria
MC01384,Ruminococcaceae UCG-002,3068309,Bacillota,.,.,216572,Oscillospiraceae,186802,Eubacteriales,186801,Clostridia,1239,Bacillota,2,Bacteria
MC01723,Ruminococcaceae UCG-002 sp.,41978,Bacillota,1263,Ruminococcus,216572,Oscillospiraceae,186802,Eubacteriales,186801,Clostridia,1239,Bacillota,2,Bacteria
MC01729,Ruminococcaceae UCG-010,3068309,Bacillota,.,.,216572,Oscillospiraceae,186802,Eubacteriales,186801,Clostridia,1239,Bacillota,2,Bacteria
MC01722,Ruminococcaceae UCG-013 sp.,41978,Bacillota,1263,Ruminococcus,216572,Oscillospiraceae,186802,Eubacteriales,186801,Clostridia,1239,Bacillota,2,Bacteria
MC01372,Ruminococcaceae UCG-014,3068309,Bacillota,.,.,216572,Oscillospiraceae,186802,Eubacteriales,186801,Clostridia,1239,Bacillota,2,Bacteria
MC01724,Ruminococcaceae UCG-014 sp.,41978,Bacillota,1263,Ruminococcus,216572,Oscillospiraceae,186802,Eubacteriales,186801,Clostridia,1239,Bacillota,2,Bacteria
MC00440,Ruminococcus albus,1264,Bacillota,1263,Ruminococcus,216572,Oscillospiraceae,186802,Eubacteriales,186801,Clostridia,1239,Bacillota,2,Bacteria
MC00213,Ruminococcus bicirculans,3062497,Bacillota,1263,Ruminococcus,216572,Oscillospiraceae,186802,Eubacteriales,186801,Clostridia,1239,Bacillota,2,Bacteria
MC00214,Ruminococcus bromii,40518,Bacillota,1263,Ruminococcus,216572,Oscillospiraceae,186802,Eubacteriales,186801,Clostridia,1239,Bacillota,2,Bacteria
MC00215,Ruminococcus callidus,40519,Bacillota,1263,Ruminococcus,216572,Oscillospiraceae,186802,Eubacteriales,186801,Clostridia,1239,Bacillota,2,Bacteria
MC00645,Ruminococcus champanellensis,1161942,Bacillota,1263,Ruminococcus,216572,Oscillospiraceae,186802,Eubacteriales,186801,Clostridia,1239,Bacillota,2,Bacteria
MC00370,Ruminococcus flavefaciens,1265,Bacillota,1263,Ruminococcus,216572,Oscillospiraceae,186802,Eubacteriales,186801,Clostridia,1239,Bacillota,2,Bacteria
MC01085,Ruminococcus gauvreauii,438033,Bacillota,1263,Ruminococcus,216572,Oscillospiraceae,186802,Eubacteriales,186801,Clostridia,1239,Bacillota,2,Bacteria
MC01381,Ruminococcus Incertae Sedis,2608920,Bacillota,1263,Ruminococcus,216572,Oscillospiraceae,186802,Eubacteriales,186801,Clostridia,1239,Bacillota,2,Bacteria
MC00216,Ruminococcus lactaris,46228,Bacillota,2316020,Mediterraneibacter,186803,Lachnospiraceae,3085636,Lachnospirales,186801,Clostridia,1239,Bacillota,2,Bacteria
MC00234,Ruminococcus sp.,41978,Bacillota,1263,Ruminococcus,216572,Oscillospiraceae,186802,Eubacteriales,186801,Clostridia,1239,Bacillota,2,Bacteria
MC01088,Ruminococcus sp. 5 1 39BFAA,457412,Bacillota,1263,Ruminococcus,216572,Oscillospiraceae,186802,Eubacteriales,186801,Clostridia,1239,Bacillota,2,Bacteria
MC02587,Ruminococcus sp. N15.MGS-57,1637508,Bacillota,1263,Ruminococcus,216572,Oscillospiraceae,186802,Eubacteriales,186801,Clostridia,1239,Bacillota,2,Bacteria
MC01301,Ruminococcus sp. SR1/5,657323,Bacillota,1263,Ruminococcus,216572,Oscillospiraceae,186802,Eubacteriales,186801,Clostridia,1239,Bacillota,2,Bacteria
MC00552,Ruminococcus torques,33039,Bacillota,2316020,Mediterraneibacter,186803,Lachnospiraceae,3085636,Lachnospirales,186801,Clostridia,1239,Bacillota,2,Bacteria
MC03401,Ruminofilibacter sp.,3029268,Bacteroidota,340117,Ruminofilibacter,171550,Rikenellaceae,171549,Bacteroidales,200643,Bacteroidia,976,Bacteroidota,2,Bacteria
MC02754,Russulaceae sp.,1913994,Basidiomycota,.,.,5401,Russulaceae,452342,Russulales,155619,Agaricomycetes,5204,Basidiomycota,4751,Fungi
MC00217,Ruthenibacterium lactatiformans,1550024,Bacillota,1905344,Ruthenibacterium,216572,Oscillospiraceae,186802,Eubacteriales,186801,Clostridia,1239,Bacillota,2,Bacteria
MC03337,Saccharibacter sp.,1331721,Pseudomonadota,231052,Saccharibacter,433,Acetobacteraceae,204441,Rhodospirillales,28211,Alphaproteobacteria,1224,Pseudomonadota,2,Bacteria
MC03085,Saccharofermentans sp.,2775029,Bacillota,1200657,Saccharofermentans,216572,Oscillospiraceae,186802,Eubacteriales,186801,Clostridia,1239,Bacillota,2,Bacteria
MC00061,Saccharomyces cerevisiae,4932,Ascomycota,4930,Saccharomyces,4893,Saccharomycetaceae,4892,Saccharomycetales,4891,Saccharomycetes,4890,Ascomycota,4751,Fungi
MC02588,Saccharomyces sp.,4935,Ascomycota,4930,Saccharomyces,4893,Saccharomycetaceae,4892,Saccharomycetales,4891,Saccharomycetes,4890,Ascomycota,4751,Fungi
MC02822,Saccharomycetaceae sp.,1769366,Ascomycota,.,.,4893,Saccharomycetaceae,4892,Saccharomycetales,4891,Saccharomycetes,4890,Ascomycota,4751,Fungi
MC02589,Saccharomycetales sp.,1891166,Ascomycota,.,.,.,.,4892,Saccharomycetales,4891,Saccharomycetes,4890,Ascomycota,4751,Fungi
MC02751,Saccharomycetes sp.,1917782,Ascomycota,.,.,.,.,.,.,4891,Saccharomycetes,4890,Ascomycota,4751,Fungi
MC02860,Saccharomycodaceae sp.,2728825,Ascomycota,.,.,34365,Saccharomycodaceae,4892,Saccharomycetales,4891,Saccharomycetes,4890,Ascomycota,4751,Fungi
MC03326,Saccharophagus sp.,2053364,Pseudomonadota,316625,Saccharophagus,1706371,Cellvibrionaceae,1706369,Cellvibrionales,1236,Gammaproteobacteria,1224,Pseudomonadota,2,Bacteria
MC03311,Saccharopolyspora sp.,33915,Actinomycetota,1835,Saccharopolyspora,2070,Pseudonocardiaceae,85010,Pseudonocardiales,1760,Actinomycetes,201174,Actinomycetota,2,Bacteria
MC03129,Salinicoccus sp.,1871624,Bacillota,45669,Salinicoccus,90964,Staphylococcaceae,1385,Bacillales,91061,Bacilli,1239,Bacillota,2,Bacteria
MC03226,Salinivibrio sp.,1886796,Pseudomonadota,51366,Salinivibrio,641,Vibrionaceae,135623,Vibrionales,1236,Gammaproteobacteria,1224,Pseudomonadota,2,Bacteria
MC01198,Salmonella bongori,54736,Pseudomonadota,590,Salmonella,543,Enterobacteriaceae,91347,Enterobacterales,1236,Gammaproteobacteria,1224,Pseudomonadota,2,Bacteria
MC00035,Salmonella enterica,28901,Pseudomonadota,590,Salmonella,543,Enterobacteriaceae,91347,Enterobacterales,1236,Gammaproteobacteria,1224,Pseudomonadota,2,Bacteria
MC00618,Salmonella sp.,599,Pseudomonadota,590,Salmonella,543,Enterobacteriaceae,91347,Enterobacterales,1236,Gammaproteobacteria,1224,Pseudomonadota,2,Bacteria
MC03305,Sanguibacter sp.,60923,Actinomycetota,60919,Sanguibacter,145360,Sanguibacteraceae,85006,Micrococcales,1760,Actinomycetes,201174,Actinomycetota,2,Bacteria
MC02846,Saprolegnia sp.,1862976,Oomycota,4769,Saprolegnia,4764,Saprolegniaceae,4763,Saprolegniales,.,.,4762,Oomycota,2759,Eukaryota
MC03026,Sarcandra sp.,1037451,Streptophyta,13669,Sarcandra,16737,Chloranthaceae,261008,Chloranthales,3398,Magnoliopsida,35493,Streptophyta,33090,Viridiplantae
MC02590,Sarcina sp.,2053610,Bacillota,1266,Sarcina,31979,Clostridiaceae,186802,Eubacteriales,186801,Clostridia,1239,Bacillota,2,Bacteria
MC02591,Scardovia inopinata,78259,Actinomycetota,196081,Scardovia,31953,Bifidobacteriaceae,85004,Bifidobacteriales,1760,Actinomycetes,201174,Actinomycetota,2,Bacteria
MC01633,Scardovia sp.,655654,Actinomycetota,196081,Scardovia,31953,Bifidobacteriaceae,85004,Bifidobacteriales,1760,Actinomycetes,201174,Actinomycetota,2,Bacteria
MC01073,Scardovia wiggsiae,230143,Actinomycetota,196081,Scardovia,31953,Bifidobacteriaceae,85004,Bifidobacteriales,1760,Actinomycetes,201174,Actinomycetota,2,Bacteria
MC03083,Scedosporium sp.,1861771,Ascomycota,41687,Scedosporium,5593,Microascaceae,5592,Microascales,147550,Sordariomycetes,4890,Ascomycota,451864,Dikarya
MC02592,Schaalia cardiffensis,181487,Actinomycetota,2529408,Schaalia,2049,Actinomycetaceae,2037,Actinomycetales,1760,Actinomycetes,201174,Actinomycetota,2,Bacteria
MC02593,Schaalia georgiae,52768,Actinomycetota,2529408,Schaalia,2049,Actinomycetaceae,2037,Actinomycetales,1760,Actinomycetes,201174,Actinomycetota,2,Bacteria
MC02594,Schaalia meyeri,52773,Actinomycetota,2529408,Schaalia,2049,Actinomycetaceae,2037,Actinomycetales,1760,Actinomycetes,201174,Actinomycetota,2,Bacteria
MC02008,Schaalia odontolytica,1660,Actinomycetota,2529408,Schaalia,2049,Actinomycetaceae,2037,Actinomycetales,1760,Actinomycetes,201174,Actinomycetota,2,Bacteria
MC03317,Schizosaccharomyces sp.,2048507,Ascomycota,4895,Schizosaccharomyces,4894,Schizosaccharomycetaceae,34346,Schizosaccharomycetales,147554,Schizosaccharomycetes,4890,Ascomycota,4751,Fungi
MC02595,Schlegelella aquatica,376175,Pseudomonadota,196013,Caldimonas,2975441,Sphaerotilaceae,80840,Burkholderiales,28216,Betaproteobacteria,1224,Pseudomonadota,2,Bacteria
MC01535,Schlegelella sp.,2838790,Pseudomonadota,196013,Caldimonas,2975441,Sphaerotilaceae,80840,Burkholderiales,28216,Betaproteobacteria,1224,Pseudomonadota,2,Bacteria
MC03445,Schwartzia sp.,662437,Bacillota,55506,Schwartzia,1843491,Selenomonadaceae,909929,Selenomonadales,909932,Negativicutes,1239,Bacillota,2,Bacteria
MC02800,Sclerodermataceae sp.,2040957,Basidiomycota,.,.,37466,Sclerodermataceae,68889,Boletales,155619,Agaricomycetes,5204,Basidiomycota,4751,Fungi
MC02823,Sclerotiniaceae sp.,1882528,Ascomycota,.,.,28983,Sclerotiniaceae,5178,Helotiales,147548,Leotiomycetes,4890,Ascomycota,4751,Fungi
MC00402,Scopulariopsis brevicaulis,561152,Ascomycota,40374,Scopulariopsis,5593,Microascaceae,5592,Microascales,147550,Sordariomycetes,4890,Ascomycota,4751,Fungi
MC03219,Sediminibacterium sp.,1917865,Bacteroidota,504481,Sediminibacterium,563835,Chitinophagaceae,1853229,Chitinophagales,1853228,Chitinophagia,976,Bacteroidota,2,Bacteria
MC02596,Segatella baroniae,305719,Bacteroidota,2974251,Segatella,171552,Prevotellaceae,171549,Bacteroidales,200643,Bacteroidia,976,Bacteroidota,2,Bacteria
MC02597,Segatella bryantii,77095,Bacteroidota,2974251,Segatella,171552,Prevotellaceae,171549,Bacteroidales,200643,Bacteroidia,976,Bacteroidota,2,Bacteria
MC00114,Segatella copri,165179,Bacteroidota,2974251,Segatella,171552,Prevotellaceae,171549,Bacteroidales,200643,Bacteroidia,976,Bacteroidota,2,Bacteria
MC00383,Segatella oris,28135,Bacteroidota,2974251,Segatella,171552,Prevotellaceae,171549,Bacteroidales,200643,Bacteroidia,976,Bacteroidota,2,Bacteria
MC02598,Segatella oulorum,28136,Bacteroidota,2974251,Segatella,171552,Prevotellaceae,171549,Bacteroidales,200643,Bacteroidia,976,Bacteroidota,2,Bacteria
MC02599,Segatella salivae,228604,Bacteroidota,2974251,Segatella,171552,Prevotellaceae,171549,Bacteroidales,200643,Bacteroidia,976,Bacteroidota,2,Bacteria
MC03222,Segetibacter sp.,2231182,Bacteroidota,460073,Segetibacter,563835,Chitinophagaceae,1853229,Chitinophagales,1853228,Chitinophagia,976,Bacteroidota,2,Bacteria
MC02600,Segmented filamentous bacterium,33078,Bacillota,.,.,.,.,.,.,.,.,1239,Bacillota,2,Bacteria
MC01721,Segmented lamentous bacteria,49928,Unclear phylum,.,.,.,.,.,.,.,.,.,.,2,Bacteria
MC02601,Selenomonas artemidis,671224,Bacillota,970,Selenomonas,1843491,Selenomonadaceae,909929,Selenomonadales,909932,Negativicutes,1239,Bacillota,2,Bacteria
MC02602,Selenomonas infelix,135082,Bacillota,970,Selenomonas,1843491,Selenomonadaceae,909929,Selenomonadales,909932,Negativicutes,1239,Bacillota,2,Bacteria
MC02603,Selenomonas noxia,135083,Bacillota,970,Selenomonas,1843491,Selenomonadaceae,909929,Selenomonadales,909932,Negativicutes,1239,Bacillota,2,Bacteria
MC01606,Selenomonas sp.,2053611,Bacillota,970,Selenomonas,1843491,Selenomonadaceae,909929,Selenomonadales,909932,Negativicutes,1239,Bacillota,2,Bacteria
MC02605,Selenomonas sputigena,69823,Bacillota,970,Selenomonas,1843491,Selenomonadaceae,909929,Selenomonadales,909932,Negativicutes,1239,Bacillota,2,Bacteria
MC03120,Sellimonas sp.,2021466,Bacillota,1769710,Sellimonas,186803,Lachnospiraceae,3085636,Lachnospirales,186801,Clostridia,1239,Bacillota,2,Bacteria
MC02606,Senegalimassilia anaerobia,1473216,Actinomycetota,1473205,Senegalimassilia,84107,Coriobacteriaceae,84999,Coriobacteriales,84998,Coriobacteriia,201174,Actinomycetota,2,Bacteria
MC01534,Senegalimassilia sp.,1922200,Actinomycetota,1473205,Senegalimassilia,84107,Coriobacteriaceae,84999,Coriobacteriales,84998,Coriobacteriia,201174,Actinomycetota,2,Bacteria
MC00046,Serratia marcescens,615,Pseudomonadota,613,Serratia,1903411,Yersiniaceae,91347,Enterobacterales,1236,Gammaproteobacteria,1224,Pseudomonadota,2,Bacteria
MC00290,Serratia odorifera,618,Pseudomonadota,613,Serratia,1903411,Yersiniaceae,91347,Enterobacterales,1236,Gammaproteobacteria,1224,Pseudomonadota,2,Bacteria
MC00470,Serratia proteamaculans,28151,Pseudomonadota,613,Serratia,1903411,Yersiniaceae,91347,Enterobacterales,1236,Gammaproteobacteria,1224,Pseudomonadota,2,Bacteria
MC00609,Serratia sp.,616,Pseudomonadota,613,Serratia,1903411,Yersiniaceae,91347,Enterobacterales,1236,Gammaproteobacteria,1224,Pseudomonadota,2,Bacteria
MC01331,Serratia sp. AS12,768490,Pseudomonadota,613,Serratia,1903411,Yersiniaceae,91347,Enterobacterales,1236,Gammaproteobacteria,1224,Pseudomonadota,2,Bacteria
MC02607,Shewanella algae,38313,Pseudomonadota,22,Shewanella,267890,Shewanellaceae,135622,Alteromonadales,1236,Gammaproteobacteria,1224,Pseudomonadota,2,Bacteria
MC01210,Shewanella frigidimarina,56812,Pseudomonadota,22,Shewanella,267890,Shewanellaceae,135622,Alteromonadales,1236,Gammaproteobacteria,1224,Pseudomonadota,2,Bacteria
MC00517,Shewanella oneidensis,70863,Pseudomonadota,22,Shewanella,267890,Shewanellaceae,135622,Alteromonadales,1236,Gammaproteobacteria,1224,Pseudomonadota,2,Bacteria
MC01221,Shewanella putrefaciens,24,Pseudomonadota,22,Shewanella,267890,Shewanellaceae,135622,Alteromonadales,1236,Gammaproteobacteria,1224,Pseudomonadota,2,Bacteria
MC01448,Shewanella sp.,50422,Pseudomonadota,22,Shewanella,267890,Shewanellaceae,135622,Alteromonadales,1236,Gammaproteobacteria,1224,Pseudomonadota,2,Bacteria
MC01183,Shewanella sp. Ana-3,94122,Pseudomonadota,22,Shewanella,267890,Shewanellaceae,135622,Alteromonadales,1236,Gammaproteobacteria,1224,Pseudomonadota,2,Bacteria
MC00415,Shigella boydii,621,Pseudomonadota,620,Shigella,543,Enterobacteriaceae,91347,Enterobacterales,1236,Gammaproteobacteria,1224,Pseudomonadota,2,Bacteria
MC00332,Shigella dysenteriae,622,Pseudomonadota,620,Shigella,543,Enterobacteriaceae,91347,Enterobacterales,1236,Gammaproteobacteria,1224,Pseudomonadota,2,Bacteria
MC00051,Shigella flexneri,623,Pseudomonadota,620,Shigella,543,Enterobacteriaceae,91347,Enterobacterales,1236,Gammaproteobacteria,1224,Pseudomonadota,2,Bacteria
MC00115,Shigella sonnei,624,Pseudomonadota,620,Shigella,543,Enterobacteriaceae,91347,Enterobacterales,1236,Gammaproteobacteria,1224,Pseudomonadota,2,Bacteria
MC01569,Shigella sp.,625,Pseudomonadota,620,Shigella,543,Enterobacteriaceae,91347,Enterobacterales,1236,Gammaproteobacteria,1224,Pseudomonadota,2,Bacteria
MC02608,Shigella sp. PAMC 28760,1813821,Pseudomonadota,620,Shigella,543,Enterobacteriaceae,91347,Enterobacterales,1236,Gammaproteobacteria,1224,Pseudomonadota,2,Bacteria
MC03285,Shinella sp.,1870904,Pseudomonadota,323620,Shinella,82115,Rhizobiaceae,356,Hyphomicrobiales,28211,Alphaproteobacteria,1224,Pseudomonadota,2,Bacteria
MC02609,Shuttleworthella satelles,177972,Bacillota,177971,Shuttleworthella,186803,Lachnospiraceae,3085636,Lachnospirales,186801,Clostridia,1239,Bacillota,2,Bacteria
MC01438,Shuttleworthella sp.,3048902,Bacillota,177971,Shuttleworthella,186803,Lachnospiraceae,3085636,Lachnospirales,186801,Clostridia,1239,Bacillota,2,Bacteria
MC02610,Simonsiella muelleri,72,Pseudomonadota,71,Simonsiella,481,Neisseriaceae,206351,Neisseriales,28216,Betaproteobacteria,1224,Pseudomonadota,2,Bacteria
MC03232,Simonsiella sp.,254438,Pseudomonadota,71,Simonsiella,481,Neisseriaceae,206351,Neisseriales,28216,Betaproteobacteria,1224,Pseudomonadota,2,Bacteria
MC03413,Simplexvirus humanalpha1,3050292,Peploviricota,10294,Simplexvirus,3044472,Orthoherpesviridae,548681,Herpesvirales,2731363,Herviviricetes,2731361,Peploviricota,2731360,Heunggongvirae
MC03151,Simplicispira sp.,2015802,Pseudomonadota,352450,Simplicispira,80864,Comamonadaceae,80840,Burkholderiales,28216,Betaproteobacteria,1224,Pseudomonadota,2,Bacteria
MC02611,Sistotrema brinkmannii,139132,Basidiomycota,139131,Sistotrema,5304,Corticiaceae,452338,Corticiales,155619,Agaricomycetes,5204,Basidiomycota,4751,Fungi
MC02612,Sistotremastrum suecicum,467971,Basidiomycota,139133,Sistotremastrum,.,.,452343,Trechisporales,155619,Agaricomycetes,5204,Basidiomycota,4751,Fungi
MC03178,Skermanella sp.,1883428,Pseudomonadota,204447,Skermanella,2829815,Azospirillaceae,204441,Rhodospirillales,28211,Alphaproteobacteria,1224,Pseudomonadota,2,Bacteria
MC00279,Slackia equolifaciens,498718,Actinomycetota,84108,Slackia,1643826,Eggerthellaceae,1643822,Eggerthellales,84998,Coriobacteriia,201174,Actinomycetota,2,Bacteria
MC01298,Slackia exigua,84109,Actinomycetota,84108,Slackia,1643826,Eggerthellaceae,1643822,Eggerthellales,84998,Coriobacteriia,201174,Actinomycetota,2,Bacteria
MC00650,Slackia faecicanis,255723,Actinomycetota,84108,Slackia,1643826,Eggerthellaceae,1643822,Eggerthellales,84998,Coriobacteriia,201174,Actinomycetota,2,Bacteria
MC01242,Slackia heliotrinireducens,84110,Actinomycetota,84108,Slackia,1643826,Eggerthellaceae,1643822,Eggerthellales,84998,Coriobacteriia,201174,Actinomycetota,2,Bacteria
MC00280,Slackia isoflavoniconvertens,572010,Actinomycetota,84108,Slackia,1643826,Eggerthellaceae,1643822,Eggerthellales,84998,Coriobacteriia,201174,Actinomycetota,2,Bacteria
MC02613,Slackia piriformis,626934,Actinomycetota,84108,Slackia,1643826,Eggerthellaceae,1643822,Eggerthellales,84998,Coriobacteriia,201174,Actinomycetota,2,Bacteria
MC00282,Slackia sp.,2049041,Actinomycetota,84108,Slackia,1643826,Eggerthellaceae,1643822,Eggerthellales,84998,Coriobacteriia,201174,Actinomycetota,2,Bacteria
MC00626,Slackia sp. NATTS,647703,Actinomycetota,84108,Slackia,1643826,Eggerthellaceae,1643822,Eggerthellales,84998,Coriobacteriia,201174,Actinomycetota,2,Bacteria
MC02614,Sneathia sanguinegens,40543,Fusobacteriota,168808,Sneathia,1129771,Leptotrichiaceae,203491,Fusobacteriales,203490,Fusobacteriia,32066,Fusobacteriota,2,Bacteria
MC03386,Sneathia sp.,2776143,Fusobacteriota,168808,Sneathia,1129771,Leptotrichiaceae,203491,Fusobacteriales,203490,Fusobacteriia,32066,Fusobacteriota,2,Bacteria
MC02017,Sneathia vaginalis,187101,Fusobacteriota,168808,Sneathia,1129771,Leptotrichiaceae,203491,Fusobacteriales,203490,Fusobacteriia,32066,Fusobacteriota,2,Bacteria
MC01357,Snodgrassella alvi,1196083,Pseudomonadota,1193515,Snodgrassella,481,Neisseriaceae,206351,Neisseriales,28216,Betaproteobacteria,1224,Pseudomonadota,2,Bacteria
MC02615,Snowella rosea,357279,Cyanobacteriota,283821,Snowella,1890430,Coelosphaeriaceae,1890424,Synechococcales,3028117,Cyanophyceae,1117,Cyanobacteriota,2,Bacteria
MC03217,Soehngenia sp.,2555675,Bacillota,253255,Soehngenia,1737406,Tissierellaceae,1737405,Tissierellales,1737404,Tissierellia,1239,Bacillota,2,Bacteria
MC02616,Solanum virginianum,223891,Streptophyta,4107,Solanum,4070,Solanaceae,4069,Solanales,3398,Magnoliopsida,35493,Streptophyta,33090,Viridiplantae
MC03233,Solibacillus sp.,1909654,Bacillota,648800,Solibacillus,186818,Planococcaceae,1385,Bacillales,91061,Bacilli,1239,Bacillota,2,Bacteria
MC03154,Solitalea sp.,2027921,Bacteroidota,929509,Solitalea,84566,Sphingobacteriaceae,200666,Sphingobacteriales,117747,Sphingobacteriia,976,Bacteroidota,2,Bacteria
MC01065,Solobacterium moorei,102148,Bacillota,123375,Solobacterium,128827,Erysipelotrichaceae,526525,Erysipelotrichales,526524,Erysipelotrichia,1239,Bacillota,2,Bacteria
MC01671,Solobacterium sp.,2060878,Bacillota,123375,Solobacterium,128827,Erysipelotrichaceae,526525,Erysipelotrichales,526524,Erysipelotrichia,1239,Bacillota,2,Bacteria
MC02784,Sordariomycetes sp.,1709940,Ascomycota,.,.,.,.,.,.,147550,Sordariomycetes,4890,Ascomycota,4751,Fungi
MC02617,Sphingobacterium bambusae,662858,Bacteroidota,28453,Sphingobacterium,84566,Sphingobacteriaceae,200666,Sphingobacteriales,117747,Sphingobacteriia,976,Bacteroidota,2,Bacteria
MC02618,Sphingobacterium multivorum,28454,Bacteroidota,28453,Sphingobacterium,84566,Sphingobacteriaceae,200666,Sphingobacteriales,117747,Sphingobacteriia,976,Bacteroidota,2,Bacteria
MC01520,Sphingobacterium sp.,341027,Bacteroidota,28453,Sphingobacterium,84566,Sphingobacteriaceae,200666,Sphingobacteriales,117747,Sphingobacteriia,976,Bacteroidota,2,Bacteria
MC02992,Sphingobium sp.,1912891,Pseudomonadota,165695,Sphingobium,41297,Sphingomonadaceae,204457,Sphingomonadales,28211,Alphaproteobacteria,1224,Pseudomonadota,2,Bacteria
MC02619,Sphingobium xenophagum,121428,Pseudomonadota,165695,Sphingobium,41297,Sphingomonadaceae,204457,Sphingomonadales,28211,Alphaproteobacteria,1224,Pseudomonadota,2,Bacteria
MC02620,Sphingobium yanoikuyae,13690,Pseudomonadota,165695,Sphingobium,41297,Sphingomonadaceae,204457,Sphingomonadales,28211,Alphaproteobacteria,1224,Pseudomonadota,2,Bacteria
MC02621,Sphingomonas azotifigens,330920,Pseudomonadota,13687,Sphingomonas,41297,Sphingomonadaceae,204457,Sphingomonadales,28211,Alphaproteobacteria,1224,Pseudomonadota,2,Bacteria
MC02622,Sphingomonas changbaiensis,529705,Pseudomonadota,13687,Sphingomonas,41297,Sphingomonadaceae,204457,Sphingomonadales,28211,Alphaproteobacteria,1224,Pseudomonadota,2,Bacteria
MC00409,Sphingomonas colocasiae,1848973,Pseudomonadota,13687,Sphingomonas,41297,Sphingomonadaceae,204457,Sphingomonadales,28211,Alphaproteobacteria,1224,Pseudomonadota,2,Bacteria
MC02623,Sphingomonas echinoides,59803,Pseudomonadota,13687,Sphingomonas,41297,Sphingomonadaceae,204457,Sphingomonadales,28211,Alphaproteobacteria,1224,Pseudomonadota,2,Bacteria
MC00385,Sphingomonas leidyi,68569,Pseudomonadota,13687,Sphingomonas,41297,Sphingomonadaceae,204457,Sphingomonadales,28211,Alphaproteobacteria,1224,Pseudomonadota,2,Bacteria
MC01040,Sphingomonas paucimobilis,13689,Pseudomonadota,13687,Sphingomonas,41297,Sphingomonadaceae,204457,Sphingomonadales,28211,Alphaproteobacteria,1224,Pseudomonadota,2,Bacteria
MC00566,Sphingomonas sp.,28214,Pseudomonadota,13687,Sphingomonas,41297,Sphingomonadaceae,204457,Sphingomonadales,28211,Alphaproteobacteria,1224,Pseudomonadota,2,Bacteria
MC01228,Sphingomonas sp. Ibu-2,412900,Pseudomonadota,13687,Sphingomonas,41297,Sphingomonadaceae,204457,Sphingomonadales,28211,Alphaproteobacteria,1224,Pseudomonadota,2,Bacteria
MC02624,Sphingomonas yabuuchiae,172044,Pseudomonadota,13687,Sphingomonas,41297,Sphingomonadaceae,204457,Sphingomonadales,28211,Alphaproteobacteria,1224,Pseudomonadota,2,Bacteria
MC03004,Sphingopyxis sp.,1908224,Pseudomonadota,165697,Sphingopyxis,41297,Sphingomonadaceae,204457,Sphingomonadales,28211,Alphaproteobacteria,1224,Pseudomonadota,2,Bacteria
MC02768,Spirochaeta sp.,28185,Spirochaetota,146,Spirochaeta,137,Spirochaetaceae,136,Spirochaetales,203692,Spirochaetia,203691,Spirochaetota,2,Bacteria
MC02625,Spirochaeta thermophila,154,Spirochaetota,146,Spirochaeta,137,Spirochaetaceae,136,Spirochaetales,203692,Spirochaetia,203691,Spirochaetota,2,Bacteria
MC03177,Spirodela sp.,446839,Streptophyta,4473,Spirodela,4454,Araceae,16360,Alismatales,3398,Magnoliopsida,35493,Streptophyta,33090,Viridiplantae
MC01527,Sporacetigenium sp.,3100221,Bacillota,360541,Sporacetigenium,3120162,Tepidibacteraceae,3082720,Peptostreptococcales,186801,Clostridia,1239,Bacillota,2,Bacteria
MC03183,Sporobacter sp.,1945594,Bacillota,44748,Sporobacter,216572,Oscillospiraceae,186802,Eubacteriales,186801,Clostridia,1239,Bacillota,2,Bacteria
MC01054,Sporobacter termitidis,44749,Bacillota,44748,Sporobacter,216572,Oscillospiraceae,186802,Eubacteriales,186801,Clostridia,1239,Bacillota,2,Bacteria
MC02626,Sporobacterium sp. WAL 1855D,507843,Bacillota,100132,Sporobacterium,186803,Lachnospiraceae,3085636,Lachnospirales,186801,Clostridia,1239,Bacillota,2,Bacteria
MC03202,Sporomusa sp.,2078658,Bacillota,2375,Sporomusa,1843490,Sporomusaceae,909929,Selenomonadales,909932,Negativicutes,1239,Bacillota,2,Bacteria
MC01657,Sporosarcina sp.,49982,Bacillota,1569,Sporosarcina,186818,Planococcaceae,1385,Bacillales,91061,Bacilli,1239,Bacillota,2,Bacteria
MC02627,SR1 bacterium oral taxon 874,1226341,Candidatus Absconditabacteria,.,.,.,.,.,.,.,.,221235,Candidatus Absconditabacteria,2,Bacteria
MC02628,SR1 bacterium oral taxon 875,1226342,Candidatus Absconditabacteria,.,.,.,.,.,.,.,.,221235,Candidatus Absconditabacteria,2,Bacteria
MC02629,Stagonosporopsis cucurbitacearum,749889,Ascomycota,749880,Stagonosporopsis,683158,Didymellaceae,92860,Pleosporales,147541,Dothideomycetes,4890,Ascomycota,451864,Dikarya
MC00124,Staphylococcus aureus,1280,Bacillota,1279,Staphylococcus,90964,Staphylococcaceae,1385,Bacillales,91061,Bacilli,1239,Bacillota,2,Bacteria
MC02630,Staphylococcus auricularis,29379,Bacillota,1279,Staphylococcus,90964,Staphylococcaceae,1385,Bacillales,91061,Bacilli,1239,Bacillota,2,Bacteria
MC02631,Staphylococcus capitis,29388,Bacillota,1279,Staphylococcus,90964,Staphylococcaceae,1385,Bacillales,91061,Bacilli,1239,Bacillota,2,Bacteria
MC00450,Staphylococcus delphini,53344,Bacillota,2815305,Staphylococcus intermedius group,90964,Staphylococcaceae,1385,Bacillales,91061,Bacilli,1239,Bacillota,2,Bacteria
MC01159,Staphylococcus epidermidis,1282,Bacillota,1279,Staphylococcus,90964,Staphylococcaceae,1385,Bacillales,91061,Bacilli,1239,Bacillota,2,Bacteria
MC02632,Staphylococcus equorum,246432,Bacillota,1279,Staphylococcus,90964,Staphylococcaceae,1385,Bacillales,91061,Bacilli,1239,Bacillota,2,Bacteria
MC00218,Staphylococcus haemolyticus,1283,Bacillota,1279,Staphylococcus,90964,Staphylococcaceae,1385,Bacillales,91061,Bacilli,1239,Bacillota,2,Bacteria
MC02633,Staphylococcus hominis,1290,Bacillota,1279,Staphylococcus,90964,Staphylococcaceae,1385,Bacillales,91061,Bacilli,1239,Bacillota,2,Bacteria
MC02634,Staphylococcus pasteuri,45972,Bacillota,1279,Staphylococcus,90964,Staphylococcaceae,1385,Bacillales,91061,Bacilli,1239,Bacillota,2,Bacteria
MC00429,Staphylococcus petrasii,1276936,Bacillota,1279,Staphylococcus,90964,Staphylococcaceae,1385,Bacillales,91061,Bacilli,1239,Bacillota,2,Bacteria
MC00451,Staphylococcus sciuri,1296,Bacillota,2803850,Mammaliicoccus,90964,Staphylococcaceae,1385,Bacillales,91061,Bacilli,1239,Bacillota,2,Bacteria
MC00567,Staphylococcus sp.,29387,Bacillota,1279,Staphylococcus,90964,Staphylococcaceae,1385,Bacillales,91061,Bacilli,1239,Bacillota,2,Bacteria
MC02635,Staphylococcus warneri,1292,Bacillota,1279,Staphylococcus,90964,Staphylococcaceae,1385,Bacillales,91061,Bacilli,1239,Bacillota,2,Bacteria
MC02636,Staphylococcus xylosus,1288,Bacillota,1279,Staphylococcus,90964,Staphylococcaceae,1385,Bacillales,91061,Bacilli,1239,Bacillota,2,Bacteria
MC02637,Starmerella etchellsii,45547,Ascomycota,75735,Starmerella,.,.,4892,Saccharomycetales,4891,Saccharomycetes,4890,Ascomycota,4751,Fungi
MC03301,Stemphylium sp.,1896111,Ascomycota,95729,Stemphylium,28556,Pleosporaceae,92860,Pleosporales,147541,Dothideomycetes,4890,Ascomycota,451864,Dikarya
MC02638,Stenotrophomonas acidaminiphila,128780,Pseudomonadota,40323,Stenotrophomonas,32033,Lysobacteraceae,135614,Lysobacterales,1236,Gammaproteobacteria,1224,Pseudomonadota,2,Bacteria
MC02013,Stenotrophomonas maltophilia,40324,Pseudomonadota,40323,Stenotrophomonas,32033,Lysobacteraceae,135614,Lysobacterales,1236,Gammaproteobacteria,1224,Pseudomonadota,2,Bacteria
MC01444,Stenotrophomonas sp.,69392,Pseudomonadota,40323,Stenotrophomonas,32033,Lysobacteraceae,135614,Lysobacterales,1236,Gammaproteobacteria,1224,Pseudomonadota,2,Bacteria
MC02640,Sterigmatomyces elviae,5616,Basidiomycota,5615,Sterigmatomyces,48847,Agaricostilbaceae,48846,Agaricostilbales,162480,Agaricostilbomycetes,5204,Basidiomycota,4751,Fungi
MC03128,Sterigmatomyces sp.,1972484,Basidiomycota,5615,Sterigmatomyces,48847,Agaricostilbaceae,48846,Agaricostilbales,162480,Agaricostilbomycetes,5204,Basidiomycota,4751,Fungi
MC02641,Stomatobaculum longum,796942,Bacillota,1213720,Stomatobaculum,186803,Lachnospiraceae,3085636,Lachnospirales,186801,Clostridia,1239,Bacillota,2,Bacteria
MC03290,Stomatobaculum sp.,1984869,Bacillota,1213720,Stomatobaculum,186803,Lachnospiraceae,3085636,Lachnospirales,186801,Clostridia,1239,Bacillota,2,Bacteria
MC00304,Streptobacillus moniliformis,34105,Fusobacteriota,34104,Streptobacillus,1129771,Leptotrichiaceae,203491,Fusobacteriales,203490,Fusobacteriia,32066,Fusobacteriota,2,Bacteria
MC03020,Streptobacillus sp.,1954245,Fusobacteriota,34104,Streptobacillus,1129771,Leptotrichiaceae,203491,Fusobacteriales,203490,Fusobacteriia,32066,Fusobacteriota,2,Bacteria
MC00391,Streptococcus agalactiae,1311,Bacillota,1301,Streptococcus,1300,Streptococcaceae,186826,Lactobacillales,91061,Bacilli,1239,Bacillota,2,Bacteria
MC02642,Streptococcus alactolyticus,29389,Bacillota,1301,Streptococcus,1300,Streptococcaceae,186826,Lactobacillales,91061,Bacilli,1239,Bacillota,2,Bacteria
MC00540,Streptococcus anginosus,1328,Bacillota,671232,Streptococcus anginosus group,1300,Streptococcaceae,186826,Lactobacillales,91061,Bacilli,1239,Bacillota,2,Bacteria
MC01067,Streptococcus australis,113107,Bacillota,1301,Streptococcus,1300,Streptococcaceae,186826,Lactobacillales,91061,Bacilli,1239,Bacillota,2,Bacteria
MC00480,Streptococcus constellatus,76860,Bacillota,671232,Streptococcus anginosus group,1300,Streptococcaceae,186826,Lactobacillales,91061,Bacilli,1239,Bacillota,2,Bacteria
MC00156,Streptococcus cristatus,45634,Bacillota,1301,Streptococcus,1300,Streptococcaceae,186826,Lactobacillales,91061,Bacilli,1239,Bacillota,2,Bacteria
MC00425,Streptococcus danieliae,747656,Bacillota,1301,Streptococcus,1300,Streptococcaceae,186826,Lactobacillales,91061,Bacilli,1239,Bacillota,2,Bacteria
MC01306,Streptococcus dysgalactiae,1334,Bacillota,119603,Streptococcus dysgalactiae group,1300,Streptococcaceae,186826,Lactobacillales,91061,Bacilli,1239,Bacillota,2,Bacteria
MC02643,Streptococcus equi,1336,Bacillota,1301,Streptococcus,1300,Streptococcaceae,186826,Lactobacillales,91061,Bacilli,1239,Bacillota,2,Bacteria
MC02644,Streptococcus equinus,1335,Bacillota,1301,Streptococcus,1300,Streptococcaceae,186826,Lactobacillales,91061,Bacilli,1239,Bacillota,2,Bacteria
MC01739,Streptococcus ferus,1345,Bacillota,1301,Streptococcus,1300,Streptococcaceae,186826,Lactobacillales,91061,Bacilli,1239,Bacillota,2,Bacteria
MC00219,Streptococcus gallolyticus,315405,Bacillota,1301,Streptococcus,1300,Streptococcaceae,186826,Lactobacillales,91061,Bacilli,1239,Bacillota,2,Bacteria
MC02645,Streptococcus gordonii,1302,Bacillota,1301,Streptococcus,1300,Streptococcaceae,186826,Lactobacillales,91061,Bacilli,1239,Bacillota,2,Bacteria
MC02646,Streptococcus hyointestinalis,1337,Bacillota,1301,Streptococcus,1300,Streptococcaceae,186826,Lactobacillales,91061,Bacilli,1239,Bacillota,2,Bacteria
MC02647,Streptococcus ilei,1156431,Bacillota,1301,Streptococcus,1300,Streptococcaceae,186826,Lactobacillales,91061,Bacilli,1239,Bacillota,2,Bacteria
MC00220,Streptococcus infantarius,102684,Bacillota,1301,Streptococcus,1300,Streptococcaceae,186826,Lactobacillales,91061,Bacilli,1239,Bacillota,2,Bacteria
MC01058,Streptococcus infantis,68892,Bacillota,1301,Streptococcus,1300,Streptococcaceae,186826,Lactobacillales,91061,Bacilli,1239,Bacillota,2,Bacteria
MC00578,Streptococcus intermedius,1338,Bacillota,671232,Streptococcus anginosus group,1300,Streptococcaceae,186826,Lactobacillales,91061,Bacilli,1239,Bacillota,2,Bacteria
MC00503,Streptococcus lutetiensis,150055,Bacillota,1301,Streptococcus,1300,Streptococcaceae,186826,Lactobacillales,91061,Bacilli,1239,Bacillota,2,Bacteria
MC00346,Streptococcus mitis,28037,Bacillota,1301,Streptococcus,1300,Streptococcaceae,186826,Lactobacillales,91061,Bacilli,1239,Bacillota,2,Bacteria
MC00221,Streptococcus mutans,1309,Bacillota,1301,Streptococcus,1300,Streptococcaceae,186826,Lactobacillales,91061,Bacilli,1239,Bacillota,2,Bacteria
MC00347,Streptococcus oralis,1303,Bacillota,1301,Streptococcus,1300,Streptococcaceae,186826,Lactobacillales,91061,Bacilli,1239,Bacillota,2,Bacteria
MC00222,Streptococcus parasanguinis,1318,Bacillota,1301,Streptococcus,1300,Streptococcaceae,186826,Lactobacillales,91061,Bacilli,1239,Bacillota,2,Bacteria
MC02648,Streptococcus peroris,68891,Bacillota,1301,Streptococcus,1300,Streptococcaceae,186826,Lactobacillales,91061,Bacilli,1239,Bacillota,2,Bacteria
MC02649,Streptococcus phage PhiSpn_200,890041,Unclear phylum,.,.,.,.,.,.,.,.,.,.,10239,Viruses
MC01032,Streptococcus pneumoniae,1313,Bacillota,1301,Streptococcus,1300,Streptococcaceae,186826,Lactobacillales,91061,Bacilli,1239,Bacillota,2,Bacteria
MC02650,Streptococcus pseudopneumoniae,257758,Bacillota,1301,Streptococcus,1300,Streptococcaceae,186826,Lactobacillales,91061,Bacilli,1239,Bacillota,2,Bacteria
MC00501,Streptococcus pyogenes,1314,Bacillota,1301,Streptococcus,1300,Streptococcaceae,186826,Lactobacillales,91061,Bacilli,1239,Bacillota,2,Bacteria
MC00267,Streptococcus S-2,1306,Bacillota,1301,Streptococcus,1300,Streptococcaceae,186826,Lactobacillales,91061,Bacilli,1239,Bacillota,2,Bacteria
MC00359,Streptococcus salivarius,1304,Bacillota,1301,Streptococcus,1300,Streptococcaceae,186826,Lactobacillales,91061,Bacilli,1239,Bacillota,2,Bacteria
MC00421,Streptococcus sanguinis,1305,Bacillota,1301,Streptococcus,1300,Streptococcaceae,186826,Lactobacillales,91061,Bacilli,1239,Bacillota,2,Bacteria
MC02651,Streptococcus sobrinus,1310,Bacillota,1301,Streptococcus,1300,Streptococcaceae,186826,Lactobacillales,91061,Bacilli,1239,Bacillota,2,Bacteria
MC00574,Streptococcus sp.,1306,Bacillota,1301,Streptococcus,1300,Streptococcaceae,186826,Lactobacillales,91061,Bacilli,1239,Bacillota,2,Bacteria
MC02652,Streptococcus sp. 11aTha1,417906,Bacillota,1301,Streptococcus,1300,Streptococcaceae,186826,Lactobacillales,91061,Bacilli,1239,Bacillota,2,Bacteria
MC01084,Streptococcus sp. C150,435842,Bacillota,1301,Streptococcus,1300,Streptococcaceae,186826,Lactobacillales,91061,Bacilli,1239,Bacillota,2,Bacteria
MC01095,Streptococcus sp. M143,563037,Bacillota,1301,Streptococcus,1300,Streptococcaceae,186826,Lactobacillales,91061,Bacilli,1239,Bacillota,2,Bacteria
MC02653,Streptococcus sp. oral clone DP009,175634,Bacillota,1301,Streptococcus,1300,Streptococcaceae,186826,Lactobacillales,91061,Bacilli,1239,Bacillota,2,Bacteria
MC02654,Streptococcus sp. oral taxon 058,712622,Bacillota,1301,Streptococcus,1300,Streptococcaceae,186826,Lactobacillales,91061,Bacilli,1239,Bacillota,2,Bacteria
MC02655,Streptococcus sp. oral taxon 431,712633,Bacillota,1301,Streptococcus,1300,Streptococcaceae,186826,Lactobacillales,91061,Bacilli,1239,Bacillota,2,Bacteria
MC02656,Streptococcus sp. VT 162,1419814,Bacillota,1301,Streptococcus,1300,Streptococcaceae,186826,Lactobacillales,91061,Bacilli,1239,Bacillota,2,Bacteria
MC00481,Streptococcus suis,1307,Bacillota,1301,Streptococcus,1300,Streptococcaceae,186826,Lactobacillales,91061,Bacilli,1239,Bacillota,2,Bacteria
MC00448,Streptococcus thermophilus,1308,Bacillota,1301,Streptococcus,1300,Streptococcaceae,186826,Lactobacillales,91061,Bacilli,1239,Bacillota,2,Bacteria
MC02657,Streptococcus thoraltensis,55085,Bacillota,1301,Streptococcus,1300,Streptococcaceae,186826,Lactobacillales,91061,Bacilli,1239,Bacillota,2,Bacteria
MC01033,Streptococcus vestibularis,1343,Bacillota,1301,Streptococcus,1300,Streptococcaceae,186826,Lactobacillales,91061,Bacilli,1239,Bacillota,2,Bacteria
MC00128,Streptomyces avermitilis,33903,Actinomycetota,1883,Streptomyces,2062,Streptomycetaceae,85011,Kitasatosporales,1760,Actinomycetes,201174,Actinomycetota,2,Bacteria
MC00313,Streptomyces griseus,1911,Actinomycetota,1482596,Streptomyces griseus subgroup,2062,Streptomycetaceae,85011,Kitasatosporales,1760,Actinomycetes,201174,Actinomycetota,2,Bacteria
MC00564,Streptomyces lavenduligriseus,67315,Actinomycetota,1883,Streptomyces,2062,Streptomycetaceae,85011,Kitasatosporales,1760,Actinomycetes,201174,Actinomycetota,2,Bacteria
MC00561,Streptomyces rimosus,1927,Actinomycetota,1883,Streptomyces,2062,Streptomycetaceae,85011,Kitasatosporales,1760,Actinomycetes,201174,Actinomycetota,2,Bacteria
MC02972,Streptomyces sp.,1931,Actinomycetota,1883,Streptomyces,2062,Streptomycetaceae,85011,Kitasatosporales,1760,Actinomycetes,201174,Actinomycetota,2,Bacteria
MC02658,Streptomyces sp. SBT349,1580539,Actinomycetota,1883,Streptomyces,2062,Streptomycetaceae,85011,Kitasatosporales,1760,Actinomycetes,201174,Actinomycetota,2,Bacteria
MC00568,Streptomyces sp.AI 045,452243,Actinomycetota,1883,Streptomyces,2062,Streptomycetaceae,85011,Kitasatosporales,1760,Actinomycetes,201174,Actinomycetota,2,Bacteria
MC01470,Streptophyta sp.,2922365,Streptophyta,.,.,.,.,.,.,.,.,35493,Streptophyta,33090,Viridiplantae
MC01344,Stutzerimonas stutzeri,316,Pseudomonadota,578833,Stutzerimonas stutzeri subgroup,135621,Pseudomonadaceae,72274,Pseudomonadales,1236,Gammaproteobacteria,1224,Pseudomonadota,2,Bacteria
MC00408,Styrax aureus,211046,Streptophyta,13699,Styrax,20008,Styracaceae,41945,Ericales,3398,Magnoliopsida,35493,Streptophyta,33090,Viridiplantae
MC00252,Subdoligranulum sp.,2053618,Bacillota,292632,Subdoligranulum,216572,Oscillospiraceae,186802,Eubacteriales,186801,Clostridia,1239,Bacillota,2,Bacteria
MC02659,Subdoligranulum sp. 4_3_54A2FAA,665956,Bacillota,292632,Subdoligranulum,216572,Oscillospiraceae,186802,Eubacteriales,186801,Clostridia,1239,Bacillota,2,Bacteria
MC00553,Subdoligranulum variabile,214851,Bacillota,292632,Subdoligranulum,216572,Oscillospiraceae,186802,Eubacteriales,186801,Clostridia,1239,Bacillota,2,Bacteria
MC00646,Succinatimonas hippei,626938,Pseudomonadota,674963,Succinatimonas,83763,Succinivibrionaceae,135624,Aeromonadales,1236,Gammaproteobacteria,1224,Pseudomonadota,2,Bacteria
MC03211,Succinatimonas sp.,2587468,Pseudomonadota,674963,Succinatimonas,83763,Succinivibrionaceae,135624,Aeromonadales,1236,Gammaproteobacteria,1224,Pseudomonadota,2,Bacteria
MC03087,Succiniclasticum sp.,2775030,Bacillota,40840,Succiniclasticum,909930,Acidaminococcaceae,1843488,Acidaminococcales,909932,Negativicutes,1239,Bacillota,2,Bacteria
MC00622,Succinivibrio dextrinosolvens,83771,Pseudomonadota,83770,Succinivibrio,83763,Succinivibrionaceae,135624,Aeromonadales,1236,Gammaproteobacteria,1224,Pseudomonadota,2,Bacteria
MC01642,Succinivibrio sp.,2053619,Pseudomonadota,83770,Succinivibrio,83763,Succinivibrionaceae,135624,Aeromonadales,1236,Gammaproteobacteria,1224,Pseudomonadota,2,Bacteria
MC01208,Sulfite-reducing bacterium LF11mE1,299669,Unclear phylum,.,.,.,.,.,.,.,.,.,.,2,Bacteria
MC01170,Sulfolobus acidocaldarius,2285,Thermoproteota,2284,Sulfolobus,118883,Sulfolobaceae,2281,Sulfolobales,183924,Thermoprotei,28889,Thermoproteota,2157,Archaea
MC03239,Sulfuricella sp.,2099377,Pseudomonadota,935200,Sulfuricella,2772226,Sulfuricellaceae,32003,Nitrosomonadales,28216,Betaproteobacteria,1224,Pseudomonadota,2,Bacteria
MC01583,Sulfuricurvum sp.,2025608,Campylobacterota,286130,Sulfuricurvum,2771471,Sulfurimonadaceae,213849,Campylobacterales,3031852,Epsilonproteobacteria,29547,Campylobacterota,2,Bacteria
MC03075,Sulfurimonas sp.,2022749,Campylobacterota,202746,Sulfurimonas,2771471,Sulfurimonadaceae,213849,Campylobacterales,3031852,Epsilonproteobacteria,29547,Campylobacterota,2,Bacteria
MC03068,Sulfuritalea sp.,2480090,Pseudomonadota,1054211,Sulfuritalea,2008793,Sterolibacteriaceae,32003,Nitrosomonadales,28216,Betaproteobacteria,1224,Pseudomonadota,2,Bacteria
MC03319,Sulfurovum sp.,1969726,Campylobacterota,265570,Sulfurovum,2771472,Sulfurovaceae,213849,Campylobacterales,3031852,Epsilonproteobacteria,29547,Campylobacterota,2,Bacteria
MC02660,Sutterella morbirenis,293545,Pseudomonadota,40544,Sutterella,995019,Sutterellaceae,80840,Burkholderiales,28216,Betaproteobacteria,1224,Pseudomonadota,2,Bacteria
MC02661,Sutterella sanguinus,282125,Pseudomonadota,40544,Sutterella,995019,Sutterellaceae,80840,Burkholderiales,28216,Betaproteobacteria,1224,Pseudomonadota,2,Bacteria
MC00386,Sutterella sp.,1981025,Pseudomonadota,40544,Sutterella,995019,Sutterellaceae,80840,Burkholderiales,28216,Betaproteobacteria,1224,Pseudomonadota,2,Bacteria
MC02662,Sutterella stercoricanis,234908,Pseudomonadota,40544,Sutterella,995019,Sutterellaceae,80840,Burkholderiales,28216,Betaproteobacteria,1224,Pseudomonadota,2,Bacteria
MC02663,Sutterella wadsworthensis,40545,Pseudomonadota,40544,Sutterella,995019,Sutterellaceae,80840,Burkholderiales,28216,Betaproteobacteria,1224,Pseudomonadota,2,Bacteria
MC02664,Swine fecal bacterium FPC67,180361,Unclear phylum,.,.,.,.,.,.,.,.,.,.,2,Bacteria
MC02665,Swine fecal bacterium FPC70,180360,Unclear phylum,.,.,.,.,.,.,.,.,.,.,2,Bacteria
MC02666,Swine fecal bacterium RF3E-Xyl1,621345,Unclear phylum,.,.,.,.,.,.,.,.,.,.,2,Bacteria
MC02667,Swine fecal bacterium SD-Pec1,621359,Unclear phylum,.,.,.,.,.,.,.,.,.,.,2,Bacteria
MC03210,Symbiobacterium sp.,1971213,Bacillota,2733,Symbiobacterium,543349,Symbiobacteriaceae,186802,Eubacteriales,186801,Clostridia,1239,Bacillota,2,Bacteria
MC02668,Symbiobacterium toebii,120580,Bacillota,2733,Symbiobacterium,543349,Symbiobacteriaceae,186802,Eubacteriales,186801,Clostridia,1239,Bacillota,2,Bacteria
MC00422,Synechococcus elongatus,32046,Cyanobacteriota,1129,Synechococcus,1890426,Synechococcaceae,1890424,Synechococcales,3028117,Cyanophyceae,1117,Cyanobacteriota,2,Bacteria
MC03096,Synechococcus sp.,1131,Cyanobacteriota,1129,Synechococcus,1890426,Synechococcaceae,1890424,Synechococcales,3028117,Cyanophyceae,1117,Cyanobacteriota,2,Bacteria
MC00454,Synechocystis sp.,1143,Cyanobacteriota,1142,Synechocystis,1890428,Merismopediaceae,1890424,Synechococcales,3028117,Cyanophyceae,1117,Cyanobacteriota,2,Bacteria
MC01612,Synergistes sp.,2774297,Synergistota,2753,Synergistes,649777,Synergistaceae,649776,Synergistales,649775,Synergistia,508458,Synergistota,2,Bacteria
MC00521,Synergistetes bacterium,2268202,Synergistota,.,.,.,.,.,.,.,.,508458,Synergistota,2,Bacteria
MC03324,Syntrophococcus sp.,2068656,Bacillota,84036,Syntrophococcus,186803,Lachnospiraceae,3085636,Lachnospirales,186801,Clostridia,1239,Bacillota,2,Bacteria
MC03341,Syntrophomonas sp.,2053627,Bacillota,862,Syntrophomonas,68298,Syntrophomonadaceae,186802,Eubacteriales,186801,Clostridia,1239,Bacillota,2,Bacteria
MC03447,Syntrophus sp.,228671,Thermodesulfobacteriota,43773,Syntrophus,213468,Syntrophaceae,2914038,Syntrophales,3031648,Syntrophia,200940,Thermodesulfobacteriota,2,Bacteria
MC02669,Talaromyces islandicus,28573,Ascomycota,5094,Talaromyces,28568,Trichocomaceae,5042,Eurotiales,147545,Eurotiomycetes,4890,Ascomycota,451864,Dikarya
MC00281,Tannerella forsythia,28112,Bacteroidota,195950,Tannerella,2005525,Tannerellaceae,171549,Bacteroidales,200643,Bacteroidia,976,Bacteroidota,2,Bacteria
MC01533,Tannerella sp.,2382127,Bacteroidota,195950,Tannerella,2005525,Tannerellaceae,171549,Bacteroidales,200643,Bacteroidia,976,Bacteroidota,2,Bacteria
MC03212,Tenacibaculum sp.,1906242,Bacteroidota,104267,Tenacibaculum,49546,Flavobacteriaceae,200644,Flavobacteriales,117743,Flavobacteriia,976,Bacteroidota,2,Bacteria
MC03159,Tepidanaerobacter sp.,2184418,Bacillota,499228,Tepidanaerobacter,2770092,Tepidanaerobacteraceae,2770089,Thermosediminibacterales,186801,Clostridia,1239,Bacillota,2,Bacteria
MC03165,Tepidimicrobium sp.,2184419,Bacillota,285105,Tepidimicrobium,2992719,Tepidimicrobiaceae,1737405,Tissierellales,1737404,Tissierellia,1239,Bacillota,2,Bacteria
MC01748,Tepidimonas fonticaldi,1101373,Pseudomonadota,114248,Tepidimonas,.,.,80840,Burkholderiales,28216,Betaproteobacteria,1224,Pseudomonadota,2,Bacteria
MC03169,Tepidimonas sp.,2002775,Pseudomonadota,114248,Tepidimonas,.,.,80840,Burkholderiales,28216,Betaproteobacteria,1224,Pseudomonadota,2,Bacteria
MC03014,Terrahaemophilus sp.,303392,Pseudomonadota,217201,Terrahaemophilus,712,Pasteurellaceae,135625,Pasteurellales,1236,Gammaproteobacteria,1224,Pseudomonadota,2,Bacteria
MC02670,Terrisporobacter glycolicus,36841,Bacillota,1505652,Terrisporobacter,186804,Peptostreptococcaceae,3082720,Peptostreptococcales,186801,Clostridia,1239,Bacillota,2,Bacteria
MC01586,Terrisporobacter sp.,1965305,Bacillota,1505652,Terrisporobacter,186804,Peptostreptococcaceae,3082720,Peptostreptococcales,186801,Clostridia,1239,Bacillota,2,Bacteria
MC01598,Tessaracoccus sp.,1971211,Actinomycetota,72763,Tessaracoccus,31957,Propionibacteriaceae,85009,Propionibacteriales,1760,Actinomycetes,201174,Actinomycetota,2,Bacteria
MC03343,Thalassospira sp.,1912094,Pseudomonadota,168934,Thalassospira,2844866,Thalassospiraceae,204441,Rhodospirillales,28211,Alphaproteobacteria,1224,Pseudomonadota,2,Bacteria
MC02986,Thauera sp.,1905334,Pseudomonadota,33057,Thauera,2008794,Zoogloeaceae,206389,Rhodocyclales,28216,Betaproteobacteria,1224,Pseudomonadota,2,Bacteria
MC02753,Thelephoraceae sp.,1911457,Basidiomycota,.,.,56488,Thelephoraceae,56487,Thelephorales,155619,Agaricomycetes,5204,Basidiomycota,4751,Fungi
MC03027,Thermaerobacter sp.,1937527,Bacillota,73918,Thermaerobacter,539000,Clostridiales Family XVII. Incertae Sedis,186802,Eubacteriales,186801,Clostridia,1239,Bacillota,2,Bacteria
MC01684,Thermicanus sp.,2773240,Bacillota,94008,Thermicanus,539003,Bacillales Family X. Incertae Sedis,1385,Bacillales,91061,Bacilli,1239,Bacillota,2,Bacteria
MC03208,Thermoactinomyces sp.,2025,Bacillota,2023,Thermoactinomyces,186824,Thermoactinomycetaceae,1385,Bacillales,91061,Bacilli,1239,Bacillota,2,Bacteria
MC03462,Thermoanaerobacterales Family IV. Incertae Sedis,543372,Bacillota,.,.,543372,Thermoanaerobacterales Family IV. Incertae Sedis,68295,Thermoanaerobacterales,186801,Clostridia,1239,Bacillota,2,Bacteria
MC03352,Thermodesulfobium sp.,2005384,Thermodesulfobiota,227388,Thermodesulfobium,227387,Thermodesulfobiaceae,3002444,Thermodesulfobiales,3002443,Thermodesulfobiia,3002442,Thermodesulfobiota,2,Bacteria
MC01650,Thermodesulfovibrio sp.,2067987,Nitrospirota,28261,Thermodesulfovibrio,2811504,Thermodesulfovibrionaceae,2811503,Thermodesulfovibrionales,2811502,Thermodesulfovibrionia,40117,Nitrospirota,2,Bacteria
MC02671,Thermolithobacter ferrireducens,416555,Bacillota,335382,Thermolithobacter,455493,Thermolithobacteraceae,455492,Thermolithobacterales,455491,Thermolithobacteria,1239,Bacillota,2,Bacteria
MC03184,Thermomonas sp.,1971895,Pseudomonadota,141948,Thermomonas,32033,Lysobacteraceae,135614,Lysobacterales,1236,Gammaproteobacteria,1224,Pseudomonadota,2,Bacteria
MC02672,Thermomonospora curvata,2020,Actinomycetota,2019,Thermomonospora,2012,Thermomonosporaceae,85012,Streptosporangiales,1760,Actinomycetes,201174,Actinomycetota,2,Bacteria
MC02673,Thermomyces lanuginosus,5541,Ascomycota,5540,Thermomyces,28568,Trichocomaceae,5042,Eurotiales,147545,Eurotiomycetes,4890,Ascomycota,451864,Dikarya
MC03448,Thermosipho sp.,481170,Thermotogota,2420,Thermosipho,1643950,Fervidobacteriaceae,2419,Thermotogales,188708,Thermotogae,200918,Thermotogota,2,Bacteria
MC03031,Thermus sp.,275,Deinococcota,270,Thermus,188786,Thermaceae,68933,Thermales,188787,Deinococci,1297,Deinococcota,2,Bacteria
MC00466,Thermus thermophilus,274,Deinococcota,270,Thermus,188786,Thermaceae,68933,Thermales,188787,Deinococci,1297,Deinococcota,2,Bacteria
MC02674,Thielaviopsis punctulata,72032,Ascomycota,60496,Thielaviopsis,1028423,Ceratocystidaceae,5592,Microascales,147550,Sordariomycetes,4890,Ascomycota,451864,Dikarya
MC03019,Thielaviopsis sp.,2072730,Ascomycota,60496,Thielaviopsis,1028423,Ceratocystidaceae,5592,Microascales,147550,Sordariomycetes,4890,Ascomycota,451864,Dikarya
MC01652,Thiobacillus sp.,924,Pseudomonadota,919,Thiobacillus,2008790,Thiobacillaceae,32003,Nitrosomonadales,28216,Betaproteobacteria,1224,Pseudomonadota,2,Bacteria
MC00392,Thomasclavelia ramosa,1547,Bacillota,3025755,Thomasclavelia,2810280,Coprobacillaceae,526525,Erysipelotrichales,526524,Erysipelotrichia,1239,Bacillota,2,Bacteria
MC01690,Thomasclavelia sp.,3025757,Bacillota,3025755,Thomasclavelia,2810280,Coprobacillaceae,526525,Erysipelotrichales,526524,Erysipelotrichia,1239,Bacillota,2,Bacteria
MC01737,Tidjanibacter massiliensis,1871003,Bacteroidota,1929083,Tidjanibacter,171550,Rikenellaceae,171549,Bacteroidales,200643,Bacteroidia,976,Bacteroidota,2,Bacteria
MC01501,Tissierellia sp.,2606888,Bacillota,.,.,.,.,.,.,1737404,Tissierellia,1239,Bacillota,2,Bacteria
MC02675,TM7 phylum sp. oral taxon 348,671231,Candidatus Saccharibacteria,.,.,.,.,.,.,.,.,95818,Candidatus Saccharibacteria,2,Bacteria
MC02676,TM7 phylum sp. oral taxon 352,713054,Candidatus Saccharibacteria,.,.,.,.,.,.,.,.,95818,Candidatus Saccharibacteria,2,Bacteria
MC02677,Torulaspora delbrueckii,4950,Ascomycota,4948,Torulaspora,4893,Saccharomycetaceae,4892,Saccharomycetales,4891,Saccharomycetes,4890,Ascomycota,4751,Fungi
MC03141,Torulaspora sp.,1928860,Ascomycota,4948,Torulaspora,4893,Saccharomycetaceae,4892,Saccharomycetales,4891,Saccharomycetes,4890,Ascomycota,4751,Fungi
MC02678,Toxicocladosporium strelitziae,1196441,Ascomycota,470063,Toxicocladosporium,452563,Cladosporiaceae,2726946,Cladosporiales,147541,Dothideomycetes,4890,Ascomycota,451864,Dikarya
MC02742,Trabulsiella sp.,1905692,Pseudomonadota,158851,Trabulsiella,543,Enterobacteriaceae,91347,Enterobacterales,1236,Gammaproteobacteria,1224,Pseudomonadota,2,Bacteria
MC03283,Trametes sp.,1849818,Basidiomycota,5324,Trametes,5317,Polyporaceae,5303,Polyporales,155619,Agaricomycetes,5204,Basidiomycota,4751,Fungi
MC00518,Trametes versicolor,5325,Basidiomycota,5324,Trametes,5317,Polyporaceae,5303,Polyporales,155619,Agaricomycetes,5204,Basidiomycota,4751,Fungi
MC02856,Tremellales sp.,1920939,Basidiomycota,.,.,.,.,5234,Tremellales,155616,Tremellomycetes,5204,Basidiomycota,4751,Fungi
MC02679,Treponema amylovorum,59892,Spirochaetota,157,Treponema,2845253,Treponemataceae,136,Spirochaetales,203692,Spirochaetia,203691,Spirochaetota,2,Bacteria
MC00306,Treponema denticola,158,Spirochaetota,157,Treponema,2845253,Treponemataceae,136,Spirochaetales,203692,Spirochaetia,203691,Spirochaetota,2,Bacteria
MC02680,Treponema lecithinolyticum,53418,Spirochaetota,157,Treponema,2845253,Treponemataceae,136,Spirochaetales,203692,Spirochaetia,203691,Spirochaetota,2,Bacteria
MC02681,Treponema maltophilum,51160,Spirochaetota,157,Treponema,2845253,Treponemataceae,136,Spirochaetales,203692,Spirochaetia,203691,Spirochaetota,2,Bacteria
MC02682,Treponema medium,58231,Spirochaetota,157,Treponema,2845253,Treponemataceae,136,Spirochaetales,203692,Spirochaetia,203691,Spirochaetota,2,Bacteria
MC02683,Treponema parvum,138851,Spirochaetota,157,Treponema,2845253,Treponemataceae,136,Spirochaetales,203692,Spirochaetia,203691,Spirochaetota,2,Bacteria
MC02684,Treponema pectinovorum,164,Spirochaetota,157,Treponema,2845253,Treponemataceae,136,Spirochaetales,203692,Spirochaetia,203691,Spirochaetota,2,Bacteria
MC02685,Treponema phagedenis,162,Spirochaetota,157,Treponema,2845253,Treponemataceae,136,Spirochaetales,203692,Spirochaetia,203691,Spirochaetota,2,Bacteria
MC02686,Treponema putidum,221027,Spirochaetota,157,Treponema,2845253,Treponemataceae,136,Spirochaetales,203692,Spirochaetia,203691,Spirochaetota,2,Bacteria
MC00307,Treponema socranskii,53419,Spirochaetota,157,Treponema,2845253,Treponemataceae,136,Spirochaetales,203692,Spirochaetia,203691,Spirochaetota,2,Bacteria
MC01710,Treponema sp.,166,Spirochaetota,157,Treponema,2845253,Treponemataceae,136,Spirochaetales,203692,Spirochaetia,203691,Spirochaetota,2,Bacteria
MC02687,Treponema sp. oral taxon 250,712731,Spirochaetota,157,Treponema,2845253,Treponemataceae,136,Spirochaetales,203692,Spirochaetia,203691,Spirochaetota,2,Bacteria
MC00305,Treponema vincentii,69710,Spirochaetota,157,Treponema,2845253,Treponemataceae,136,Spirochaetales,203692,Spirochaetia,203691,Spirochaetota,2,Bacteria
MC03059,Trichinella sp.,3063807,Nematoda,6333,Trichinella,6332,Trichinellidae,6329,Trichinellida,119088,Enoplea,6231,Nematoda,33208,Metazoa
MC01629,Trichococcus sp.,1985464,Bacillota,82802,Trichococcus,186828,Carnobacteriaceae,186826,Lactobacillales,91061,Bacilli,1239,Bacillota,2,Bacteria
MC02974,Trichoderma sp.,1715253,Ascomycota,5543,Trichoderma,5129,Hypocreaceae,5125,Hypocreales,147550,Sordariomycetes,4890,Ascomycota,451864,Dikarya
MC01063,Trichodesmium hildebrandtii,84114,Cyanobacteriota,1205,Trichodesmium,1892252,Microcoleaceae,1150,Oscillatoriales,3028117,Cyanophyceae,1117,Cyanobacteriota,2,Bacteria
MC00455,Trichomonas vaginalis,5722,Parabasalia,5721,Trichomonas,181550,Trichomonadidae,37104,Trichomonadida,.,.,5719,Parabasalia,2759,Eukaryota
MC00365,Trichophyton interdigitale,101480,Ascomycota,5550,Trichophyton,34384,Arthrodermataceae,33183,Onygenales,147545,Eurotiomycetes,4890,Ascomycota,4751,Fungi
MC00366,Trichophyton rubrum,5551,Ascomycota,5550,Trichophyton,34384,Arthrodermataceae,33183,Onygenales,147545,Eurotiomycetes,4890,Ascomycota,4751,Fungi
MC03135,Trichosporon sp.,1856742,Basidiomycota,5552,Trichosporon,1759442,Trichosporonaceae,1851469,Trichosporonales,155616,Tremellomycetes,5204,Basidiomycota,4751,Fungi
MC02948,Trichosporonaceae sp.,2011950,Basidiomycota,.,.,1759442,Trichosporonaceae,1851469,Trichosporonales,155616,Tremellomycetes,5204,Basidiomycota,4751,Fungi
MC02861,Trichosporonales sp.,2316371,Basidiomycota,.,.,.,.,1851469,Trichosporonales,155616,Tremellomycetes,5204,Basidiomycota,4751,Fungi
MC01163,Tropheryma whipplei,2039,Actinomycetota,2038,Tropheryma,2805591,Tropherymataceae,85006,Micrococcales,1760,Actinomycetes,201174,Actinomycetota,2,Bacteria
MC03310,Truepera sp.,2478917,Deinococcota,332248,Truepera,332247,Trueperaceae,2762275,Trueperales,188787,Deinococci,1297,Deinococcota,2,Bacteria
MC00423,Tsukamurella paurometabola,2061,Actinomycetota,2060,Tsukamurella,85028,Tsukamurellaceae,85007,Mycobacteriales,1760,Actinomycetes,201174,Actinomycetota,2,Bacteria
MC02811,Tuberaceae sp.,2040984,Ascomycota,.,.,40289,Tuberaceae,5185,Pezizales,147549,Pezizomycetes,4890,Ascomycota,4751,Fungi
MC02838,Tunavirus sp.,2833309,Uroviricota,187217,Tunavirus,2731691,Drexlerviridae,.,.,2731619,Caudoviricetes,2731618,Uroviricota,2731360,Heunggongvirae
MC00418,Turicibacter sanguinis,154288,Bacillota,191303,Turicibacter,2810281,Turicibacteraceae,526525,Erysipelotrichales,526524,Erysipelotrichia,1239,Bacillota,2,Bacteria
MC01126,Turicibacter sp.,2049042,Bacillota,191303,Turicibacter,2810281,Turicibacteraceae,526525,Erysipelotrichales,526524,Erysipelotrichia,1239,Bacillota,2,Bacteria
MC02688,Turneroconcha magnifica,3122228,Mollusca,3122227,Turneroconcha,6588,Vesicomyidae,6580,Venerida,6544,Bivalvia,6447,Mollusca,33208,Metazoa
MC02830,Tymoviridae sp.,2809947,Kitrinoviricota,.,.,249184,Tymoviridae,675063,Tymovirales,2732461,Alsuviricetes,2732406,Kitrinoviricota,2732396,Orthornavirae
MC01621,Tyzzerella sp.,2053632,Bacillota,1506577,Tyzzerella,186803,Lachnospiraceae,3085636,Lachnospirales,186801,Clostridia,1239,Bacillota,2,Bacteria
MC03056,Ulvibacter sp.,1966449,Bacteroidota,237444,Ulvibacter,49546,Flavobacteriaceae,200644,Flavobacteriales,117743,Flavobacteriia,976,Bacteroidota,2,Bacteria
MC02931,unclassified Acholeplasmataceae,1898208,Mycoplasmatota,.,.,2146,Acholeplasmataceae,186329,Acholeplasmatales,31969,Mollicutes,544448,Mycoplasmatota,2,Bacteria
MC02900,unclassified Acholeplasmatales,1151603,Mycoplasmatota,.,.,.,.,186329,Acholeplasmatales,31969,Mollicutes,544448,Mycoplasmatota,2,Bacteria
MC01506,unclassified Acidaminococcaceae,1951303,Bacillota,.,.,909930,Acidaminococcaceae,1843488,Acidaminococcales,909932,Negativicutes,1239,Bacillota,2,Bacteria
MC02895,unclassified Acidimicrobiales,1042324,Actinomycetota,.,.,.,.,84993,Acidimicrobiales,84992,Acidimicrobiia,201174,Actinomycetota,2,Bacteria
MC02772,unclassified Acidobacteriaceae,112074,Acidobacteriota,.,.,204434,Acidobacteriaceae,204433,Terriglobales,204432,Terriglobia,57723,Acidobacteriota,2,Bacteria
MC01415,unclassified Acidobacteriota,305072,Acidobacteriota,.,.,.,.,.,.,.,.,57723,Acidobacteriota,2,Bacteria
MC01502,unclassified Actinobacteria,1752188,Actinomycetota,.,.,.,.,.,.,.,.,201174,Actinomycetota,2,Bacteria
MC01411,unclassified Actinomycetaceae,45035,Actinomycetota,.,.,2049,Actinomycetaceae,2037,Actinomycetales,1760,Actinomycetes,201174,Actinomycetota,2,Bacteria
MC01432,unclassified Actinomycetales,105426,Actinomycetota,.,.,.,.,2037,Actinomycetales,1760,Actinomycetes,201174,Actinomycetota,2,Bacteria
MC00065,unclassified Actinomycetes,52018,Actinomycetota,.,.,.,.,.,.,1760,Actinomycetes,201174,Actinomycetota,2,Bacteria
MC01731,unclassified Aerococcaceae,881649,Bacillota,.,.,186827,Aerococcaceae,186826,Lactobacillales,91061,Bacilli,1239,Bacillota,2,Bacteria
MC02766,unclassified Aeromonadaceae,93660,Pseudomonadota,.,.,84642,Aeromonadaceae,135624,Aeromonadales,1236,Gammaproteobacteria,1224,Pseudomonadota,2,Bacteria
MC02864,unclassified Aeromonadales,451147,Pseudomonadota,.,.,.,.,135624,Aeromonadales,1236,Gammaproteobacteria,1224,Pseudomonadota,2,Bacteria
MC01507,unclassified Akkermansiaceae,1951308,Verrucomicrobiota,.,.,1647988,Akkermansiaceae,48461,Verrucomicrobiales,203494,Verrucomicrobiia,74201,Verrucomicrobiota,2,Bacteria
MC01425,unclassified Alcaligenaceae,83496,Pseudomonadota,.,.,506,Alcaligenaceae,80840,Burkholderiales,28216,Betaproteobacteria,1224,Pseudomonadota,2,Bacteria
MC00563,unclassified Alphaproteobacteria,33807,Pseudomonadota,.,.,.,.,.,.,28211,Alphaproteobacteria,1224,Pseudomonadota,2,Bacteria
MC01430,unclassified Alteromonadaceae,96574,Pseudomonadota,.,.,72275,Alteromonadaceae,135622,Alteromonadales,1236,Gammaproteobacteria,1224,Pseudomonadota,2,Bacteria
MC01471,unclassified Alteromonadales,300695,Pseudomonadota,.,.,.,.,135622,Alteromonadales,1236,Gammaproteobacteria,1224,Pseudomonadota,2,Bacteria
MC02910,unclassified Anaerolineaceae,1324991,Chloroflexota,.,.,292628,Anaerolineaceae,292629,Anaerolineales,292625,Anaerolineae,200795,Chloroflexota,2,Bacteria
MC02897,unclassified Anaerolineae,1081798,Chloroflexota,.,.,.,.,.,.,292625,Anaerolineae,200795,Chloroflexota,2,Bacteria
MC01685,unclassified anaeroplasmataceae,2793036,Mycoplasmatota,.,.,186333,Anaeroplasmataceae,186332,Anaeroplasmatales,31969,Mollicutes,544448,Mycoplasmatota,2,Bacteria
MC01419,unclassified Armatimonadota,1042316,Armatimonadota,.,.,.,.,.,.,.,.,67819,Armatimonadota,2,Bacteria
MC02942,unclassified Atopobiaceae,1951448,Actinomycetota,.,.,1643824,Atopobiaceae,84999,Coriobacteriales,84998,Coriobacteriia,201174,Actinomycetota,2,Bacteria
MC01452,unclassified Bacillaceae,197483,Bacillota,.,.,186817,Bacillaceae,1385,Bacillales,91061,Bacilli,1239,Bacillota,2,Bacteria
MC01000,unclassified Bacillales,40298,Bacillota,.,.,.,.,1385,Bacillales,91061,Bacilli,1239,Bacillota,2,Bacteria
MC00322,unclassified Bacilli,1526609,Bacillota,.,.,.,.,.,.,91061,Bacilli,1239,Bacillota,2,Bacteria
MC00223,unclassified Bacillota,84086,Bacillota,.,.,.,.,.,.,.,.,1239,Bacillota,2,Bacteria
MC01001,unclassified Bacteria,49928,Unclear phylum,.,.,.,.,.,.,.,.,.,.,2,Bacteria
MC00135,unclassified Bacteroidaceae,45253,Bacteroidota,.,.,815,Bacteroidaceae,171549,Bacteroidales,200643,Bacteroidia,976,Bacteroidota,2,Bacteria
MC00066,unclassified Bacteroidales,185291,Bacteroidota,.,.,.,.,171549,Bacteroidales,200643,Bacteroidia,976,Bacteroidota,2,Bacteria
MC00224,unclassified Bacteroidia,1151610,Bacteroidota,.,.,.,.,.,.,200643,Bacteroidia,976,Bacteroidota,2,Bacteria
MC00570,unclassified Bacteroidota,37452,Bacteroidota,.,.,.,.,.,.,.,.,976,Bacteroidota,2,Bacteria
MC00136,unclassified Barnesiellaceae,2822391,Bacteroidota,.,.,2005519,Barnesiellaceae,171549,Bacteroidales,200643,Bacteroidia,976,Bacteroidota,2,Bacteria
MC02748,unclassified Bartonellaceae,41404,Pseudomonadota,.,.,772,Bartonellaceae,356,Hyphomicrobiales,28211,Alphaproteobacteria,1224,Pseudomonadota,2,Bacteria
MC02853,unclassified Bdellovibrionales,404130,Bdellovibrionota,.,.,.,.,213481,Bdellovibrionales,3031418,Bdellovibrionia,3018035,Bdellovibrionota,2,Bacteria
MC02749,unclassified Beijerinckiaceae,45405,Pseudomonadota,.,.,45404,Beijerinckiaceae,356,Hyphomicrobiales,28211,Alphaproteobacteria,1224,Pseudomonadota,2,Bacteria
MC01407,unclassified Betaproteobacteria,33809,Pseudomonadota,.,.,.,.,.,.,28216,Betaproteobacteria,1224,Pseudomonadota,2,Bacteria
MC01023,unclassified Bifidobacteriaceae,1890366,Actinomycetota,.,.,31953,Bifidobacteriaceae,85004,Bifidobacteriales,1760,Actinomycetes,201174,Actinomycetota,2,Bacteria
MC01002,unclassified Bifidobacteriales,209112,Actinomycetota,.,.,.,.,85004,Bifidobacteriales,1760,Actinomycetes,201174,Actinomycetota,2,Bacteria
MC02961,unclassified Brachyspiraceae,2478529,Spirochaetota,.,.,143786,Brachyspiraceae,1643686,Brachyspirales,203692,Spirochaetia,203691,Spirochaetota,2,Bacteria
MC02812,unclassified Brevibacteriaceae,244911,Actinomycetota,.,.,85019,Brevibacteriaceae,85006,Micrococcales,1760,Actinomycetes,201174,Actinomycetota,2,Bacteria
MC00583,unclassified Brevibacterium,2614124,Actinomycetota,1696,Brevibacterium,85019,Brevibacteriaceae,85006,Micrococcales,1760,Actinomycetes,201174,Actinomycetota,2,Bacteria
MC02788,unclassified Brucellaceae,174575,Pseudomonadota,.,.,118882,Brucellaceae,356,Hyphomicrobiales,28211,Alphaproteobacteria,1224,Pseudomonadota,2,Bacteria
MC02915,unclassified Bryobacterales,1470392,Acidobacteriota,.,.,.,.,332160,Bryobacterales,204432,Terriglobia,57723,Acidobacteriota,2,Bacteria
MC00586,unclassified Burkholderiaceae,132490,Pseudomonadota,.,.,119060,Burkholderiaceae,80840,Burkholderiales,28216,Betaproteobacteria,1224,Pseudomonadota,2,Bacteria
MC00556,unclassified Burkholderiales,80841,Pseudomonadota,.,.,.,.,80840,Burkholderiales,28216,Betaproteobacteria,1224,Pseudomonadota,2,Bacteria
MC02996,unclassified Calditrichaceae,2614243,Calditrichota,.,.,1962854,Calditrichaceae,1962852,Calditrichales,1962850,Calditrichia,1930617,Calditrichota,2,Bacteria
MC01779,unclassified Campylobacteraceae ,94133,Campylobacterota,.,.,72294,Campylobacteraceae,213849,Campylobacterales,3031852,Epsilonproteobacteria,29547,Campylobacterota,2,Bacteria
MC02905,unclassified Campylobacterales,1227571,Campylobacterota,.,.,.,.,213849,Campylobacterales,3031852,Epsilonproteobacteria,29547,Campylobacterota,2,Bacteria
MC03376,unclassified Candida,2688313,Ascomycota,5475,Candida,766764,Debaryomycetaceae,4892,Saccharomycetales,4891,Saccharomycetes,4890,Ascomycota,4751,Fungi
MC02960,unclassified Candidatus Cenarchaeales,2478493,Nitrososphaerota,.,.,.,.,205948,Candidatus Cenarchaeales,.,.,651137,Nitrososphaerota,2157,Archaea
MC02966,unclassified Candidatus Midichloriaceae,2570584,Pseudomonadota,.,.,1328881,Candidatus Midichloriaceae,766,Rickettsiales,28211,Alphaproteobacteria,1224,Pseudomonadota,2,Bacteria
MC02930,unclassified Cardiobacteriaceae,1839806,Pseudomonadota,.,.,868,Cardiobacteriaceae,135615,Cardiobacteriales,1236,Gammaproteobacteria,1224,Pseudomonadota,2,Bacteria
MC02950,unclassified Cardiobacteriales,2044592,Pseudomonadota,.,.,.,.,135615,Cardiobacteriales,1236,Gammaproteobacteria,1224,Pseudomonadota,2,Bacteria
MC02814,unclassified Carnobacteriaceae,268966,Bacillota,.,.,186828,Carnobacteriaceae,186826,Lactobacillales,91061,Bacilli,1239,Bacillota,2,Bacteria
MC01492,unclassified Catabacteriaceae,990719,Bacillota,.,.,990719,Christensenellaceae,3082768,Christensenellales,186801,Clostridia,1239,Bacillota,2,Bacteria
MC01422,unclassified Caulobacteraceae,81440,Pseudomonadota,.,.,76892,Caulobacteraceae,204458,Caulobacterales,28211,Alphaproteobacteria,1224,Pseudomonadota,2,Bacteria
MC01476,unclassified Caulobacterales,451208,Pseudomonadota,.,.,.,.,204458,Caulobacterales,28211,Alphaproteobacteria,1224,Pseudomonadota,2,Bacteria
MC02827,unclassified Ceduovirus,329156,Uroviricota,186532,Ceduovirus,.,.,.,.,2731619,Caudoviricetes,2731618,Uroviricota,2731360,Heunggongvirae
MC02789,unclassified Cellulomonadaceae,185258,Actinomycetota,.,.,85016,Cellulomonadaceae,85006,Micrococcales,1760,Actinomycetes,201174,Actinomycetota,2,Bacteria
MC03339,unclassified Centrocestus,2648886,Platyhelminthes,234882,Centrocestus,84526,Heterophyidae,6193,Opisthorchiida,6178,Trematoda,6157,Platyhelminthes,33208,Metazoa
MC01485,unclassified Chitinophagaceae,569836,Bacteroidota,.,.,563835,Chitinophagaceae,1853229,Chitinophagales,1853228,Chitinophagia,976,Bacteroidota,2,Bacteria
MC02951,unclassified Chlamydiia,2052155,Chlamydiota,.,.,.,.,.,.,204429,Chlamydiia,204428,Chlamydiota,2,Bacteria
MC02924,unclassified Chlamydiota,1704234,Chlamydiota,.,.,.,.,.,.,.,.,204428,Chlamydiota,2,Bacteria
MC02958,unclassified Chloroflexia,2448781,Chloroflexota,.,.,.,.,.,.,32061,Chloroflexia,200795,Chloroflexota,2,Bacteria
MC01708,unclassified Chloroflexota,189774,Chloroflexota,.,.,.,.,.,.,.,.,200795,Chloroflexota,2,Bacteria
MC01505,unclassified Christensenellaceae,1917874,Bacillota,.,.,990719,Christensenellaceae,3082768,Christensenellales,186801,Clostridia,1239,Bacillota,2,Bacteria
MC01156,unclassified Chromatiaceae,82569,Pseudomonadota,.,.,1046,Chromatiaceae,135613,Chromatiales,1236,Gammaproteobacteria,1224,Pseudomonadota,2,Bacteria
MC02968,unclassified Chromatiales,2576752,Pseudomonadota,.,.,.,.,135613,Chromatiales,1236,Gammaproteobacteria,1224,Pseudomonadota,2,Bacteria
MC01472,unclassified Clostridia,348841,Bacillota,.,.,.,.,.,.,186801,Clostridia,1239,Bacillota,2,Bacteria
MC01024,unclassified Clostridiaceae,189971,Bacillota,.,.,31979,Clostridiaceae,186802,Eubacteriales,186801,Clostridia,1239,Bacillota,2,Bacteria
MC02847,unclassified Coccolithovirus,372443,Nucleocytoviricota,346673,Coccolithovirus,10501,Phycodnaviridae,2732524,Algavirales,2732523,Megaviricetes,2732007,Nucleocytoviricota,2732005,Bamfordvirae
MC01025,unclassified Comamonadaceae,83494,Pseudomonadota,.,.,80864,Comamonadaceae,80840,Burkholderiales,28216,Betaproteobacteria,1224,Pseudomonadota,2,Bacteria
MC03362,unclassified Conexibacteraceae,2660706,Actinomycetota,.,.,320583,Conexibacteraceae,588673,Solirubrobacterales,1497346,Thermoleophilia,201174,Actinomycetota,2,Bacteria
MC00575,unclassified Coriobacteriaceae,84113,Actinomycetota,.,.,84107,Coriobacteriaceae,84999,Coriobacteriales,84998,Coriobacteriia,201174,Actinomycetota,2,Bacteria
MC01498,unclassified Coriobacteriales,1588752,Actinomycetota,.,.,.,.,84999,Coriobacteriales,84998,Coriobacteriia,201174,Actinomycetota,2,Bacteria
MC01510,unclassified Coriobacteriia,2052158,Actinomycetota,.,.,.,.,.,.,84998,Coriobacteriia,201174,Actinomycetota,2,Bacteria
MC01410,unclassified Corynebacteriaceae,42818,Actinomycetota,.,.,1653,Corynebacteriaceae,85007,Mycobacteriales,1760,Actinomycetes,201174,Actinomycetota,2,Bacteria
MC02781,unclassified Coxiellaceae,134284,Pseudomonadota,.,.,118968,Coxiellaceae,118969,Legionellales,1236,Gammaproteobacteria,1224,Pseudomonadota,2,Bacteria
MC01466,unclassified Cryomorphaceae,253244,Bacteroidota,.,.,246874,Cryomorphaceae,200644,Flavobacteriales,117743,Flavobacteriia,976,Bacteroidota,2,Bacteria
MC01026,unclassified Cyanobacteria,1983111,Cyanobacteriota,.,.,.,.,.,.,.,.,1117,Cyanobacteriota,2,Bacteria
MC02903,unclassified Cyprinivirus,1191383,Peploviricota,692606,Cyprinivirus,548682,Alloherpesviridae,548681,Herpesvirales,2731363,Herviviricetes,2731361,Peploviricota,2731360,Heunggongvirae
MC01428,unclassified Cytophagaceae,94253,Bacteroidota,.,.,89373,Cytophagaceae,768507,Cytophagales,768503,Cytophagia,976,Bacteroidota,2,Bacteria
MC01479,unclassified Deferribacteraceae,477975,Deferribacterota,.,.,191394,Deferribacteraceae,191393,Deferribacterales,68337,Deferribacteres,200930,Deferribacterota,2,Bacteria
MC02735,unclassified Deferribacterales,1674872,Deferribacterota,.,.,.,.,191393,Deferribacterales,68337,Deferribacteres,200930,Deferribacterota,2,Bacteria
MC01475,unclassified Deferribacteres,434124,Deferribacterota,.,.,.,.,.,.,68337,Deferribacteres,200930,Deferribacterota,2,Bacteria
MC01496,unclassified Defluviitaleaceae,1185411,Bacillota,.,.,1185407,Defluviitaleaceae,3085636,Lachnospirales,186801,Clostridia,1239,Bacillota,2,Bacteria
MC02803,unclassified Deinococcaceae,216625,Deinococcota,.,.,183710,Deinococcaceae,118964,Deinococcales,188787,Deinococci,1297,Deinococcota,2,Bacteria
MC02959,unclassified Deinococcales,2478478,Deinococcota,.,.,.,.,118964,Deinococcales,188787,Deinococci,1297,Deinococcota,2,Bacteria
MC03382,unclassified Deinococci,2718868,Deinococcota,.,.,.,.,.,.,188787,Deinococci,1297,Deinococcota,2,Bacteria
MC02787,unclassified Deinococcota,167875,Deinococcota,.,.,.,.,.,.,.,.,1297,Deinococcota,2,Bacteria
MC00590,unclassified Deltaproteobacteria,122706,Unclear phylum,.,.,.,.,.,.,28221,Deltaproteobacteria,.,.,2,Bacteria
MC02796,unclassified Dermabacteraceae,196886,Actinomycetota,.,.,85020,Dermabacteraceae,85006,Micrococcales,1760,Actinomycetes,201174,Actinomycetota,2,Bacteria
MC02807,unclassified Desulfobacteraceae,231684,Thermodesulfobacteriota,.,.,213119,Desulfobacteraceae,213118,Desulfobacterales,3024418,Desulfobacteria,200940,Thermodesulfobacteriota,2,Bacteria
MC02914,unclassified Desulfobacterales,1403365,Thermodesulfobacteriota,.,.,.,.,213118,Desulfobacterales,3024418,Desulfobacteria,200940,Thermodesulfobacteriota,2,Bacteria
MC00592,unclassified Desulfovibrionaceae,231685,Thermodesulfobacteriota,.,.,194924,Desulfovibrionaceae,213115,Desulfovibrionales,3031449,Desulfovibrionia,200940,Thermodesulfobacteriota,2,Bacteria
MC00593,unclassified Desulfovibrionales,271093,Thermodesulfobacteriota,.,.,.,.,213115,Desulfovibrionales,3031449,Desulfovibrionia,200940,Thermodesulfobacteriota,2,Bacteria
MC03209,unclassified Dipylidium,2634634,Platyhelminthes,66786,Dipylidium,109303,Dipylidiidae,6201,Cyclophyllidea,6199,Cestoda,6157,Platyhelminthes,33208,Metazoa
MC02925,unclassified Eggerthellaceae,1720314,Actinomycetota,.,.,1643826,Eggerthellaceae,1643822,Eggerthellales,84998,Coriobacteriia,201174,Actinomycetota,2,Bacteria
MC02940,unclassified Eggerthellales,1950943,Actinomycetota,.,.,.,.,1643822,Eggerthellales,84998,Coriobacteriia,201174,Actinomycetota,2,Bacteria
MC03384,unclassified Elusimicrobiaceae,2735567,Elusimicrobiota,.,.,641876,Elusimicrobiaceae,641854,Elusimicrobiales,641853,Elusimicrobia,74152,Elusimicrobiota,2,Bacteria
MC00560,unclassified Enterobacterales,305752,Pseudomonadota,.,.,.,.,91347,Enterobacterales,1236,Gammaproteobacteria,1224,Pseudomonadota,2,Bacteria
MC01478,unclassified Enterobacteria,451511,Pseudomonadota,.,.,.,.,91347,Enterobacterales,1236,Gammaproteobacteria,1224,Pseudomonadota,2,Bacteria
MC01004,unclassified Enterobacteriaceae,36866,Pseudomonadota,.,.,543,Enterobacteriaceae,91347,Enterobacterales,1236,Gammaproteobacteria,1224,Pseudomonadota,2,Bacteria
MC00594,unclassified Enterococcaceae,423400,Bacillota,.,.,81852,Enterococcaceae,186826,Lactobacillales,91061,Bacilli,1239,Bacillota,2,Bacteria
MC01691,unclassified Epsilonproteobacteria,3031852,Campylobacterota,.,.,.,.,.,.,3031852,Epsilonproteobacteria,29547,Campylobacterota,2,Bacteria
MC00534,unclassified Erysipelotrichaceae,544447,Bacillota,.,.,128827,Erysipelotrichaceae,526525,Erysipelotrichales,526524,Erysipelotrichia,1239,Bacillota,2,Bacteria
MC01491,unclassified Erysipelotrichales,713467,Bacillota,.,.,.,.,526525,Erysipelotrichales,526524,Erysipelotrichia,1239,Bacillota,2,Bacteria
MC01511,unclassified Erysipelotrichia,2184013,Bacillota,.,.,.,.,.,.,526524,Erysipelotrichia,1239,Bacillota,2,Bacteria
MC02872,unclassified Erythrobacteraceae,517744,Pseudomonadota,.,.,335929,Erythrobacteraceae,204457,Sphingomonadales,28211,Alphaproteobacteria,1224,Pseudomonadota,2,Bacteria
MC01460,unclassified Eubacteriaceae,207769,Bacillota,.,.,186806,Eubacteriaceae,186802,Eubacteriales,186801,Clostridia,1239,Bacillota,2,Bacteria
MC00014,unclassified Eubacteriales,39779,Bacillota,.,.,.,.,186802,Eubacteriales,186801,Clostridia,1239,Bacillota,2,Bacteria
MC01766,unclassified Euryarchaeota,115531,Euryarchaeota,.,.,.,.,.,.,.,.,28890,Euryarchaeota,2157,Archaea
MC02876,unclassified Ferrimonadaceae,650238,Pseudomonadota,.,.,267892,Ferrimonadaceae,135622,Alteromonadales,1236,Gammaproteobacteria,1224,Pseudomonadota,2,Bacteria
MC01500,unclassified Fibrobacteria,1704278,Fibrobacterota,.,.,.,.,.,.,204430,Fibrobacteria,65842,Fibrobacterota,2,Bacteria
MC01767,unclassified Fibrobacterota,1805148,Fibrobacterota,.,.,.,.,.,.,.,.,65842,Fibrobacterota,2,Bacteria
MC01435,unclassified Flavobacteria,117744,Bacteroidota,.,.,.,.,.,.,117743,Flavobacteriia,976,Bacteroidota,2,Bacteria
MC01417,unclassified Flavobacteriaceae,61432,Bacteroidota,.,.,49546,Flavobacteriaceae,200644,Flavobacteriales,117743,Flavobacteriia,976,Bacteroidota,2,Bacteria
MC02852,unclassified Flavobacteriales,403978,Bacteroidota,.,.,.,.,200644,Flavobacteriales,117743,Flavobacteriia,976,Bacteroidota,2,Bacteria
MC02965,unclassified Fromanvirus,2562661,Uroviricota,186764,Fromanvirus,.,.,.,.,2731619,Caudoviricetes,2731618,Uroviricota,2731360,Heunggongvirae
MC01481,unclassified Fusobacteriaceae,537324,Fusobacteriota,.,.,203492,Fusobacteriaceae,203491,Fusobacteriales,203490,Fusobacteriia,32066,Fusobacteriota,2,Bacteria
MC01494,unclassified Fusobacteriales,1164263,Fusobacteriota,.,.,.,.,203491,Fusobacteriales,203490,Fusobacteriia,32066,Fusobacteriota,2,Bacteria
MC00067,unclassified Fusobacteriia,1948574,Fusobacteriota,.,.,.,.,.,.,203490,Fusobacteriia,32066,Fusobacteriota,2,Bacteria
MC02886,unclassified Gallionellaceae,890109,Pseudomonadota,.,.,90627,Gallionellaceae,32003,Nitrosomonadales,28216,Betaproteobacteria,1224,Pseudomonadota,2,Bacteria
MC00374,unclassified Gammaproteobacteria,33811,Pseudomonadota,.,.,.,.,.,.,1236,Gammaproteobacteria,1224,Pseudomonadota,2,Bacteria
MC01482,unclassified Gemellaceae,539738,Bacillota,.,.,539738,Gemellaceae,1385,Bacillales,91061,Bacilli,1239,Bacillota,2,Bacteria
MC01462,unclassified Gemmatimonadetes,219685,Gemmatimonadota,.,.,.,.,.,.,219685,Gemmatimonadia,142182,Gemmatimonadota,2,Bacteria
MC02806,unclassified Geobacteraceae,225352,Thermodesulfobacteriota,.,.,213422,Geobacteraceae,3031668,Geobacterales,3031651,Desulfuromonadia,200940,Thermodesulfobacteriota,2,Bacteria
MC02809,unclassified Geodermatophilaceae,234661,Actinomycetota,.,.,85030,Geodermatophilaceae,1643682,Geodermatophilales,1760,Actinomycetes,201174,Actinomycetota,2,Bacteria
MC00326,unclassified Geosporobacter,2644613,Bacillota,390805,Geosporobacter,3118657,Thermotaleaceae,3082720,Peptostreptococcales,186801,Clostridia,1239,Bacillota,2,Bacteria
MC00328,unclassified Hafniaceae,1993868,Pseudomonadota,.,.,1903412,Hafniaceae,91347,Enterobacterales,1236,Gammaproteobacteria,1224,Pseudomonadota,2,Bacteria
MC01408,unclassified Halomonadaceae,38769,Pseudomonadota,.,.,28256,Halomonadaceae,135619,Oceanospirillales,1236,Gammaproteobacteria,1224,Pseudomonadota,2,Bacteria
MC01006,unclassified Helicobacteraceae,1805212,Campylobacterota,.,.,72293,Helicobacteraceae,213849,Campylobacterales,3031852,Epsilonproteobacteria,29547,Campylobacterota,2,Bacteria
MC01692,unclassified Herpetosiphonales,3078743,Chloroflexota,.,.,.,.,189772,Herpetosiphonales,32061,Chloroflexia,200795,Chloroflexota,2,Bacteria
MC02943,unclassified Holophagaceae,1951928,Acidobacteriota,.,.,574976,Holophagaceae,574975,Holophagales,533205,Holophagae,57723,Acidobacteriota,2,Bacteria
MC02953,unclassified Holophagae,2073115,Acidobacteriota,.,.,.,.,.,.,533205,Holophagae,57723,Acidobacteriota,2,Bacteria
MC02928,unclassified Holophagales,1775601,Acidobacteriota,.,.,.,.,574975,Holophagales,533205,Holophagae,57723,Acidobacteriota,2,Bacteria
MC02929,unclassified Hydrogenophilaceae,1805217,Pseudomonadota,.,.,206349,Hydrogenophilaceae,119069,Hydrogenophilales,2008785,Hydrogenophilia,1224,Pseudomonadota,2,Bacteria
MC01445,unclassified Hyphomicrobiaceae,196771,Pseudomonadota,.,.,45401,Hyphomicrobiaceae,356,Hyphomicrobiales,28211,Alphaproteobacteria,1224,Pseudomonadota,2,Bacteria
MC01409,unclassified Hyphomicrobiales,41292,Pseudomonadota,.,.,.,.,356,Hyphomicrobiales,28211,Alphaproteobacteria,1224,Pseudomonadota,2,Bacteria
MC01420,unclassified Hyphomonadaceae,69658,Pseudomonadota,.,.,69657,Hyphomonadaceae,2800060,Hyphomonadales,28211,Alphaproteobacteria,1224,Pseudomonadota,2,Bacteria
MC02889,unclassified Idiomarinaceae,946227,Pseudomonadota,.,.,267893,Idiomarinaceae,135622,Alteromonadales,1236,Gammaproteobacteria,1224,Pseudomonadota,2,Bacteria
MC02808,unclassified Intrasporangiaceae,234440,Actinomycetota,.,.,85021,Intrasporangiaceae,85006,Micrococcales,1760,Actinomycetes,201174,Actinomycetota,2,Bacteria
MC00025,unclassified Lachnospiraceae,186928,Bacillota,.,.,186803,Lachnospiraceae,3085636,Lachnospirales,186801,Clostridia,1239,Bacillota,2,Bacteria
MC01424,unclassified Lactobacillaceae,81853,Bacillota,.,.,33958,Lactobacillaceae,186826,Lactobacillales,91061,Bacilli,1239,Bacillota,2,Bacteria
MC00329,unclassified Lactobacillales,263855,Bacillota,.,.,.,.,186826,Lactobacillales,91061,Bacilli,1239,Bacillota,2,Bacteria
MC02828,unclassified Lederbergvirus,329158,Uroviricota,186794,Lederbergvirus,.,.,.,.,2731619,Caudoviricetes,2731618,Uroviricota,2731360,Heunggongvirae
MC02913,unclassified Lentisphaeria,1368584,Lentisphaerota,.,.,.,.,.,.,1313211,Lentisphaeria,256845,Lentisphaerota,2,Bacteria
MC01467,unclassified Lentisphaerota,641407,Lentisphaerota,.,.,.,.,.,.,.,.,256845,Lentisphaerota,2,Bacteria
MC02911,unclassified Leptotrichiaceae,1334011,Fusobacteriota,.,.,1129771,Leptotrichiaceae,203491,Fusobacteriales,203490,Fusobacteriia,32066,Fusobacteriota,2,Bacteria
MC02896,unclassified Listeriaceae,1081735,Bacillota,.,.,186820,Listeriaceae,1385,Bacillales,91061,Bacilli,1239,Bacillota,2,Bacteria
MC03149,unclassified Lupinus,2630368,Streptophyta,3869,Lupinus,3803,Fabaceae,72025,Fabales,3398,Magnoliopsida,35493,Streptophyta,33090,Viridiplantae
MC02755,unclassified Lysobacteraceae,57609,Pseudomonadota,.,.,32033,Lysobacteraceae,135614,Lysobacterales,1236,Gammaproteobacteria,1224,Pseudomonadota,2,Bacteria
MC02865,unclassified Lysobacterales,451320,Pseudomonadota,.,.,.,.,135614,Lysobacterales,1236,Gammaproteobacteria,1224,Pseudomonadota,2,Bacteria
MC03417,unclassified Malasseziales,292467,Basidiomycota,.,.,.,.,162474,Malasseziales,1538075,Malasseziomycetes,5204,Basidiomycota,4751,Fungi
MC02773,unclassified Methanobacteriales,114580,Euryarchaeota,.,.,.,.,2158,Methanobacteriales,183925,Methanobacteria,28890,Euryarchaeota,2157,Archaea
MC02746,unclassified Methanomicrobiaceae,39662,Euryarchaeota,.,.,2194,Methanomicrobiaceae,2191,Methanomicrobiales,224756,Methanomicrobia,28890,Euryarchaeota,2157,Archaea
MC01442,unclassified Methylobacteriaceae,190021,Pseudomonadota,.,.,119045,Methylobacteriaceae,356,Hyphomicrobiales,28211,Alphaproteobacteria,1224,Pseudomonadota,2,Bacteria
MC02777,unclassified Methylophilaceae,119067,Pseudomonadota,.,.,32011,Methylophilaceae,32003,Nitrosomonadales,28216,Betaproteobacteria,1224,Pseudomonadota,2,Bacteria
MC02763,unclassified Microbacteriaceae,90316,Actinomycetota,.,.,85023,Microbacteriaceae,85006,Micrococcales,1760,Actinomycetes,201174,Actinomycetota,2,Bacteria
MC00229,unclassified Micrococcaceae,85329,Actinomycetota,.,.,1268,Micrococcaceae,85006,Micrococcales,1760,Actinomycetes,201174,Actinomycetota,2,Bacteria
MC02770,unclassified Micrococcales,99482,Actinomycetota,.,.,.,.,85006,Micrococcales,1760,Actinomycetes,201174,Actinomycetota,2,Bacteria
MC02757,unclassified Micromonosporaceae,82796,Actinomycetota,.,.,28056,Micromonosporaceae,85008,Micromonosporales,1760,Actinomycetes,201174,Actinomycetota,2,Bacteria
MC02956,unclassified Moineauvirus,2231643,Uroviricota,1623304,Moineauvirus,3044455,Aliceevansviridae,.,.,2731619,Caudoviricetes,2731618,Uroviricota,2731360,Heunggongvirae
MC00230,unclassified Mollicutes,1609545,Mycoplasmatota,.,.,.,.,.,.,31969,Mollicutes,544448,Mycoplasmatota,2,Bacteria
MC01413,unclassified Moraxellaceae,54393,Pseudomonadota,.,.,468,Moraxellaceae,2887326,Moraxellales,1236,Gammaproteobacteria,1224,Pseudomonadota,2,Bacteria
MC01508,unclassified Muribaculaceae,2006847,Bacteroidota,.,.,2005473,Muribaculaceae,171549,Bacteroidales,200643,Bacteroidia,976,Bacteroidota,2,Bacteria
MC02866,unclassified Muvirus,483265,Uroviricota,186777,Muvirus,.,.,.,.,2731619,Caudoviricetes,2731618,Uroviricota,2731360,Heunggongvirae
MC02759,unclassified Mycobacteriaceae,85024,Actinomycetota,.,.,1762,Mycobacteriaceae,85007,Mycobacteriales,1760,Actinomycetes,201174,Actinomycetota,2,Bacteria
MC02738,unclassified Mycobacteriales,85027,Actinomycetota,.,.,.,.,85007,Mycobacteriales,1760,Actinomycetes,201174,Actinomycetota,2,Bacteria
MC01473,unclassified Mycoplasmataceae,363695,Mycoplasmatota,.,.,2092,Mycoplasmataceae,2085,Mycoplasmatales,31969,Mollicutes,544448,Mycoplasmatota,2,Bacteria
MC00577,unclassified Mycoplasmatota,713063,Mycoplasmatota,.,.,.,.,.,.,.,.,544448,Mycoplasmatota,2,Bacteria
MC02802,unclassified Myxococcales,213495,Myxococcota,.,.,.,.,29,Myxococcales,32015,Myxococcia,2818505,Myxococcota,2,Bacteria
MC02938,unclassified Negativicutes,1948701,Bacillota,.,.,.,.,.,.,909932,Negativicutes,1239,Bacillota,2,Bacteria
MC01009,unclassified Neisseriaceae,421605,Pseudomonadota,.,.,481,Neisseriaceae,206351,Neisseriales,28216,Betaproteobacteria,1224,Pseudomonadota,2,Bacteria
MC01495,unclassified Neisseriales,1164357,Pseudomonadota,.,.,.,.,206351,Neisseriales,28216,Betaproteobacteria,1224,Pseudomonadota,2,Bacteria
MC03399,unclassified Nitrobacteraceae,3014064,Pseudomonadota,.,.,41294,Nitrobacteraceae,356,Hyphomicrobiales,28211,Alphaproteobacteria,1224,Pseudomonadota,2,Bacteria
MC00597,unclassified Nitrosomonadaceae,51643,Pseudomonadota,.,.,206379,Nitrosomonadaceae,32003,Nitrosomonadales,28216,Betaproteobacteria,1224,Pseudomonadota,2,Bacteria
MC02920,unclassified Nitrosomonadales,1660158,Pseudomonadota,.,.,.,.,32003,Nitrosomonadales,28216,Betaproteobacteria,1224,Pseudomonadota,2,Bacteria
MC02935,unclassified Nitrososphaeraceae,1915612,Nitrososphaerota,.,.,1033997,Nitrososphaeraceae,1033996,Nitrososphaerales,1643678,Nitrososphaeria,651137,Nitrososphaerota,2157,Archaea
MC02936,unclassified Nitrososphaerales,1915698,Nitrososphaerota,.,.,.,.,1033996,Nitrososphaerales,1643678,Nitrososphaeria,651137,Nitrososphaerota,2157,Archaea
MC02899,unclassified Nitrososphaerota,1104572,Nitrososphaerota,.,.,.,.,.,.,.,.,651137,Nitrososphaerota,2157,Archaea
MC02880,unclassified Nitrospiraceae,688163,Nitrospirota,.,.,189779,Nitrospiraceae,189778,Nitrospirales,203693,Nitrospiria,40117,Nitrospirota,2,Bacteria
MC02764,unclassified Nocardiaceae,90320,Actinomycetota,.,.,85025,Nocardiaceae,85007,Mycobacteriales,1760,Actinomycetes,201174,Actinomycetota,2,Bacteria
MC02774,unclassified Nocardioidaceae,116532,Actinomycetota,.,.,85015,Nocardioidaceae,85009,Propionibacteriales,1760,Actinomycetes,201174,Actinomycetota,2,Bacteria
MC01157,unclassified Nostocales,1219117,Cyanobacteriota,.,.,.,.,1161,Nostocales,3028117,Cyanophyceae,1117,Cyanobacteriota,2,Bacteria
MC02805,unclassified Oceanospirillaceae,221817,Pseudomonadota,.,.,135620,Oceanospirillaceae,135619,Oceanospirillales,1236,Gammaproteobacteria,1224,Pseudomonadota,2,Bacteria
MC00599,unclassified Oceanospirillales,439484,Pseudomonadota,.,.,.,.,135619,Oceanospirillales,1236,Gammaproteobacteria,1224,Pseudomonadota,2,Bacteria
MC01687,unclassified Odoribacteraceae,2872176,Bacteroidota,.,.,1853231,Odoribacteraceae,171549,Bacteroidales,200643,Bacteroidia,976,Bacteroidota,2,Bacteria
MC02963,unclassified Okubovirus,2562460,Uroviricota,1857845,Okubovirus,2560065,Herelleviridae,.,.,2731619,Caudoviricetes,2731618,Uroviricota,2731360,Heunggongvirae
MC02816,unclassified Opitutaceae,278955,Verrucomicrobiota,.,.,134623,Opitutaceae,415000,Opitutales,414999,Opitutia,74201,Verrucomicrobiota,2,Bacteria
MC02941,unclassified Opitutales,1951176,Verrucomicrobiota,.,.,.,.,415000,Opitutales,414999,Opitutia,74201,Verrucomicrobiota,2,Bacteria
MC00027,unclassified Oscillospiraceae,473772,Bacillota,.,.,216572,Oscillospiraceae,186802,Eubacteriales,186801,Clostridia,1239,Bacillota,2,Bacteria
MC01436,unclassified Oxalobacteraceae,119059,Pseudomonadota,.,.,75682,Oxalobacteraceae,80840,Burkholderiales,28216,Betaproteobacteria,1224,Pseudomonadota,2,Bacteria
MC01463,unclassified paenibacillaceae,234447,Bacillota,.,.,186822,Paenibacillaceae,1385,Bacillales,91061,Bacilli,1239,Bacillota,2,Bacteria
MC02767,unclassified Parachlamydiaceae,95305,Chlamydiota,.,.,92713,Parachlamydiaceae,1963360,Parachlamydiales,204429,Chlamydiia,204428,Chlamydiota,2,Bacteria
MC01418,unclassified Pasteurellaceae,67757,Pseudomonadota,.,.,712,Pasteurellaceae,135625,Pasteurellales,1236,Gammaproteobacteria,1224,Pseudomonadota,2,Bacteria
MC02902,unclassified Pasteurellales,1164433,Pseudomonadota,.,.,.,.,135625,Pasteurellales,1236,Gammaproteobacteria,1224,Pseudomonadota,2,Bacteria
MC03400,unclassified Patulibacteraceae,3014072,Actinomycetota,.,.,361606,Patulibacteraceae,588673,Solirubrobacterales,1497346,Thermoleophilia,201174,Actinomycetota,2,Bacteria
MC00600,unclassified Peptococcaceae,208050,Bacillota,.,.,186807,Peptococcaceae,186802,Eubacteriales,186801,Clostridia,1239,Bacillota,2,Bacteria
MC02922,unclassified Peptoniphilaceae,1689302,Bacillota,.,.,1570339,Peptoniphilaceae,1737405,Tissierellales,1737404,Tissierellia,1239,Bacillota,2,Bacteria
MC00601,unclassified Peptostreptococcaceae,1411023,Bacillota,.,.,186804,Peptostreptococcaceae,3082720,Peptostreptococcales,186801,Clostridia,1239,Bacillota,2,Bacteria
MC02873,unclassified Phikmvvirus,627479,Uroviricota,477967,Phikmvvirus,2731643,Autographiviridae,.,.,2731619,Caudoviricetes,2731618,Uroviricota,2731360,Heunggongvirae
MC02908,unclassified Phikzvirus,1231361,Uroviricota,680115,Phikzvirus,.,.,.,.,2731619,Caudoviricetes,2731618,Uroviricota,2731360,Heunggongvirae
MC02918,unclassified Phycisphaerae,1546154,Planctomycetota,.,.,.,.,.,.,666505,Phycisphaerae,203682,Planctomycetota,2,Bacteria
MC00603,unclassified Phyllobacteriaceae,102274,Pseudomonadota,.,.,69277,Phyllobacteriaceae,356,Hyphomicrobiales,28211,Alphaproteobacteria,1224,Pseudomonadota,2,Bacteria
MC03380,unclassified Pirellulaceae,2699753,Planctomycetota,.,.,2691357,Pirellulaceae,2691354,Pirellulales,203683,Planctomycetia,203682,Planctomycetota,2,Bacteria
MC02817,unclassified Piscirickettsiaceae,284244,Pseudomonadota,.,.,135616,Piscirickettsiaceae,72273,Thiotrichales,1236,Gammaproteobacteria,1224,Pseudomonadota,2,Bacteria
MC01486,unclassified Planctomycetia,573133,Planctomycetota,.,.,.,.,.,.,203683,Planctomycetia,203682,Planctomycetota,2,Bacteria
MC01443,unclassified Planococcaceae,194985,Bacillota,.,.,186818,Planococcaceae,1385,Bacillales,91061,Bacilli,1239,Bacillota,2,Bacteria
MC02954,unclassified Pneumoviridae,2133750,Negarnaviricota,.,.,11244,Pneumoviridae,11157,Mononegavirales,2497574,Monjiviricetes,2497569,Negarnaviricota,2732396,Orthornavirae
MC02756,unclassified Polyangiaceae,80814,Myxococcota,.,.,49,Polyangiaceae,3031712,Polyangiales,.,.,2818505,Myxococcota,2,Bacteria
MC03397,unclassified Polydnaviriformidae,2961017,Unclear phylum,.,.,2946196,Polydnaviriformidae,.,.,.,.,.,.,10239,Viruses
MC00604,unclassified Porphyromonadaceae,361210,Bacteroidota,.,.,171551,Porphyromonadaceae,171549,Bacteroidales,200643,Bacteroidia,976,Bacteroidota,2,Bacteria
MC00605,unclassified Prevotellaceae,224765,Bacteroidota,.,.,171552,Prevotellaceae,171549,Bacteroidales,200643,Bacteroidia,976,Bacteroidota,2,Bacteria
MC02820,unclassified Promicromonosporaceae,305063,Actinomycetota,.,.,85017,Promicromonosporaceae,85006,Micrococcales,1760,Actinomycetes,201174,Actinomycetota,2,Bacteria
MC02790,unclassified Propionibacteriaceae,185283,Actinomycetota,.,.,31957,Propionibacteriaceae,85009,Propionibacteriales,1760,Actinomycetes,201174,Actinomycetota,2,Bacteria
MC02740,unclassified Propionibacteriales,2015800,Actinomycetota,.,.,.,.,85009,Propionibacteriales,1760,Actinomycetes,201174,Actinomycetota,2,Bacteria
MC01011,unclassified Proteobacteria,81684,Pseudomonadota,.,.,.,.,.,.,.,.,1224,Pseudomonadota,2,Bacteria
MC02945,unclassified Pseudobdellovibrionaceae,1961502,Bdellovibrionota,.,.,213483,Pseudobdellovibrionaceae,213481,Bdellovibrionales,3031418,Bdellovibrionia,3018035,Bdellovibrionota,2,Bacteria
MC00569,unclassified Pseudocera,2625704,Arthropoda,1256383,Pseudocera,7135,Pyralidae,7088,Lepidoptera,50557,Insecta,6656,Arthropoda,33208,Metazoa
MC01441,unclassified Pseudomonadaceae,190017,Pseudomonadota,.,.,135621,Pseudomonadaceae,72274,Pseudomonadales,1236,Gammaproteobacteria,1224,Pseudomonadota,2,Bacteria
MC01427,unclassified Pseudomonadales,87634,Pseudomonadota,.,.,.,.,72274,Pseudomonadales,1236,Gammaproteobacteria,1224,Pseudomonadota,2,Bacteria
MC02771,unclassified Pseudonocardiaceae,103960,Actinomycetota,.,.,2070,Pseudonocardiaceae,85010,Pseudonocardiales,1760,Actinomycetes,201174,Actinomycetota,2,Bacteria
MC02879,unclassified Pseudonocardiales,664783,Actinomycetota,.,.,.,.,85010,Pseudonocardiales,1760,Actinomycetes,201174,Actinomycetota,2,Bacteria
MC02829,unclassified Punavirus,329160,Uroviricota,186789,Punavirus,.,.,.,.,2731619,Caudoviricetes,2731618,Uroviricota,2731360,Heunggongvirae
MC02946,unclassified Puniceicoccaceae,1986243,Verrucomicrobiota,.,.,415002,Puniceicoccaceae,415001,Puniceicoccales,414999,Opitutia,74201,Verrucomicrobiota,2,Bacteria
MC02977,unclassified Ravinvirus,2604831,Uroviricota,308911,Ravinvirus,.,.,.,.,2731619,Caudoviricetes,2731618,Uroviricota,2731360,Heunggongvirae
MC01489,unclassified Rhabdochlamydiaceae,689705,Chlamydiota,.,.,689704,Rhabdochlamydiaceae,1963360,Parachlamydiales,204429,Chlamydiia,204428,Chlamydiota,2,Bacteria
MC02762,unclassified Rhizobiaceae,90141,Pseudomonadota,.,.,82115,Rhizobiaceae,356,Hyphomicrobiales,28211,Alphaproteobacteria,1224,Pseudomonadota,2,Bacteria
MC01416,unclassified Rhodobacteraceae,58840,Pseudomonadota,.,.,31989,Paracoccaceae,204455,Rhodobacterales,28211,Alphaproteobacteria,1224,Pseudomonadota,2,Bacteria
MC02818,unclassified Rhodobacterales,285892,Pseudomonadota,.,.,.,.,204455,Rhodobacterales,28211,Alphaproteobacteria,1224,Pseudomonadota,2,Bacteria
MC00606,unclassified Rhodocyclaceae,75788,Pseudomonadota,.,.,75787,Rhodocyclaceae,206389,Rhodocyclales,28216,Betaproteobacteria,1224,Pseudomonadota,2,Bacteria
MC00607,unclassified Rhodocyclales,451256,Pseudomonadota,.,.,.,.,206389,Rhodocyclales,28216,Betaproteobacteria,1224,Pseudomonadota,2,Bacteria
MC01013,unclassified Rhodospirillaceae,41296,Pseudomonadota,.,.,41295,Rhodospirillaceae,204441,Rhodospirillales,28211,Alphaproteobacteria,1224,Pseudomonadota,2,Bacteria
MC02888,unclassified Rhodospirillales,941843,Pseudomonadota,.,.,.,.,204441,Rhodospirillales,28211,Alphaproteobacteria,1224,Pseudomonadota,2,Bacteria
MC02923,unclassified Rickettsiales,1699067,Pseudomonadota,.,.,.,.,766,Rickettsiales,28211,Alphaproteobacteria,1224,Pseudomonadota,2,Bacteria
MC01726,unclassified Rikenellaceae,433337,Bacteroidota,.,.,171550,Rikenellaceae,171549,Bacteroidales,200643,Bacteroidia,976,Bacteroidota,2,Bacteria
MC02863,unclassified Roseolovirus,431037,Peploviricota,40272,Roseolovirus,3044472,Orthoherpesviridae,548681,Herpesvirales,2731363,Herviviricetes,2731361,Peploviricota,2731360,Heunggongvirae
MC02894,unclassified Rubrobacteraceae,1017353,Actinomycetota,.,.,84997,Rubrobacteraceae,84996,Rubrobacterales,84995,Rubrobacteria,201174,Actinomycetota,2,Bacteria
MC02849,unclassified Rubrobacterales,388257,Actinomycetota,.,.,.,.,84996,Rubrobacterales,84995,Rubrobacteria,201174,Actinomycetota,2,Bacteria
MC02791,unclassified Rubrobacteria,191842,Actinomycetota,.,.,.,.,.,.,84995,Rubrobacteria,201174,Actinomycetota,2,Bacteria
MC01504,unclassified Saccharibacteria,1895827,Candidatus Saccharibacteria,.,.,.,.,.,.,.,.,95818,Candidatus Saccharibacteria,2,Bacteria
MC01014,unclassified Saprospiraceae,234684,Bacteroidota,.,.,89374,Saprospiraceae,1936988,Saprospirales,1937959,Saprospiria,976,Bacteroidota,2,Bacteria
MC01509,unclassified Saprospirales,2019999,Bacteroidota,.,.,.,.,1936988,Saprospirales,1937959,Saprospiria,976,Bacteroidota,2,Bacteria
MC03406,unclassified Saprospiria,3106869,Bacteroidota,.,.,.,.,.,.,1937959,Saprospiria,976,Bacteroidota,2,Bacteria
MC02944,unclassified Selenomonadaceae,1953020,Bacillota,.,.,1843491,Selenomonadaceae,909929,Selenomonadales,909932,Negativicutes,1239,Bacillota,2,Bacteria
MC01503,unclassified Selenomonadales,1806835,Bacillota,.,.,.,.,909929,Selenomonadales,909932,Negativicutes,1239,Bacillota,2,Bacteria
MC02868,unclassified Shewanellaceae,496838,Pseudomonadota,.,.,267890,Shewanellaceae,135622,Alteromonadales,1236,Gammaproteobacteria,1224,Pseudomonadota,2,Bacteria
MC02957,unclassified Silene,2316011,Streptophyta,3573,Silene,3568,Caryophyllaceae,3524,Caryophyllales,3398,Magnoliopsida,35493,Streptophyta,33090,Viridiplantae
MC01490,unclassified Sinobacteraceae,694019,Pseudomonadota,.,.,568386,Nevskiaceae,1775403,Nevskiales,1236,Gammaproteobacteria,1224,Pseudomonadota,2,Bacteria
MC02932,unclassified Sinsheimervirus,1910975,Phixviricota,1910954,Sinsheimervirus,10841,Microviridae,2732414,Petitvirales,2732413,Malgrandaviricetes,2732412,Phixviricota,2732091,Sangervirae
MC02912,unclassified Solirubrobacterales,1363568,Actinomycetota,.,.,.,.,588673,Solirubrobacterales,1497346,Thermoleophilia,201174,Actinomycetota,2,Bacteria
MC01439,unclassified Sphingobacteria,180495,Bacteroidota,.,.,.,.,.,.,117747,Sphingobacteriia,976,Bacteroidota,2,Bacteria
MC02758,unclassified Sphingobacteriaceae,84568,Bacteroidota,.,.,84566,Sphingobacteriaceae,200666,Sphingobacteriales,117747,Sphingobacteriia,976,Bacteroidota,2,Bacteria
MC02797,unclassified Sphingobacteriales,203473,Bacteroidota,.,.,.,.,200666,Sphingobacteriales,117747,Sphingobacteriia,976,Bacteroidota,2,Bacteria
MC02778,unclassified Sphingomonadaceae,122612,Pseudomonadota,.,.,41297,Sphingomonadaceae,204457,Sphingomonadales,28211,Alphaproteobacteria,1224,Pseudomonadota,2,Bacteria
MC01477,unclassified Sphingomonadales,451299,Pseudomonadota,.,.,.,.,204457,Sphingomonadales,28211,Alphaproteobacteria,1224,Pseudomonadota,2,Bacteria
MC02745,unclassified Spirochaetaceae,38780,Spirochaetota,.,.,137,Spirochaetaceae,136,Spirochaetales,203692,Spirochaetia,203691,Spirochaetota,2,Bacteria
MC01458,unclassified Spirochaetales,233070,Spirochaetota,.,.,.,.,136,Spirochaetales,203692,Spirochaetia,203691,Spirochaetota,2,Bacteria
MC01459,unclassified Spirochaetia,1948754,Spirochaetota,.,.,.,.,.,.,203692,Spirochaetia,203691,Spirochaetota,2,Bacteria
MC01431,unclassified Spiroplasmataceae,100481,Mycoplasmatota,.,.,2131,Spiroplasmataceae,186328,Entomoplasmatales,31969,Mollicutes,544448,Mycoplasmatota,2,Bacteria
MC00610,unclassified Staphylococcaceae,111016,Bacillota,.,.,90964,Staphylococcaceae,1385,Bacillales,91061,Bacilli,1239,Bacillota,2,Bacteria
MC00611,unclassified Streptococcaceae,42112,Bacillota,.,.,1300,Streptococcaceae,186826,Lactobacillales,91061,Bacilli,1239,Bacillota,2,Bacteria
MC02883,unclassified Succinivibrionaceae,758827,Pseudomonadota,.,.,83763,Succinivibrionaceae,135624,Aeromonadales,1236,Gammaproteobacteria,1224,Pseudomonadota,2,Bacteria
MC01497,unclassified Sutterellaceae,1507525,Pseudomonadota,.,.,995019,Sutterellaceae,80840,Burkholderiales,28216,Betaproteobacteria,1224,Pseudomonadota,2,Bacteria
MC02892,unclassified Synergistaceae,1005739,Synergistota,.,.,649777,Synergistaceae,649776,Synergistales,649775,Synergistia,508458,Synergistota,2,Bacteria
MC02901,unclassified Synergistales,1151719,Synergistota,.,.,.,.,649776,Synergistales,649775,Synergistia,508458,Synergistota,2,Bacteria
MC02869,unclassified Synergistota,508677,Synergistota,.,.,.,.,.,.,.,.,508458,Synergistota,2,Bacteria
MC02884,unclassified Syntrophobacteraceae,869804,Thermodesulfobacteriota,.,.,213465,Syntrophobacteraceae,213462,Syntrophobacterales,3024408,Syntrophobacteria,200940,Thermodesulfobacteriota,2,Bacteria
MC02810,unclassified Syntrophomonadaceae,241558,Bacillota,.,.,68298,Syntrophomonadaceae,186802,Eubacteriales,186801,Clostridia,1239,Bacillota,2,Bacteria
MC01483,unclassified Tenericutes,713063,Mycoplasmatota,.,.,.,.,.,.,.,.,544448,Mycoplasmatota,2,Bacteria
MC02964,unclassified Tequatrovirus,2562645,Uroviricota,10663,Tequatrovirus,2946170,Straboviridae,.,.,2731619,Caudoviricetes,2731618,Uroviricota,2731360,Heunggongvirae
MC02955,unclassified Terriglobia,2169411,Acidobacteriota,.,.,.,.,.,.,204432,Terriglobia,57723,Acidobacteriota,2,Bacteria
MC02885,unclassified Thermaceae,874265,Deinococcota,.,.,188786,Thermaceae,68933,Thermales,188787,Deinococci,1297,Deinococcota,2,Bacteria
MC02871,unclassified Thermales,515246,Deinococcota,.,.,.,.,68933,Thermales,188787,Deinococci,1297,Deinococcota,2,Bacteria
MC03407,unclassified Thermodesulfobiaceae,3106898,Thermodesulfobiota,.,.,227387,Thermodesulfobiaceae,3002444,Thermodesulfobiales,3002443,Thermodesulfobiia,3002442,Thermodesulfobiota,2,Bacteria
MC02775,unclassified Thermomonosporaceae,116542,Actinomycetota,.,.,2012,Thermomonosporaceae,85012,Streptosporangiales,1760,Actinomycetes,201174,Actinomycetota,2,Bacteria
MC02867,unclassified Thermoprotei,490896,Thermoproteota,.,.,.,.,.,.,183924,Thermoprotei,28889,Thermoproteota,2157,Archaea
MC01454,unclassified Thermotogota,1130326,Thermotogota,.,.,.,.,.,.,.,.,200918,Thermotogota,2,Bacteria
MC02815,unclassified Thiotrichaceae,269023,Pseudomonadota,.,.,135617,Thiotrichaceae,72273,Thiotrichales,1236,Gammaproteobacteria,1224,Pseudomonadota,2,Bacteria
MC02887,unclassified Thiotrichales,939858,Pseudomonadota,.,.,.,.,72273,Thiotrichales,1236,Gammaproteobacteria,1224,Pseudomonadota,2,Bacteria
MC01512,unclassified Tissierellaceae,2562713,Bacillota,.,.,1737406,Tissierellaceae,1737405,Tissierellales,1737404,Tissierellia,1239,Bacillota,2,Bacteria
MC02949,unclassified Trueperaceae,2026797,Deinococcota,.,.,332247,Trueperaceae,2762275,Trueperales,188787,Deinococci,1297,Deinococcota,2,Bacteria
MC01688,unclassified Turicibacteraceae,2952978,Bacillota,.,.,2810281,Turicibacteraceae,526525,Erysipelotrichales,526524,Erysipelotrichia,1239,Bacillota,2,Bacteria
MC03387,unclassified Twortvirus,2788670,Uroviricota,1857846,Twortvirus,2560065,Herelleviridae,.,.,2731619,Caudoviricetes,2731618,Uroviricota,2731360,Heunggongvirae
MC02907,unclassified Uetakevirus,1231360,Uroviricota,542960,Uetakevirus,.,.,.,.,2731619,Caudoviricetes,2731618,Uroviricota,2731360,Heunggongvirae
MC00235,Unclassified Veillonellaceae,42214,Bacillota,.,.,31977,Veillonellaceae,1843489,Veillonellales,909932,Negativicutes,1239,Bacillota,2,Bacteria
MC00613,unclassified Verrucomicrobiaceae,490346,Verrucomicrobiota,.,.,203557,Verrucomicrobiaceae,48461,Verrucomicrobiales,203494,Verrucomicrobiia,74201,Verrucomicrobiota,2,Bacteria
MC00573,unclassified Verrucomicrobiae,481447,Verrucomicrobiota,.,.,.,.,.,.,203494,Verrucomicrobiia,74201,Verrucomicrobiota,2,Bacteria
MC01474,unclassified Verrucomicrobiales,388747,Verrucomicrobiota,.,.,.,.,48461,Verrucomicrobiales,203494,Verrucomicrobiia,74201,Verrucomicrobiota,2,Bacteria
MC01421,unclassified Verrucomicrobiota,417295,Verrucomicrobiota,.,.,.,.,.,.,.,.,74201,Verrucomicrobiota,2,Bacteria
MC02780,unclassified Vibrionaceae,130818,Pseudomonadota,.,.,641,Vibrionaceae,135623,Vibrionales,1236,Gammaproteobacteria,1224,Pseudomonadota,2,Bacteria
MC02850,unclassified Vibrionales,391573,Pseudomonadota,.,.,.,.,135623,Vibrionales,1236,Gammaproteobacteria,1224,Pseudomonadota,2,Bacteria
MC01487,unclassified Victivallaceae,573637,Lentisphaerota,.,.,255528,Victivallaceae,278082,Victivallales,1313211,Lentisphaeria,256845,Lentisphaerota,2,Bacteria
MC02921,unclassified Victivallales,1674876,Lentisphaerota,.,.,.,.,278082,Victivallales,1313211,Lentisphaeria,256845,Lentisphaerota,2,Bacteria
MC02842,unclassified Xanthobacteraceae,363886,Pseudomonadota,.,.,335928,Xanthobacteraceae,356,Hyphomicrobiales,28211,Alphaproteobacteria,1224,Pseudomonadota,2,Bacteria
MC02890,unclassified Zindervirus,979725,Uroviricota,542837,Zindervirus,2731643,Autographiviridae,.,.,2731619,Caudoviricetes,2731618,Uroviricota,2731360,Heunggongvirae
MC03419,uncultured Allomonas sp.,480477,Pseudomonadota,80853,Allomonas,641,Vibrionaceae,135623,Vibrionales,1236,Gammaproteobacteria,1224,Pseudomonadota,2,Bacteria
MC03408,uncultured Anaeroplasmatales bacterium,1159227,Mycoplasmatota,.,.,.,.,186332,Anaeroplasmatales,31969,Mollicutes,544448,Mycoplasmatota,2,Bacteria
MC01484,uncultured Asaccharobacter,553372,Actinomycetota,553372,Asaccharobacter,1643826,Eggerthellaceae,1643822,Eggerthellales,84998,Coriobacteriia,201174,Actinomycetota,2,Bacteria
MC03420,uncultured Asteroleplasma sp.,446074,Mycoplasmatota,2152,Asteroleplasma,186333,Anaeroplasmataceae,186332,Anaeroplasmatales,31969,Mollicutes,544448,Mycoplasmatota,2,Bacteria
MC01061,uncultured bacterium,77133,Unclear phylum,.,.,.,.,.,.,.,.,.,.,2,Bacteria
MC02689,uncultured Bacteroidales bacterium,194843,Bacteroidota,.,.,.,.,171549,Bacteroidales,200643,Bacteroidia,976,Bacteroidota,2,Bacteria
MC01720,uncultured Bacteroidales family S24-7,152509,Bacteroidota,.,.,.,.,.,.,.,.,976,Bacteroidota,2,Bacteria
MC03426,uncultured Carboxydothermus sp.,263864,Bacillota,129957,Carboxydothermus,186814,Thermoanaerobacteraceae,68295,Thermoanaerobacterales,186801,Clostridia,1239,Bacillota,2,Bacteria
MC02690,uncultured Clostridium sp.,59620,Bacillota,1485,Clostridium,31979,Clostridiaceae,186802,Eubacteriales,186801,Clostridia,1239,Bacillota,2,Bacteria
MC03427,uncultured Constrictibacter sp.,1561231,Pseudomonadota,1076933,Constrictibacter,2844601,Stellaceae,204441,Rhodospirillales,28211,Alphaproteobacteria,1224,Pseudomonadota,2,Bacteria
MC02691,uncultured Corynebacteriaceae bacterium,391742,Actinomycetota,.,.,1653,Corynebacteriaceae,85007,Mycobacteriales,1760,Actinomycetes,201174,Actinomycetota,2,Bacteria
MC03429,uncultured Desulfohalobium sp.,994914,Thermodesulfobacteriota,45662,Desulfohalobium,213117,Desulfohalobiaceae,213115,Desulfovibrionales,3031449,Desulfovibrionia,200940,Thermodesulfobacteriota,2,Bacteria
MC03430,uncultured Dichelobacter sp.,543047,Pseudomonadota,869,Dichelobacter,868,Cardiobacteriaceae,135615,Cardiobacteriales,1236,Gammaproteobacteria,1224,Pseudomonadota,2,Bacteria
MC03431,uncultured Ethanoligenens sp.,286556,Bacillota,253238,Ethanoligenens,216572,Oscillospiraceae,186802,Eubacteriales,186801,Clostridia,1239,Bacillota,2,Bacteria
MC02716,uncultured Eubacteriales bacterium,172733,Bacillota,.,.,.,.,186802,Eubacteriales,186801,Clostridia,1239,Bacillota,2,Bacteria
MC01071,uncultured Flavobacteriaceae bacterium,165436,Bacteroidota,.,.,49546,Flavobacteriaceae,200644,Flavobacteriales,117743,Flavobacteriia,976,Bacteroidota,2,Bacteria
MC03434,uncultured Howardella sp.,768570,Bacillota,404402,Howardella,.,.,186802,Eubacteriales,186801,Clostridia,1239,Bacillota,2,Bacteria
MC03439,uncultured Parascardovia sp.,372022,Actinomycetota,196082,Parascardovia,31953,Bifidobacteriaceae,85004,Bifidobacteriales,1760,Actinomycetes,201174,Actinomycetota,2,Bacteria
MC02692,uncultured Prevotellaceae bacterium,370804,Bacteroidota,.,.,171552,Prevotellaceae,171549,Bacteroidales,200643,Bacteroidia,976,Bacteroidota,2,Bacteria
MC03461,uncultured Procabacteriaceae bacterium,1169646,Pseudomonadota,.,.,224469,Procabacteriaceae,224468,Procabacteriales,28216,Betaproteobacteria,1224,Pseudomonadota,2,Bacteria
MC03410,uncultured Procabacteriales bacterium,2072691,Pseudomonadota,.,.,.,.,224468,Procabacteriales,28216,Betaproteobacteria,1224,Pseudomonadota,2,Bacteria
MC02693,uncultured Selenomonas sp.,159275,Bacillota,970,Selenomonas,1843491,Selenomonadaceae,909929,Selenomonadales,909932,Negativicutes,1239,Bacillota,2,Bacteria
MC01077,uncultured Shigella sp.,286134,Pseudomonadota,620,Shigella,543,Enterobacteriaceae,91347,Enterobacterales,1236,Gammaproteobacteria,1224,Pseudomonadota,2,Bacteria
MC02694,uncultured Spirochaeta sp.,174390,Spirochaetota,146,Spirochaeta,137,Spirochaetaceae,136,Spirochaetales,203692,Spirochaetia,203691,Spirochaetota,2,Bacteria
MC02695,uncultured Stomatobaculum sp.,1662277,Bacillota,1213720,Stomatobaculum,186803,Lachnospiraceae,3085636,Lachnospirales,186801,Clostridia,1239,Bacillota,2,Bacteria
MC03446,uncultured Succinispira sp.,548271,Bacillota,78119,Succinispira,909930,Acidaminococcaceae,1843488,Acidaminococcales,909932,Negativicutes,1239,Bacillota,2,Bacteria
MC02696,uncultured Succinivibrionaceae bacterium,538960,Pseudomonadota,.,.,83763,Succinivibrionaceae,135624,Aeromonadales,1236,Gammaproteobacteria,1224,Pseudomonadota,2,Bacteria
MC03450,uncultured Tropheryma sp.,316091,Actinomycetota,2038,Tropheryma,2805591,Tropherymataceae,85006,Micrococcales,1760,Actinomycetes,201174,Actinomycetota,2,Bacteria
MC02697,uncultured Veillonellaceae bacterium,194923,Bacillota,.,.,31977,Veillonellaceae,1843489,Veillonellales,909932,Negativicutes,1239,Bacillota,2,Bacteria
MC03451,uncultured Vibrionimonas sp.,1748248,Bacteroidota,1649511,Vibrionimonas,563835,Chitinophagaceae,1853229,Chitinophagales,1853228,Chitinophagia,976,Bacteroidota,2,Bacteria
MC03148,Undibacterium sp.,1914977,Pseudomonadota,401469,Undibacterium,75682,Oxalobacteraceae,80840,Burkholderiales,28216,Betaproteobacteria,1224,Pseudomonadota,2,Bacteria
MC00264,Unidentified anaerobic bacterium,29565,Unclear phylum,.,.,.,.,.,.,.,.,.,.,2,Bacteria
MC02698,Unidentified bacterium ZF3,130789,Unclear phylum,.,.,.,.,.,.,.,.,.,.,2,Bacteria
MC02699,unidentified human coronavirus,694448,Pisuviricota,.,.,11118,Coronaviridae,76804,Nidovirales,2732506,Pisoniviricetes,2732408,Pisuviricota,2732396,Orthornavirae
MC03454,Unspecified Aphanothecaceae,1890450,Cyanobacteriota,.,.,1890450,Aphanothecaceae,1118,Chroococcales,3028117,Cyanophyceae,1117,Cyanobacteriota,2,Bacteria
MC03455,Unspecified Entylomataceae,62635,Basidiomycota,.,.,62635,Entylomataceae,62914,Entylomatales,452283,Exobasidiomycetes,5204,Basidiomycota,4751,Fungi
MC03457,Unspecified Herpesviridae,10292,Peploviricota,.,.,10292,Herpesviridae,548681,Herpesvirales,2731363,Herviviricetes,2731361,Peploviricota,2731360,Heunggongvirae
MC03458,Unspecified Lipomycetaceae,29827,Ascomycota,.,.,29827,Lipomycetaceae,4892,Saccharomycetales,4891,Saccharomycetes,4890,Ascomycota,4751,Fungi
MC03463,Unspecified Methanobacteria,183925,Euryarchaeota,.,.,.,.,.,.,183925,Methanobacteria,28890,Euryarchaeota,2157,Archaea
MC03440,Unspecified Peptoanaerobacter,1913599,Bacillota,1913599,Peptoanaerobacter,3118655,Filifactoraceae,3082720,Peptostreptococcales,186801,Clostridia,1239,Bacillota,2,Bacteria
MC03441,Unspecified Pilatoporus,103856,Basidiomycota,103856,Pilatoporus,1769247,Fomitopsidaceae,5303,Polyporales,155619,Agaricomycetes,5204,Basidiomycota,4751,Fungi
MC03459,Unspecified Pisolithaceae,227329,Basidiomycota,.,.,227329,Pisolithaceae,68889,Boletales,155619,Agaricomycetes,5204,Basidiomycota,4751,Fungi
MC03464,Unspecified Pneumocystomycetes,147553,Ascomycota,.,.,.,.,.,.,147553,Pneumocystomycetes,4890,Ascomycota,4751,Fungi
MC03465,Unspecified Synergistia,649775,Synergistota,.,.,.,.,.,.,649775,Synergistia,508458,Synergistota,2,Bacteria
MC03449,Unspecified Toxocara,6264,Nematoda,6264,Toxocara,33259,Toxocaridae,6236,Rhabditida,119089,Chromadorea,6231,Nematoda,33208,Metazoa
MC02700,Ureaplasma parvum,134821,Mycoplasmatota,2129,Ureaplasma,2790998,Mycoplasmoidaceae,2790996,Mycoplasmoidales,.,.,544448,Mycoplasmatota,2,Bacteria
MC01771,Ureaplasma sp.,1965234,Mycoplasmatota,2129,Ureaplasma,2790998,Mycoplasmoidaceae,2790996,Mycoplasmoidales,.,.,544448,Mycoplasmatota,2,Bacteria
MC02701,Ureaplasma urealyticum,2130,Mycoplasmatota,2129,Ureaplasma,2790998,Mycoplasmoidaceae,2790996,Mycoplasmoidales,.,.,544448,Mycoplasmatota,2,Bacteria
MC02702,Urechidicola croceus,1850246,Bacteroidota,2700084,Urechidicola,49546,Flavobacteriaceae,200644,Flavobacteriales,117743,Flavobacteriia,976,Bacteroidota,2,Bacteria
MC03245,Ureibacillus sp.,1965307,Bacillota,160795,Ureibacillus,186818,Planococcaceae,1385,Bacillales,91061,Bacilli,1239,Bacillota,2,Bacteria
MC03017,Uruburuella sp.,2930032,Pseudomonadota,299568,Uruburuella,481,Neisseriaceae,206351,Neisseriales,28216,Betaproteobacteria,1224,Pseudomonadota,2,Bacteria
MC02862,Ustilaginaceae sp.,2011763,Basidiomycota,.,.,5268,Ustilaginaceae,5267,Ustilaginales,5257,Ustilaginomycetes,5204,Basidiomycota,4751,Fungi
MC03335,Vagococcus sp.,1933889,Bacillota,2737,Vagococcus,81852,Enterococcaceae,186826,Lactobacillales,91061,Bacilli,1239,Bacillota,2,Bacteria
MC02703,Vairimorpha apis,35231,Microsporidia,6038,Vairimorpha,27974,Nosematidae,.,.,.,.,6029,Microsporidia,4751,Fungi
MC03231,Vampirovibrio sp.,2717857,Candidatus Melainabacteria,213484,Vampirovibrio,.,.,2211217,Vampirovibrionales,3118680,Vampirovibriophyceae,1798710,Candidatus Melainabacteria,2,Bacteria
MC00489,Varibaculum cambriense,184870,Actinomycetota,184869,Varibaculum,2049,Actinomycetaceae,2037,Actinomycetales,1760,Actinomycetes,201174,Actinomycetota,2,Bacteria
MC03348,Varibaculum sp.,1895474,Actinomycetota,184869,Varibaculum,2049,Actinomycetaceae,2037,Actinomycetales,1760,Actinomycetes,201174,Actinomycetota,2,Bacteria
MC03198,Variibacter sp.,1979211,Pseudomonadota,1649510,Variibacter,41294,Nitrobacteraceae,356,Hyphomicrobiales,28211,Alphaproteobacteria,1224,Pseudomonadota,2,Bacteria
MC02704,Variovorax guangxiensis,1775474,Pseudomonadota,34072,Variovorax,80864,Comamonadaceae,80840,Burkholderiales,28216,Betaproteobacteria,1224,Pseudomonadota,2,Bacteria
MC00399,Variovorax paradoxus,34073,Pseudomonadota,34072,Variovorax,80864,Comamonadaceae,80840,Burkholderiales,28216,Betaproteobacteria,1224,Pseudomonadota,2,Bacteria
MC02878,Variovorax sp.,1871043,Pseudomonadota,34072,Variovorax,80864,Comamonadaceae,80840,Burkholderiales,28216,Betaproteobacteria,1224,Pseudomonadota,2,Bacteria
MC01049,Veillonella atypica,39777,Bacillota,29465,Veillonella,31977,Veillonellaceae,1843489,Veillonellales,909932,Negativicutes,1239,Bacillota,2,Bacteria
MC01050,Veillonella dispar,39778,Bacillota,29465,Veillonella,31977,Veillonellaceae,1843489,Veillonellales,909932,Negativicutes,1239,Bacillota,2,Bacteria
MC02705,Veillonella montpellierensis,187328,Bacillota,29465,Veillonella,31977,Veillonellaceae,1843489,Veillonellales,909932,Negativicutes,1239,Bacillota,2,Bacteria
MC00236,Veillonella parvula,29466,Bacillota,29465,Veillonella,31977,Veillonellaceae,1843489,Veillonellales,909932,Negativicutes,1239,Bacillota,2,Bacteria
MC02706,Veillonella ratti,103892,Bacillota,29465,Veillonella,31977,Veillonellaceae,1843489,Veillonellales,909932,Negativicutes,1239,Bacillota,2,Bacteria
MC02707,Veillonella rogosae,423477,Bacillota,29465,Veillonella,31977,Veillonellaceae,1843489,Veillonellales,909932,Negativicutes,1239,Bacillota,2,Bacteria
MC00612,Veillonella sp.,1926307,Bacillota,29465,Veillonella,31977,Veillonellaceae,1843489,Veillonellales,909932,Negativicutes,1239,Bacillota,2,Bacteria
MC01235,Veillonella sp. 6_1_27,450749,Bacillota,29465,Veillonella,31977,Veillonellaceae,1843489,Veillonellales,909932,Negativicutes,1239,Bacillota,2,Bacteria
MC01102,Veillonella sp. oral taxon 158,671228,Bacillota,29465,Veillonella,31977,Veillonellaceae,1843489,Veillonellales,909932,Negativicutes,1239,Bacillota,2,Bacteria
MC02708,Veillonella sp. oral taxon 780,671229,Bacillota,29465,Veillonella,31977,Veillonellaceae,1843489,Veillonellales,909932,Negativicutes,1239,Bacillota,2,Bacteria
MC00510,Veillonella sp. R-32,1291016,Bacillota,29465,Veillonella,31977,Veillonellaceae,1843489,Veillonellales,909932,Negativicutes,1239,Bacillota,2,Bacteria
MC00463,Veillonella tobetsuensis,1110546,Bacillota,29465,Veillonella,31977,Veillonellaceae,1843489,Veillonellales,909932,Negativicutes,1239,Bacillota,2,Bacteria
MC02709,Verrucomicrobia bacterium MS-F-88,579343,Verrucomicrobiota,.,.,.,.,.,.,.,.,74201,Verrucomicrobiota,2,Bacteria
MC01763,Verrucomicrobiales bacterium,2026801,Verrucomicrobiota,.,.,.,.,48461,Verrucomicrobiales,203494,Verrucomicrobiia,74201,Verrucomicrobiota,2,Bacteria
MC03090,Verrucomicrobium sp.,72225,Verrucomicrobiota,2735,Verrucomicrobium,203557,Verrucomicrobiaceae,48461,Verrucomicrobiales,203494,Verrucomicrobiia,74201,Verrucomicrobiota,2,Bacteria
MC03377,Verticillium sp.,2047679,Ascomycota,1036719,Verticillium,1033978,Plectosphaerellaceae,1028384,Glomerellales,147550,Sordariomycetes,4890,Ascomycota,451864,Dikarya
MC00047,Vibrio cholerae,666,Pseudomonadota,662,Vibrio,641,Vibrionaceae,135623,Vibrionales,1236,Gammaproteobacteria,1224,Pseudomonadota,2,Bacteria
MC00467,Vibrio fischeri,668,Pseudomonadota,511678,Aliivibrio,641,Vibrionaceae,135623,Vibrionales,1236,Gammaproteobacteria,1224,Pseudomonadota,2,Bacteria
MC01308,Vibrio furnissii,29494,Pseudomonadota,662,Vibrio,641,Vibrionaceae,135623,Vibrionales,1236,Gammaproteobacteria,1224,Pseudomonadota,2,Bacteria
MC01154,Vibrio sp.,678,Pseudomonadota,662,Vibrio,641,Vibrionaceae,135623,Vibrionales,1236,Gammaproteobacteria,1224,Pseudomonadota,2,Bacteria
MC00416,Vibrio vulnificus,672,Pseudomonadota,662,Vibrio,641,Vibrionaceae,135623,Vibrionales,1236,Gammaproteobacteria,1224,Pseudomonadota,2,Bacteria
MC02898,Vibrisseaceae sp.,2530097,Ascomycota,.,.,292493,Vibrisseaceae,5178,Helotiales,147548,Leotiomycetes,4890,Ascomycota,4751,Fungi
MC01613,Victivallis sp.,2049020,Lentisphaerota,172900,Victivallis,255528,Victivallaceae,278082,Victivallales,1313211,Lentisphaeria,256845,Lentisphaerota,2,Bacteria
MC00427,Victivallis vadensis,172901,Lentisphaerota,172900,Victivallis,255528,Victivallaceae,278082,Victivallales,1313211,Lentisphaeria,256845,Lentisphaerota,2,Bacteria
MC02917,Virgaviridae sp.,2795451,Kitrinoviricota,.,.,675071,Virgaviridae,2732544,Martellivirales,2732461,Alsuviricetes,2732406,Kitrinoviricota,2732396,Orthornavirae
MC00614,Virgibacillus sp.,1872700,Bacillota,84406,Virgibacillus,186817,Bacillaceae,1385,Bacillales,91061,Bacilli,1239,Bacillota,2,Bacteria
MC02710,Vishniacozyma victoriae,1895944,Basidiomycota,1891946,Vishniacozyma,1884640,Bulleribasidiaceae,5234,Tremellales,155616,Tremellomycetes,5204,Basidiomycota,4751,Fungi
MC02711,Vogesella perlucida,450366,Pseudomonadota,57739,Vogesella,1499392,Chromobacteriaceae,206351,Neisseriales,28216,Betaproteobacteria,1224,Pseudomonadota,2,Bacteria
MC03367,Vogesella sp.,1904252,Pseudomonadota,57739,Vogesella,1499392,Chromobacteriaceae,206351,Neisseriales,28216,Betaproteobacteria,1224,Pseudomonadota,2,Bacteria
MC00031,"VSL#3 (Alfasigma USA) probiotic (Streptococcus thermophiles, Bifidobacterium breve, longum and infantis, Lactobacillus paracasei, delbrueckii subsp. bulgaricus, acidophilus, and plantarum)",.,Probiotic mixture,.,.,.,.,.,.,.,.,.,.,.,.
MC02712,Wallemia mellicola,1708541,Basidiomycota,148959,Wallemia,431959,Wallemiaceae,431958,Wallemiales,431957,Wallemiomycetes,5204,Basidiomycota,4751,Fungi
MC03248,Wallemia sp.,1718873,Basidiomycota,148959,Wallemia,431959,Wallemiaceae,431958,Wallemiales,431957,Wallemiomycetes,5204,Basidiomycota,4751,Fungi
MC01773,Wautersiella sp.,1929438,Bacteroidota,343873,Wautersiella,2762318,Weeksellaceae,200644,Flavobacteriales,117743,Flavobacteriia,976,Bacteroidota,2,Bacteria
MC03249,Weeksella sp.,1161389,Bacteroidota,1013,Weeksella,2762318,Weeksellaceae,200644,Flavobacteriales,117743,Flavobacteriia,976,Bacteroidota,2,Bacteria
MC01341,Weissella cibaria,137591,Bacillota,46255,Weissella,33958,Lactobacillaceae,186826,Lactobacillales,91061,Bacilli,1239,Bacillota,2,Bacteria
MC00504,Weissella confusa,1583,Bacillota,46255,Weissella,33958,Lactobacillaceae,186826,Lactobacillales,91061,Bacilli,1239,Bacillota,2,Bacteria
MC00330,Weissella paramesenteroides,1249,Bacillota,46255,Weissella,33958,Lactobacillaceae,186826,Lactobacillales,91061,Bacilli,1239,Bacillota,2,Bacteria
MC01668,Weissella sp.,1896315,Bacillota,46255,Weissella,33958,Lactobacillaceae,186826,Lactobacillales,91061,Bacilli,1239,Bacillota,2,Bacteria
MC02713,Weissella viridescens,1629,Bacillota,46255,Weissella,33958,Lactobacillaceae,186826,Lactobacillales,91061,Bacilli,1239,Bacillota,2,Bacteria
MC02714,Wenyingzhuangia fucanilytica,1790137,Bacteroidota,1518147,Wenyingzhuangia,49546,Flavobacteriaceae,200644,Flavobacteriales,117743,Flavobacteriia,976,Bacteroidota,2,Bacteria
MC03242,Wenyingzhuangia sp.,1964193,Bacteroidota,1518147,Wenyingzhuangia,49546,Flavobacteriaceae,200644,Flavobacteriales,117743,Flavobacteriia,976,Bacteroidota,2,Bacteria
MC03221,Williamsia sp.,1872085,Actinomycetota,85043,Williamsia,85025,Nocardiaceae,85007,Mycobacteriales,1760,Actinomycetes,201174,Actinomycetota,2,Bacteria
MC02715,Winkia neuii,33007,Actinomycetota,2692118,Winkia,2049,Actinomycetaceae,2037,Actinomycetales,1760,Actinomycetes,201174,Actinomycetota,2,Bacteria
MC03263,Wolbachia sp.,956,Pseudomonadota,953,Wolbachia,942,Anaplasmataceae,766,Rickettsiales,28211,Alphaproteobacteria,1224,Pseudomonadota,2,Bacteria
MC03125,Wolinella sp.,270356,Campylobacterota,843,Wolinella,72293,Helicobacteraceae,213849,Campylobacterales,3031852,Epsilonproteobacteria,29547,Campylobacterota,2,Bacteria
MC00372,Wolinella succinogenes,844,Campylobacterota,843,Wolinella,72293,Helicobacteraceae,213849,Campylobacterales,3031852,Epsilonproteobacteria,29547,Campylobacterota,2,Bacteria
MC00401,Xanthobacter autotrophicus,280,Pseudomonadota,279,Xanthobacter,335928,Xanthobacteraceae,356,Hyphomicrobiales,28211,Alphaproteobacteria,1224,Pseudomonadota,2,Bacteria
MC01701,Xanthomonas euvesicatoria,456327,Pseudomonadota,338,Xanthomonas,32033,Lysobacteraceae,135614,Lysobacterales,1236,Gammaproteobacteria,1224,Pseudomonadota,2,Bacteria
MC01635,Xanthomonas sp.,29446,Pseudomonadota,338,Xanthomonas,32033,Lysobacteraceae,135614,Lysobacterales,1236,Gammaproteobacteria,1224,Pseudomonadota,2,Bacteria
MC01223,Xenorhabdus bovienii,40576,Pseudomonadota,626,Xenorhabdus,1903414,Morganellaceae,91347,Enterobacterales,1236,Gammaproteobacteria,1224,Pseudomonadota,2,Bacteria
MC01222,Xenorhabdus nematophila,628,Pseudomonadota,626,Xenorhabdus,1903414,Morganellaceae,91347,Enterobacterales,1236,Gammaproteobacteria,1224,Pseudomonadota,2,Bacteria
MC03181,Xenorhabdus sp.,51785,Pseudomonadota,626,Xenorhabdus,1903414,Morganellaceae,91347,Enterobacterales,1236,Gammaproteobacteria,1224,Pseudomonadota,2,Bacteria
MC02975,Xylaria sp.,1715255,Ascomycota,37991,Xylaria,37990,Xylariaceae,37989,Xylariales,147550,Sordariomycetes,4890,Ascomycota,451864,Dikarya
MC02779,Xylariales sp.,1756188,Ascomycota,.,.,.,.,37989,Xylariales,147550,Sordariomycetes,4890,Ascomycota,4751,Fungi
MC03312,Xylophilus sp.,2653893,Pseudomonadota,54066,Xylophilus,.,.,80840,Burkholderiales,28216,Betaproteobacteria,1224,Pseudomonadota,2,Bacteria
MC03314,Yaniella sp.,2773929,Actinomycetota,225447,Yaniella,1268,Micrococcaceae,85006,Micrococcales,1760,Actinomycetes,201174,Actinomycetota,2,Bacteria
MC01215,Yersinia enterocolitica,630,Pseudomonadota,629,Yersinia,1903411,Yersiniaceae,91347,Enterobacterales,1236,Gammaproteobacteria,1224,Pseudomonadota,2,Bacteria
MC03452,Yersinia sp.,454005,Pseudomonadota,629,Yersinia,1903411,Yersiniaceae,91347,Enterobacterales,1236,Gammaproteobacteria,1224,Pseudomonadota,2,Bacteria
MC03358,Yimella sp.,2133928,Actinomycetota,908935,Yimella,145357,Dermacoccaceae,85006,Micrococcales,1760,Actinomycetes,201174,Actinomycetota,2,Bacteria
MC03390,Youngiibacter sp.,2814028,Bacillota,1408818,Youngiibacter,31979,Clostridiaceae,186802,Eubacteriales,186801,Clostridia,1239,Bacillota,2,Bacteria
MC03171,Zhouia sp.,2133940,Bacteroidota,561555,Zhouia,49546,Flavobacteriaceae,200644,Flavobacteriales,117743,Flavobacteriia,976,Bacteroidota,2,Bacteria
